/*
MySQL Backup
Database: centralcar
Backup Time: 2018-07-22 23:53:30
*/

SET FOREIGN_KEY_CHECKS=0;
DROP TABLE IF EXISTS `centralcar`.`cl_anticipo_aplicacion`;
DROP TABLE IF EXISTS `centralcar`.`cl_anticipos`;
DROP TABLE IF EXISTS `centralcar`.`cl_cargos_directos`;
DROP TABLE IF EXISTS `centralcar`.`cl_cliente_operador`;
DROP TABLE IF EXISTS `centralcar`.`cl_clientes`;
DROP TABLE IF EXISTS `centralcar`.`cl_cobros`;
DROP TABLE IF EXISTS `centralcar`.`cl_datos_fiscales`;
DROP TABLE IF EXISTS `centralcar`.`cl_detalle_factura`;
DROP TABLE IF EXISTS `centralcar`.`cl_factura_formapago`;
DROP TABLE IF EXISTS `centralcar`.`cl_facturas`;
DROP TABLE IF EXISTS `centralcar`.`cl_movimientos_financieros`;
DROP TABLE IF EXISTS `centralcar`.`cl_pagos`;
DROP TABLE IF EXISTS `centralcar`.`cl_tarifas_clientes`;
DROP TABLE IF EXISTS `centralcar`.`cm_catalogo`;
DROP TABLE IF EXISTS `centralcar`.`cr_apartados`;
DROP TABLE IF EXISTS `centralcar`.`cr_bases`;
DROP TABLE IF EXISTS `centralcar`.`cr_bases_operador_unidad`;
DROP TABLE IF EXISTS `centralcar`.`cr_celulares`;
DROP TABLE IF EXISTS `centralcar`.`cr_cordon`;
DROP TABLE IF EXISTS `centralcar`.`cr_domicilios`;
DROP TABLE IF EXISTS `centralcar`.`cr_episodios`;
DROP TABLE IF EXISTS `centralcar`.`cr_horario_operador_unidad`;
DROP TABLE IF EXISTS `centralcar`.`cr_marcas`;
DROP TABLE IF EXISTS `centralcar`.`cr_modelos`;
DROP TABLE IF EXISTS `centralcar`.`cr_numeq`;
DROP TABLE IF EXISTS `centralcar`.`cr_operador`;
DROP TABLE IF EXISTS `centralcar`.`cr_operador_celular`;
DROP TABLE IF EXISTS `centralcar`.`cr_operador_numeq`;
DROP TABLE IF EXISTS `centralcar`.`cr_operador_unidad`;
DROP TABLE IF EXISTS `centralcar`.`cr_state`;
DROP TABLE IF EXISTS `centralcar`.`cr_telefonos`;
DROP TABLE IF EXISTS `centralcar`.`cr_unidades`;
DROP TABLE IF EXISTS `centralcar`.`fo_cobro_ingresos`;
DROP TABLE IF EXISTS `centralcar`.`fo_concepto_adeudo`;
DROP TABLE IF EXISTS `centralcar`.`fo_conceptos`;
DROP TABLE IF EXISTS `centralcar`.`fo_conceptos_aplicaciones`;
DROP TABLE IF EXISTS `centralcar`.`fo_ingresos`;
DROP TABLE IF EXISTS `centralcar`.`fo_movimientos`;
DROP TABLE IF EXISTS `centralcar`.`fo_operador_conceptos`;
DROP TABLE IF EXISTS `centralcar`.`fo_pagos_conceptos`;
DROP TABLE IF EXISTS `centralcar`.`fo_papeletas`;
DROP TABLE IF EXISTS `centralcar`.`fo_papeletas_viajes`;
DROP TABLE IF EXISTS `centralcar`.`fw_area`;
DROP TABLE IF EXISTS `centralcar`.`fw_config`;
DROP TABLE IF EXISTS `centralcar`.`fw_dac_acl`;
DROP TABLE IF EXISTS `centralcar`.`fw_login`;
DROP TABLE IF EXISTS `centralcar`.`fw_login_log`;
DROP TABLE IF EXISTS `centralcar`.`fw_lost_password`;
DROP TABLE IF EXISTS `centralcar`.`fw_metodos`;
DROP TABLE IF EXISTS `centralcar`.`fw_nivel`;
DROP TABLE IF EXISTS `centralcar`.`fw_permisos`;
DROP TABLE IF EXISTS `centralcar`.`fw_roles`;
DROP TABLE IF EXISTS `centralcar`.`fw_roles_alta`;
DROP TABLE IF EXISTS `centralcar`.`fw_ubicacion`;
DROP TABLE IF EXISTS `centralcar`.`fw_usuarios`;
DROP TABLE IF EXISTS `centralcar`.`fw_usuarios_config`;
DROP TABLE IF EXISTS `centralcar`.`it_cliente_destino`;
DROP TABLE IF EXISTS `centralcar`.`it_cliente_origen`;
DROP TABLE IF EXISTS `centralcar`.`it_destinos`;
DROP TABLE IF EXISTS `centralcar`.`it_direcciones`;
DROP TABLE IF EXISTS `centralcar`.`it_origenes`;
DROP TABLE IF EXISTS `centralcar`.`it_viaje_destino`;
DROP TABLE IF EXISTS `centralcar`.`vi_costos_adicionales`;
DROP TABLE IF EXISTS `centralcar`.`vi_viaje`;
DROP TABLE IF EXISTS `centralcar`.`vi_viaje_alternativas`;
DROP TABLE IF EXISTS `centralcar`.`vi_viaje_clientes`;
DROP TABLE IF EXISTS `centralcar`.`vi_viaje_detalle`;
DROP TABLE IF EXISTS `centralcar`.`vi_viaje_formapago`;
DROP TABLE IF EXISTS `centralcar`.`vi_viaje_incidencia`;
DROP TABLE IF EXISTS `centralcar`.`vi_viaje_statics`;
CREATE TABLE `cl_anticipo_aplicacion` (
  `id_anticipo_aplicacion` int(32) unsigned NOT NULL AUTO_INCREMENT,
  `id_anticipo` int(32) unsigned DEFAULT NULL,
  `id_pago` int(32) unsigned DEFAULT NULL,
  `monto` decimal(12,2) DEFAULT NULL,
  `id_factura` int(32) unsigned DEFAULT NULL,
  `parcial` int(1) DEFAULT NULL,
  `fecha_aplicacion` datetime DEFAULT NULL,
  `user_alta` int(32) DEFAULT NULL,
  `user_mod` int(32) DEFAULT NULL,
  `fecha_alta` datetime DEFAULT NULL,
  `fecha_mod` timestamp NULL DEFAULT CURRENT_TIMESTAMP ON UPDATE CURRENT_TIMESTAMP,
  PRIMARY KEY (`id_anticipo_aplicacion`) USING BTREE,
  KEY `fk_anticipo_aplicacion_ae_facturas_1` (`id_factura`) USING BTREE,
  KEY `fk_anticipo_aplicacion_anticipos_1` (`id_anticipo`) USING BTREE,
  KEY `fk_anticipo_aplicacion_pagos_1` (`id_pago`) USING BTREE,
  CONSTRAINT `fk_anticipo_aplicacion_anticipos_1` FOREIGN KEY (`id_anticipo`) REFERENCES `cl_anticipos` (`id_anticipo`),
  CONSTRAINT `fk_anticipo_aplicacion_pagos_1` FOREIGN KEY (`id_pago`) REFERENCES `cl_pagos` (`id_pago`)
) ENGINE=InnoDB DEFAULT CHARSET=utf8mb4 ROW_FORMAT=COMPACT;
CREATE TABLE `cl_anticipos` (
  `id_anticipo` int(32) unsigned NOT NULL AUTO_INCREMENT,
  `id_cliente` int(32) unsigned DEFAULT NULL,
  `monto` decimal(12,2) DEFAULT NULL,
  `saldo` decimal(12,2) DEFAULT NULL,
  `fecha_ingreso` datetime DEFAULT NULL,
  `finalizado` int(1) DEFAULT NULL,
  `user_alta` int(32) DEFAULT NULL,
  `user_mod` int(32) DEFAULT NULL,
  `fecha_alta` datetime DEFAULT NULL,
  `fecha_mod` timestamp NULL DEFAULT CURRENT_TIMESTAMP ON UPDATE CURRENT_TIMESTAMP,
  PRIMARY KEY (`id_anticipo`) USING BTREE,
  KEY `fk_anticipos_ae_clientes_1` (`id_cliente`) USING BTREE,
  CONSTRAINT `fk_anticipos_ae_clientes_1` FOREIGN KEY (`id_cliente`) REFERENCES `cl_clientes` (`id_cliente`)
) ENGINE=InnoDB DEFAULT CHARSET=utf8mb4 ROW_FORMAT=COMPACT;
CREATE TABLE `cl_cargos_directos` (
  `id_cargo_directo` int(32) unsigned NOT NULL AUTO_INCREMENT,
  `id_factura` int(32) unsigned DEFAULT NULL,
  `cantidad` decimal(10,0) DEFAULT NULL,
  `unidad` varchar(255) DEFAULT NULL,
  `concepto` text,
  `costo_unitario` decimal(12,2) DEFAULT NULL,
  `user_alta` int(32) DEFAULT NULL,
  `user_mod` int(32) DEFAULT NULL,
  `fecha_alta` datetime DEFAULT NULL,
  `fecha_mod` timestamp NULL DEFAULT CURRENT_TIMESTAMP ON UPDATE CURRENT_TIMESTAMP,
  PRIMARY KEY (`id_cargo_directo`) USING BTREE,
  KEY `fk_cl_cargos_directos_cl_facturas_1` (`id_factura`) USING BTREE,
  CONSTRAINT `fk_cl_cargos_directos_cl_facturas_1` FOREIGN KEY (`id_factura`) REFERENCES `cl_facturas` (`id_factura`)
) ENGINE=InnoDB DEFAULT CHARSET=utf8mb4 ROW_FORMAT=COMPACT;
CREATE TABLE `cl_cliente_operador` (
  `id_cliente_operador` int(32) unsigned NOT NULL AUTO_INCREMENT,
  `id_cliente` int(32) unsigned DEFAULT NULL,
  `id_operador` int(32) unsigned DEFAULT NULL,
  `user_alta` int(32) DEFAULT NULL,
  `user_mod` int(32) DEFAULT NULL,
  `fecha_alta` datetime DEFAULT NULL,
  `fecha_mod` timestamp NULL DEFAULT CURRENT_TIMESTAMP ON UPDATE CURRENT_TIMESTAMP,
  PRIMARY KEY (`id_cliente_operador`) USING BTREE,
  KEY `fk_ae_cliente_operador_ae_clientes_1` (`id_cliente`) USING BTREE,
  KEY `fk_ae_cliente_operador_ae_operador_1` (`id_operador`) USING BTREE,
  CONSTRAINT `fk_ae_cliente_operador_ae_clientes_1` FOREIGN KEY (`id_cliente`) REFERENCES `cl_clientes` (`id_cliente`),
  CONSTRAINT `fk_ae_cliente_operador_ae_operador_1` FOREIGN KEY (`id_operador`) REFERENCES `cr_operador` (`id_operador`)
) ENGINE=InnoDB DEFAULT CHARSET=utf8mb4 ROW_FORMAT=COMPACT;
CREATE TABLE `cl_clientes` (
  `id_cliente` int(32) unsigned NOT NULL AUTO_INCREMENT,
  `parent` int(32) unsigned DEFAULT NULL,
  `id_rol` int(32) unsigned DEFAULT NULL,
  `cat_tipocliente` int(32) unsigned DEFAULT NULL,
  `cat_statuscliente` int(32) unsigned DEFAULT NULL,
  `nombre` varchar(255) DEFAULT NULL,
  `user_alta` int(32) DEFAULT NULL,
  `user_mod` int(32) DEFAULT NULL,
  `fecha_alta` datetime DEFAULT NULL,
  `fecha_mod` timestamp NULL DEFAULT CURRENT_TIMESTAMP ON UPDATE CURRENT_TIMESTAMP,
  PRIMARY KEY (`id_cliente`) USING BTREE,
  KEY `fk_ae_clientes_ae_catalogo_2` (`cat_tipocliente`) USING BTREE,
  KEY `fk_cl_clientes_cl_clientes_1` (`parent`) USING BTREE,
  KEY `fk_cl_clientes_cm_catalogo_intermedio_1` (`cat_statuscliente`) USING BTREE,
  KEY `fk_cl_clientes_fw_roles_1` (`id_rol`) USING BTREE,
  CONSTRAINT `fk_ae_clientes_ae_catalogo_2` FOREIGN KEY (`cat_tipocliente`) REFERENCES `cm_catalogo` (`id_cat`),
  CONSTRAINT `fk_cl_clientes_fw_roles_1` FOREIGN KEY (`id_rol`) REFERENCES `fw_roles` (`id_rol`)
) ENGINE=InnoDB AUTO_INCREMENT=280 DEFAULT CHARSET=utf8mb4 ROW_FORMAT=COMPACT;
CREATE TABLE `cl_cobros` (
  `id_cobro` int(32) unsigned NOT NULL AUTO_INCREMENT,
  `concepto` varchar(255) DEFAULT NULL,
  `cantidad` decimal(12,2) DEFAULT NULL,
  `fecha` datetime DEFAULT NULL,
  `user_alta` int(32) DEFAULT NULL,
  `user_mod` int(32) DEFAULT NULL,
  `fecha_alta` datetime DEFAULT NULL,
  `fecha_mod` timestamp NULL DEFAULT CURRENT_TIMESTAMP ON UPDATE CURRENT_TIMESTAMP,
  PRIMARY KEY (`id_cobro`) USING BTREE
) ENGINE=InnoDB DEFAULT CHARSET=utf8mb4 ROW_FORMAT=COMPACT;
CREATE TABLE `cl_datos_fiscales` (
  `id_datos_fiscales` int(32) unsigned NOT NULL AUTO_INCREMENT,
  `id_cliente` int(32) unsigned DEFAULT NULL,
  `id_asentamiento` int(32) unsigned DEFAULT NULL,
  `predeterminar` int(1) DEFAULT '0',
  `eliminado` int(1) DEFAULT '0',
  `rfc` varchar(15) DEFAULT NULL,
  `calle` varchar(255) DEFAULT NULL,
  `num_ext` varchar(255) DEFAULT NULL,
  `num_int` varchar(255) DEFAULT NULL,
  `telefono` varchar(255) DEFAULT NULL,
  `celular` varchar(255) DEFAULT NULL,
  `correo` varchar(255) DEFAULT NULL,
  `user_alta` int(32) DEFAULT NULL,
  `user_mod` int(32) DEFAULT NULL,
  `fecha_alta` datetime DEFAULT NULL,
  `fecha_mod` timestamp NULL DEFAULT CURRENT_TIMESTAMP ON UPDATE CURRENT_TIMESTAMP,
  PRIMARY KEY (`id_datos_fiscales`) USING BTREE,
  KEY `fk_ae_datos_fiscales_ae_clientes_1` (`id_cliente`) USING BTREE,
  KEY `fk_cl_datos_fiscales_it_asentamientos_1` (`id_asentamiento`) USING BTREE,
  CONSTRAINT `fk_ae_datos_fiscales_ae_clientes_1` FOREIGN KEY (`id_cliente`) REFERENCES `cl_clientes` (`id_cliente`)
) ENGINE=InnoDB DEFAULT CHARSET=utf8mb4 ROW_FORMAT=COMPACT;
CREATE TABLE `cl_detalle_factura` (
  `id_detalle_factura` int(32) unsigned NOT NULL AUTO_INCREMENT,
  `id_factura` int(32) unsigned DEFAULT NULL,
  `user_alta` int(32) DEFAULT NULL,
  `user_mod` int(32) DEFAULT NULL,
  `fecha_alta` datetime DEFAULT NULL,
  `fecha_mod` timestamp NULL DEFAULT CURRENT_TIMESTAMP ON UPDATE CURRENT_TIMESTAMP,
  PRIMARY KEY (`id_detalle_factura`) USING BTREE,
  KEY `fk_ae_desglose_factura_ae_facturas_1` (`id_factura`) USING BTREE,
  KEY `id_detalle_factura` (`id_detalle_factura`),
  CONSTRAINT `fk_ae_desglose_factura_ae_facturas_1` FOREIGN KEY (`id_factura`) REFERENCES `cl_facturas` (`id_factura`)
) ENGINE=InnoDB DEFAULT CHARSET=utf8mb4 ROW_FORMAT=COMPACT;
CREATE TABLE `cl_factura_formapago` (
  `id_factura_formapago` int(32) unsigned NOT NULL AUTO_INCREMENT,
  `id_factura` int(32) unsigned DEFAULT NULL,
  `cat_formapago` int(32) unsigned DEFAULT NULL,
  `user_alta` int(32) DEFAULT NULL,
  `user_mod` int(32) DEFAULT NULL,
  `fecha_alta` datetime DEFAULT NULL,
  `fecha_mod` timestamp NULL DEFAULT CURRENT_TIMESTAMP ON UPDATE CURRENT_TIMESTAMP,
  PRIMARY KEY (`id_factura_formapago`) USING BTREE,
  KEY `fk_cl_factura_formapago_cl_facturas_1` (`id_factura`) USING BTREE,
  KEY `fk_cl_factura_formapago_cm_catalogo_1` (`cat_formapago`) USING BTREE,
  CONSTRAINT `fk_cl_factura_formapago_cl_facturas_1` FOREIGN KEY (`id_factura`) REFERENCES `cl_facturas` (`id_factura`),
  CONSTRAINT `fk_cl_factura_formapago_cm_catalogo_1` FOREIGN KEY (`cat_formapago`) REFERENCES `cm_catalogo` (`id_cat`)
) ENGINE=InnoDB DEFAULT CHARSET=utf8mb4 ROW_FORMAT=COMPACT;
CREATE TABLE `cl_facturas` (
  `id_factura` int(32) unsigned NOT NULL AUTO_INCREMENT,
  `id_cliente` int(32) unsigned DEFAULT NULL,
  `id_statusfactura` int(32) unsigned DEFAULT NULL,
  `id_datos_fiscales` int(32) unsigned DEFAULT NULL,
  `user_alta` int(32) DEFAULT NULL,
  `user_mod` int(32) DEFAULT NULL,
  `fecha_alta` datetime DEFAULT NULL,
  `fecha_mod` timestamp NULL DEFAULT CURRENT_TIMESTAMP ON UPDATE CURRENT_TIMESTAMP,
  PRIMARY KEY (`id_factura`) USING BTREE,
  KEY `fk_ae_facturas_ae_catalogo_1` (`id_statusfactura`) USING BTREE,
  KEY `fk_ae_facturas_ae_clientes_1` (`id_cliente`) USING BTREE,
  CONSTRAINT `fk_ae_facturas_ae_catalogo_1` FOREIGN KEY (`id_statusfactura`) REFERENCES `cm_catalogo` (`id_cat`),
  CONSTRAINT `fk_ae_facturas_ae_clientes_1` FOREIGN KEY (`id_cliente`) REFERENCES `cl_clientes` (`id_cliente`)
) ENGINE=InnoDB DEFAULT CHARSET=utf8mb4 ROW_FORMAT=COMPACT;
CREATE TABLE `cl_movimientos_financieros` (
  `id_movimiento_financiero` int(32) unsigned NOT NULL AUTO_INCREMENT,
  `id_cliente` int(32) unsigned DEFAULT NULL,
  `id_factura` int(32) unsigned DEFAULT NULL,
  `id_pago` int(32) unsigned DEFAULT NULL,
  `id_cobros` int(32) unsigned DEFAULT NULL,
  `saldo` decimal(12,2) DEFAULT NULL,
  `fecha` datetime DEFAULT NULL,
  `user_alta` int(32) DEFAULT NULL,
  `user_mod` int(32) DEFAULT NULL,
  `fecha_alta` datetime DEFAULT NULL,
  `fecha_mod` timestamp NULL DEFAULT CURRENT_TIMESTAMP ON UPDATE CURRENT_TIMESTAMP,
  PRIMARY KEY (`id_movimiento_financiero`) USING BTREE,
  KEY `fk_ae_movimientos_financieros_egreso_1` (`id_cobros`) USING BTREE,
  KEY `fk_ae_estados_financieros_ae_clientes_1` (`id_cliente`) USING BTREE,
  KEY `fk_ae_movimientos_financieros_ingreso_1` (`id_pago`) USING BTREE,
  KEY `fk_cl_movimientos_financieros_cl_facturas_1` (`id_factura`) USING BTREE,
  CONSTRAINT `fk_ae_estados_financieros_ae_clientes_1` FOREIGN KEY (`id_cliente`) REFERENCES `cl_clientes` (`id_cliente`),
  CONSTRAINT `fk_ae_movimientos_financieros_egreso_1` FOREIGN KEY (`id_cobros`) REFERENCES `cl_cobros` (`id_cobro`),
  CONSTRAINT `fk_ae_movimientos_financieros_ingreso_1` FOREIGN KEY (`id_pago`) REFERENCES `cl_pagos` (`id_pago`),
  CONSTRAINT `fk_cl_movimientos_financieros_cl_facturas_1` FOREIGN KEY (`id_factura`) REFERENCES `cl_facturas` (`id_factura`)
) ENGINE=InnoDB DEFAULT CHARSET=utf8mb4 ROW_FORMAT=COMPACT;
CREATE TABLE `cl_pagos` (
  `id_pago` int(32) unsigned NOT NULL AUTO_INCREMENT,
  `id_factura` int(32) unsigned DEFAULT NULL,
  `cat_tipo_pago` int(32) unsigned DEFAULT NULL,
  `concepto` varchar(255) DEFAULT NULL,
  `cantidad` decimal(12,2) DEFAULT NULL,
  `fecha` datetime DEFAULT NULL,
  `user_alta` int(32) DEFAULT NULL,
  `user_mod` int(32) DEFAULT NULL,
  `fecha_alta` datetime DEFAULT NULL,
  `fecha_mod` timestamp NULL DEFAULT CURRENT_TIMESTAMP ON UPDATE CURRENT_TIMESTAMP,
  PRIMARY KEY (`id_pago`) USING BTREE,
  KEY `fk_cl_pagos_cl_facturas_1` (`id_factura`) USING BTREE,
  KEY `fk_cl_pagos_cm_catalogo_1` (`cat_tipo_pago`) USING BTREE,
  CONSTRAINT `fk_cl_pagos_cl_facturas_1` FOREIGN KEY (`id_factura`) REFERENCES `cl_facturas` (`id_factura`),
  CONSTRAINT `fk_cl_pagos_cm_catalogo_1` FOREIGN KEY (`cat_tipo_pago`) REFERENCES `cm_catalogo` (`id_cat`)
) ENGINE=InnoDB DEFAULT CHARSET=utf8mb4 ROW_FORMAT=COMPACT;
CREATE TABLE `cl_tarifas_clientes` (
  `id_tarifa_cliente` int(32) unsigned NOT NULL AUTO_INCREMENT,
  `id_cliente` int(32) unsigned DEFAULT NULL,
  `costo_base` decimal(12,2) DEFAULT NULL,
  `km_adicional` decimal(12,2) DEFAULT NULL,
  `costo_base_venta` decimal(12,2) DEFAULT NULL,
  `km_adicional_venta` decimal(12,2) DEFAULT NULL,
  `descripcion` varchar(255) DEFAULT NULL,
  `nombre` varchar(255) DEFAULT NULL,
  `inicio_vigencia` datetime DEFAULT NULL,
  `fin_vigencia` datetime DEFAULT NULL,
  `cat_statustarifa` int(32) unsigned DEFAULT NULL,
  `cat_tipo_tarifa` int(32) unsigned DEFAULT NULL,
  `tabulado` int(1) DEFAULT NULL,
  `user_alta` int(32) DEFAULT NULL,
  `user_mod` int(32) DEFAULT NULL,
  `fecha_alta` datetime DEFAULT NULL,
  `fecha_mod` timestamp NULL DEFAULT CURRENT_TIMESTAMP ON UPDATE CURRENT_TIMESTAMP,
  PRIMARY KEY (`id_tarifa_cliente`) USING BTREE,
  KEY `fk_tarifas_ae_clientes_1` (`id_cliente`) USING BTREE,
  KEY `fk_cl_tarifas_clientes_cm_catalogo_1` (`cat_statustarifa`) USING BTREE,
  KEY `fk_cl_tarifas_clientes_cm_catalogo_2` (`cat_tipo_tarifa`) USING BTREE,
  CONSTRAINT `fk_cl_tarifas_clientes_cm_catalogo_1` FOREIGN KEY (`cat_statustarifa`) REFERENCES `cm_catalogo` (`id_cat`),
  CONSTRAINT `fk_cl_tarifas_clientes_cm_catalogo_2` FOREIGN KEY (`cat_tipo_tarifa`) REFERENCES `cm_catalogo` (`id_cat`),
  CONSTRAINT `fk_tarifas_ae_clientes_1` FOREIGN KEY (`id_cliente`) REFERENCES `cl_clientes` (`id_cliente`)
) ENGINE=InnoDB AUTO_INCREMENT=1055 DEFAULT CHARSET=utf8mb4 ROW_FORMAT=COMPACT;
CREATE TABLE `cm_catalogo` (
  `id_cat` int(32) unsigned NOT NULL AUTO_INCREMENT,
  `id_padre` int(32) unsigned DEFAULT NULL,
  `catalogo` varchar(100) DEFAULT NULL,
  `etiqueta` varchar(100) DEFAULT NULL,
  `activo` varchar(5) DEFAULT NULL,
  `orden` int(32) DEFAULT NULL,
  `valor` varchar(255) DEFAULT NULL,
  `user_alta` int(32) DEFAULT NULL,
  `user_mod` int(32) DEFAULT NULL,
  `fecha_alta` datetime DEFAULT NULL,
  `fecha_mod` timestamp NULL DEFAULT CURRENT_TIMESTAMP ON UPDATE CURRENT_TIMESTAMP,
  PRIMARY KEY (`id_cat`) USING BTREE,
  KEY `fk_cm_catalogo_cm_catalogo_1` (`id_padre`) USING BTREE,
  KEY `id_cat` (`id_cat`),
  KEY `id_cat_2` (`id_cat`),
  CONSTRAINT `fk_cm_catalogo_cm_catalogo_1` FOREIGN KEY (`id_padre`) REFERENCES `cm_catalogo` (`id_cat`)
) ENGINE=InnoDB AUTO_INCREMENT=270 DEFAULT CHARSET=utf8mb4 ROW_FORMAT=COMPACT;
CREATE TABLE `cr_apartados` (
  `id_apartados` int(32) unsigned NOT NULL AUTO_INCREMENT,
  `id_operador` int(32) unsigned DEFAULT NULL,
  `mensuales` int(8) DEFAULT NULL,
  `anuales` int(8) DEFAULT NULL,
  `totales` int(8) DEFAULT NULL,
  `hit_anual` int(8) DEFAULT NULL,
  `hit_total` int(8) DEFAULT NULL,
  `turnos_anuales` int(8) DEFAULT NULL,
  `turnos_totales` int(8) DEFAULT NULL,
  `user_alta` int(32) DEFAULT NULL,
  `user_mod` int(32) DEFAULT NULL,
  `fecha_alta` datetime DEFAULT NULL,
  `fecha_mod` timestamp NULL DEFAULT CURRENT_TIMESTAMP ON UPDATE CURRENT_TIMESTAMP,
  PRIMARY KEY (`id_apartados`) USING BTREE,
  KEY `fk_vi_apartados_cr_operador_1` (`id_operador`) USING BTREE,
  CONSTRAINT `fk_vi_apartados_cr_operador_1` FOREIGN KEY (`id_operador`) REFERENCES `cr_operador` (`id_operador`)
) ENGINE=InnoDB AUTO_INCREMENT=9 DEFAULT CHARSET=utf8mb4 ROW_FORMAT=COMPACT;
CREATE TABLE `cr_bases` (
  `id_base` int(32) unsigned NOT NULL AUTO_INCREMENT,
  `cat_tipobase` int(32) unsigned DEFAULT NULL,
  `descripcion` varchar(255) DEFAULT NULL,
  `ubicacion` varchar(255) DEFAULT NULL,
  `clave` varchar(3) DEFAULT NULL,
  `latitud` float(10,6) DEFAULT NULL,
  `longitud` float(10,6) DEFAULT NULL,
  `geocerca` text,
  `token_status` varchar(64) DEFAULT NULL,
  `user_alta` int(32) DEFAULT NULL,
  `user_mod` int(32) DEFAULT NULL,
  `fecha_alta` datetime DEFAULT NULL,
  `fecha_mod` timestamp NULL DEFAULT CURRENT_TIMESTAMP ON UPDATE CURRENT_TIMESTAMP,
  PRIMARY KEY (`id_base`) USING BTREE,
  KEY `fk_ae_bases_ae_catalogo_1` (`cat_tipobase`) USING BTREE,
  CONSTRAINT `fk_ae_bases_ae_catalogo_1` FOREIGN KEY (`cat_tipobase`) REFERENCES `cm_catalogo` (`id_cat`)
) ENGINE=InnoDB AUTO_INCREMENT=3 DEFAULT CHARSET=utf8mb4 ROW_FORMAT=COMPACT;
CREATE TABLE `cr_bases_operador_unidad` (
  `id_base_operador_unidad` int(32) unsigned NOT NULL AUTO_INCREMENT,
  `id_base` int(32) unsigned DEFAULT NULL,
  `id_operador_unidad` int(32) unsigned DEFAULT NULL,
  `user_alta` int(32) DEFAULT NULL,
  `user_mod` int(32) DEFAULT NULL,
  `fecha_alta` datetime DEFAULT NULL,
  `fecha_mod` timestamp NULL DEFAULT CURRENT_TIMESTAMP ON UPDATE CURRENT_TIMESTAMP,
  PRIMARY KEY (`id_base_operador_unidad`) USING BTREE,
  KEY `fk_ae_bases_operador_unidad_ae_operador_unidad_1` (`id_operador_unidad`) USING BTREE,
  KEY `fk_ae_bases_operador_unidad_ae_bases_1` (`id_base`) USING BTREE,
  CONSTRAINT `fk_ae_bases_operador_unidad_ae_bases_1` FOREIGN KEY (`id_base`) REFERENCES `cr_bases` (`id_base`),
  CONSTRAINT `fk_cr_bases_operador_unidad_cr_operador_unidad_1` FOREIGN KEY (`id_operador_unidad`) REFERENCES `cr_operador_unidad` (`id_operador_unidad`)
) ENGINE=InnoDB DEFAULT CHARSET=utf8mb4 ROW_FORMAT=COMPACT;
CREATE TABLE `cr_celulares` (
  `id_celular` int(32) unsigned NOT NULL AUTO_INCREMENT,
  `serie` varchar(32) DEFAULT NULL,
  `imei` varchar(32) DEFAULT NULL,
  `numero` decimal(10,0) DEFAULT NULL,
  `marcacion_corta` decimal(5,0) DEFAULT NULL,
  `marca` varchar(64) DEFAULT NULL,
  `modelo` varchar(64) DEFAULT NULL,
  `so` varchar(32) DEFAULT NULL,
  `version` varchar(16) DEFAULT NULL,
  `cat_status_celular` int(32) unsigned DEFAULT NULL,
  `sim` varchar(255) DEFAULT NULL,
  `externo` int(1) DEFAULT '0',
  `valor` decimal(9,2) DEFAULT NULL,
  `user_alta` int(32) DEFAULT NULL,
  `user_mod` int(32) DEFAULT NULL,
  `fecha_alta` datetime DEFAULT NULL,
  `fecha_mod` timestamp NULL DEFAULT CURRENT_TIMESTAMP ON UPDATE CURRENT_TIMESTAMP,
  PRIMARY KEY (`id_celular`) USING BTREE,
  KEY `fk_cr_celulares_cm_catalogo_1` (`cat_status_celular`) USING BTREE,
  CONSTRAINT `fk_cr_celulares_cm_catalogo_1` FOREIGN KEY (`cat_status_celular`) REFERENCES `cm_catalogo` (`id_cat`)
) ENGINE=InnoDB AUTO_INCREMENT=39 DEFAULT CHARSET=utf8mb4 ROW_FORMAT=COMPACT;
CREATE TABLE `cr_cordon` (
  `id_cordon` int(32) unsigned NOT NULL AUTO_INCREMENT,
  `id_operador_unidad` int(32) unsigned DEFAULT NULL,
  `id_episodio` int(32) unsigned DEFAULT NULL,
  `id_base` int(32) unsigned DEFAULT NULL,
  `cat_statuscordon` int(32) unsigned DEFAULT NULL,
  `llegada` datetime DEFAULT NULL,
  `salida` datetime DEFAULT NULL,
  `token` varchar(80) DEFAULT NULL,
  `user_alta` int(32) DEFAULT NULL,
  `user_mod` int(32) DEFAULT NULL,
  `fecha_alta` datetime DEFAULT NULL,
  `fecha_mod` timestamp NULL DEFAULT CURRENT_TIMESTAMP ON UPDATE CURRENT_TIMESTAMP,
  PRIMARY KEY (`id_cordon`) USING BTREE,
  UNIQUE KEY `token` (`token`) USING BTREE,
  KEY `fk_ae_cordon_ae_episodios_1` (`id_episodio`) USING BTREE,
  KEY `fk_ae_cordon_ae_bases_operador_unidad_1` (`id_operador_unidad`) USING BTREE,
  KEY `fk_ae_cordon_ae_catalogo_1` (`cat_statuscordon`) USING BTREE,
  KEY `fk_cr_cordon_cr_bases_1` (`id_base`) USING BTREE,
  KEY `id_cordon` (`id_cordon`),
  CONSTRAINT `fk_ae_cordon_ae_catalogo_1` FOREIGN KEY (`cat_statuscordon`) REFERENCES `cm_catalogo` (`id_cat`),
  CONSTRAINT `fk_ae_cordon_ae_episodios_1` FOREIGN KEY (`id_episodio`) REFERENCES `cr_episodios` (`id_episodio`),
  CONSTRAINT `fk_cr_cordon_cr_bases_1` FOREIGN KEY (`id_base`) REFERENCES `cr_bases` (`id_base`),
  CONSTRAINT `fk_cr_cordon_cr_operador_unidad_1` FOREIGN KEY (`id_operador_unidad`) REFERENCES `cr_operador_unidad` (`id_operador_unidad`)
) ENGINE=InnoDB AUTO_INCREMENT=37 DEFAULT CHARSET=utf8mb4 ROW_FORMAT=COMPACT;
CREATE TABLE `cr_domicilios` (
  `id_domicilio` int(32) unsigned NOT NULL AUTO_INCREMENT,
  `id_operador` int(32) unsigned DEFAULT NULL,
  `domicilio` text,
  `cat_tipodomicilio` int(32) unsigned DEFAULT NULL,
  `cat_statusdomicilio` int(32) unsigned DEFAULT NULL,
  `user_alta` int(32) DEFAULT NULL,
  `user_mod` int(32) DEFAULT NULL,
  `fecha_alta` datetime DEFAULT NULL,
  `fecha_mod` timestamp NULL DEFAULT CURRENT_TIMESTAMP ON UPDATE CURRENT_TIMESTAMP,
  PRIMARY KEY (`id_domicilio`) USING BTREE,
  KEY `fk_cr_domicilios_cr_operador_1` (`id_operador`) USING BTREE,
  CONSTRAINT `fk_cr_domicilios_cr_operador_1` FOREIGN KEY (`id_operador`) REFERENCES `cr_operador` (`id_operador`)
) ENGINE=InnoDB AUTO_INCREMENT=32 DEFAULT CHARSET=utf8mb4 ROW_FORMAT=COMPACT;
CREATE TABLE `cr_episodios` (
  `id_episodio` int(32) unsigned NOT NULL AUTO_INCREMENT,
  `id_operador` int(32) unsigned DEFAULT NULL,
  `inicio` datetime DEFAULT NULL,
  `fin` datetime DEFAULT NULL,
  `tiempo` time DEFAULT NULL,
  `session_id` varchar(64) DEFAULT NULL,
  `id_operador_unidad` int(32) unsigned DEFAULT NULL,
  `user_alta` int(32) DEFAULT NULL,
  `user_mod` int(32) DEFAULT NULL,
  `fecha_alta` datetime DEFAULT NULL,
  `fecha_mod` timestamp NULL DEFAULT CURRENT_TIMESTAMP ON UPDATE CURRENT_TIMESTAMP,
  PRIMARY KEY (`id_episodio`) USING BTREE,
  KEY `fk_ae_episodios_ae_operador_1` (`id_operador`) USING BTREE,
  KEY `id_episodio` (`id_episodio`),
  CONSTRAINT `fk_ae_episodios_ae_operador_1` FOREIGN KEY (`id_operador`) REFERENCES `cr_operador` (`id_operador`)
) ENGINE=InnoDB AUTO_INCREMENT=10 DEFAULT CHARSET=utf8mb4 ROW_FORMAT=COMPACT;
CREATE TABLE `cr_horario_operador_unidad` (
  `id_horario_operador_unidad` int(32) unsigned NOT NULL AUTO_INCREMENT,
  `id_operador_unidad` int(32) unsigned DEFAULT NULL,
  `id_horario_operador` int(32) unsigned DEFAULT NULL,
  `cat_horario` int(32) unsigned DEFAULT NULL,
  `user_alta` int(32) DEFAULT NULL,
  `user_mod` int(32) DEFAULT NULL,
  `fecha_alta` datetime DEFAULT NULL,
  `fecha_mod` timestamp NULL DEFAULT CURRENT_TIMESTAMP ON UPDATE CURRENT_TIMESTAMP,
  PRIMARY KEY (`id_horario_operador_unidad`) USING BTREE,
  KEY `fk_ae_horario_operador_unidad_ae_operador_unidad_1` (`id_operador_unidad`) USING BTREE,
  KEY `fk_ae_horario_operador_unidad_ae_catalogo_1` (`cat_horario`) USING BTREE,
  CONSTRAINT `fk_ae_horario_operador_unidad_ae_catalogo_1` FOREIGN KEY (`cat_horario`) REFERENCES `cm_catalogo` (`id_cat`),
  CONSTRAINT `fk_ae_horario_operador_unidad_ae_operador_unidad_1` FOREIGN KEY (`id_operador_unidad`) REFERENCES `cr_operador_unidad` (`id_operador_unidad`)
) ENGINE=InnoDB DEFAULT CHARSET=utf8mb4 ROW_FORMAT=COMPACT;
CREATE TABLE `cr_marcas` (
  `id_marca` int(32) unsigned NOT NULL AUTO_INCREMENT,
  `marca` varchar(255) DEFAULT NULL,
  `slug` varchar(255) DEFAULT NULL,
  `user_alta` int(32) DEFAULT NULL,
  `user_mod` int(32) DEFAULT NULL,
  `fecha_alta` datetime DEFAULT NULL,
  `fecha_mod` timestamp NULL DEFAULT CURRENT_TIMESTAMP ON UPDATE CURRENT_TIMESTAMP,
  PRIMARY KEY (`id_marca`) USING BTREE
) ENGINE=InnoDB AUTO_INCREMENT=65 DEFAULT CHARSET=utf8mb4 ROW_FORMAT=COMPACT;
CREATE TABLE `cr_modelos` (
  `id_modelo` int(32) unsigned NOT NULL AUTO_INCREMENT,
  `id_marca` varchar(255) DEFAULT NULL,
  `modelo` varchar(255) DEFAULT NULL,
  `slug` varchar(255) DEFAULT NULL,
  `user_alta` int(32) DEFAULT NULL,
  `user_mod` int(32) DEFAULT NULL,
  `fecha_alta` datetime DEFAULT NULL,
  `fecha_mod` timestamp NULL DEFAULT CURRENT_TIMESTAMP ON UPDATE CURRENT_TIMESTAMP,
  PRIMARY KEY (`id_modelo`) USING BTREE
) ENGINE=InnoDB AUTO_INCREMENT=822 DEFAULT CHARSET=utf8mb4 ROW_FORMAT=COMPACT;
CREATE TABLE `cr_numeq` (
  `id_numeq` int(32) unsigned NOT NULL AUTO_INCREMENT,
  `num` varchar(16) DEFAULT NULL,
  `eq_status` int(32) unsigned DEFAULT NULL,
  `user_alta` int(32) DEFAULT NULL,
  `user_mod` int(32) DEFAULT NULL,
  `fecha_alta` datetime DEFAULT NULL,
  `fecha_mod` timestamp NULL DEFAULT CURRENT_TIMESTAMP ON UPDATE CURRENT_TIMESTAMP,
  PRIMARY KEY (`id_numeq`) USING BTREE,
  KEY `fk_cr_numeq_cm_catalogo_1` (`eq_status`) USING BTREE,
  KEY `id_numeq` (`id_numeq`),
  CONSTRAINT `fk_cr_numeq_cm_catalogo_1` FOREIGN KEY (`eq_status`) REFERENCES `cm_catalogo` (`id_cat`)
) ENGINE=InnoDB AUTO_INCREMENT=1001 DEFAULT CHARSET=utf8mb4 ROW_FORMAT=COMPACT;
CREATE TABLE `cr_operador` (
  `id_operador` int(32) unsigned NOT NULL AUTO_INCREMENT,
  `id_usuario` int(32) unsigned DEFAULT NULL,
  `cat_statusoperador` int(32) unsigned DEFAULT NULL,
  `comision` decimal(5,2) DEFAULT NULL,
  `user_alta` int(32) DEFAULT NULL,
  `user_mod` int(32) DEFAULT NULL,
  `fecha_alta` datetime DEFAULT NULL,
  `fecha_mod` timestamp NULL DEFAULT CURRENT_TIMESTAMP ON UPDATE CURRENT_TIMESTAMP,
  PRIMARY KEY (`id_operador`) USING BTREE,
  KEY `fk_cr_operador_fw_usuarios_1` (`id_usuario`) USING BTREE,
  KEY `fk_ae_operador_ae_catalogo_1` (`cat_statusoperador`) USING BTREE,
  KEY `id_operador` (`id_operador`),
  KEY `id_operador_2` (`id_operador`),
  CONSTRAINT `fk_ae_operador_ae_catalogo_1` FOREIGN KEY (`cat_statusoperador`) REFERENCES `cm_catalogo` (`id_cat`),
  CONSTRAINT `fk_cr_operador_fw_usuarios_1` FOREIGN KEY (`id_usuario`) REFERENCES `fw_usuarios` (`id_usuario`)
) ENGINE=InnoDB AUTO_INCREMENT=38 DEFAULT CHARSET=utf8mb4 ROW_FORMAT=COMPACT;
CREATE TABLE `cr_operador_celular` (
  `id_operador_celular` int(32) unsigned NOT NULL AUTO_INCREMENT,
  `id_operador` int(32) unsigned DEFAULT NULL,
  `id_celular` int(32) unsigned DEFAULT NULL,
  `fecha_baja` datetime DEFAULT NULL,
  `cat_status_operador_celular` int(32) unsigned DEFAULT NULL,
  `user_alta` int(32) DEFAULT NULL,
  `user_mod` int(32) DEFAULT NULL,
  `fecha_alta` datetime DEFAULT NULL,
  `fecha_mod` timestamp NULL DEFAULT CURRENT_TIMESTAMP ON UPDATE CURRENT_TIMESTAMP,
  PRIMARY KEY (`id_operador_celular`) USING BTREE,
  KEY `fk_cr_operador_celular_celulares_1` (`id_celular`) USING BTREE,
  KEY `fk_cr_operador_celular_cm_catalogo_1` (`cat_status_operador_celular`) USING BTREE,
  KEY `fk_cr_operador_celular_cr_operador_1` (`id_operador`) USING BTREE,
  CONSTRAINT `fk_cr_operador_celular_celulares_1` FOREIGN KEY (`id_celular`) REFERENCES `cr_celulares` (`id_celular`),
  CONSTRAINT `fk_cr_operador_celular_cm_catalogo_1` FOREIGN KEY (`cat_status_operador_celular`) REFERENCES `cm_catalogo` (`id_cat`),
  CONSTRAINT `fk_cr_operador_celular_cr_operador_1` FOREIGN KEY (`id_operador`) REFERENCES `cr_operador` (`id_operador`)
) ENGINE=InnoDB AUTO_INCREMENT=36 DEFAULT CHARSET=utf8mb4 ROW_FORMAT=COMPACT;
CREATE TABLE `cr_operador_numeq` (
  `id_operador_numeq` int(32) unsigned NOT NULL AUTO_INCREMENT,
  `id_operador` int(32) unsigned DEFAULT NULL,
  `id_numeq` int(32) unsigned DEFAULT NULL,
  `cat_status_oper_numeq` int(32) unsigned DEFAULT NULL,
  `user_alta` int(32) DEFAULT NULL,
  `user_mod` int(32) DEFAULT NULL,
  `fecha_alta` datetime DEFAULT NULL,
  `fecha_mod` timestamp NULL DEFAULT CURRENT_TIMESTAMP ON UPDATE CURRENT_TIMESTAMP,
  PRIMARY KEY (`id_operador_numeq`) USING BTREE,
  KEY `fk_cr_operador_numeq_cm_catalogo_1` (`cat_status_oper_numeq`) USING BTREE,
  KEY `fk_ae_operador_numeq_ae_numeq_1` (`id_numeq`) USING BTREE,
  KEY `fk_ae_operador_numeq_ae_operador_1` (`id_operador`) USING BTREE,
  CONSTRAINT `fk_ae_operador_numeq_ae_numeq_1` FOREIGN KEY (`id_numeq`) REFERENCES `cr_numeq` (`id_numeq`),
  CONSTRAINT `fk_ae_operador_numeq_ae_operador_1` FOREIGN KEY (`id_operador`) REFERENCES `cr_operador` (`id_operador`),
  CONSTRAINT `fk_cr_operador_numeq_cm_catalogo_1` FOREIGN KEY (`cat_status_oper_numeq`) REFERENCES `cm_catalogo` (`id_cat`)
) ENGINE=InnoDB AUTO_INCREMENT=38 DEFAULT CHARSET=utf8mb4 ROW_FORMAT=COMPACT;
CREATE TABLE `cr_operador_unidad` (
  `id_operador_unidad` int(32) unsigned NOT NULL AUTO_INCREMENT,
  `id_operador` int(32) unsigned DEFAULT NULL,
  `id_unidad` int(32) unsigned DEFAULT NULL,
  `status_operador_unidad` int(32) unsigned DEFAULT NULL,
  `user_alta` int(32) DEFAULT NULL,
  `user_mod` int(32) DEFAULT NULL,
  `fecha_alta` datetime DEFAULT NULL,
  `fecha_mod` timestamp NULL DEFAULT CURRENT_TIMESTAMP ON UPDATE CURRENT_TIMESTAMP,
  PRIMARY KEY (`id_operador_unidad`) USING BTREE,
  KEY `fk_ae_operador_unidad_ae_operador_1` (`id_operador`) USING BTREE,
  KEY `fk_ae_operador_unidad_ae_unidades_1` (`id_unidad`) USING BTREE,
  KEY `fk_cr_operador_unidad_cm_catalogo_1` (`status_operador_unidad`) USING BTREE,
  CONSTRAINT `fk_ae_operador_unidad_ae_operador_1` FOREIGN KEY (`id_operador`) REFERENCES `cr_operador` (`id_operador`),
  CONSTRAINT `fk_ae_operador_unidad_ae_unidades_1` FOREIGN KEY (`id_unidad`) REFERENCES `cr_unidades` (`id_unidad`),
  CONSTRAINT `fk_cr_operador_unidad_cm_catalogo_1` FOREIGN KEY (`status_operador_unidad`) REFERENCES `cm_catalogo` (`id_cat`)
) ENGINE=InnoDB AUTO_INCREMENT=38 DEFAULT CHARSET=utf8mb4 ROW_FORMAT=COMPACT;
CREATE TABLE `cr_state` (
  `id_state` int(32) unsigned NOT NULL AUTO_INCREMENT,
  `id_operador` int(32) unsigned DEFAULT NULL,
  `id_operador_unidad` int(32) unsigned DEFAULT NULL,
  `id_episodio` int(32) unsigned DEFAULT NULL,
  `id_viaje` int(32) unsigned DEFAULT NULL,
  `numeq` int(7) DEFAULT NULL,
  `state` varchar(4) DEFAULT NULL,
  `flag1` varchar(4) DEFAULT NULL,
  `flag2` varchar(4) DEFAULT NULL,
  `flag3` varchar(4) DEFAULT NULL,
  `flag4` varchar(4) DEFAULT NULL,
  `motivo` varchar(255) DEFAULT NULL,
  `serie` varchar(32) DEFAULT NULL,
  `activo` int(1) DEFAULT NULL,
  `user_alta` int(32) DEFAULT NULL,
  `user_mod` int(32) DEFAULT NULL,
  `fecha_alta` datetime DEFAULT NULL,
  `fecha_mod` timestamp NULL DEFAULT CURRENT_TIMESTAMP ON UPDATE CURRENT_TIMESTAMP,
  PRIMARY KEY (`id_state`) USING BTREE,
  KEY `fk_cr_state_cr_episodios_1` (`id_episodio`) USING BTREE,
  KEY `fk_cr_state_cr_operador_1` (`id_operador`) USING BTREE,
  KEY `fk_cr_state_cr_operador_unidad_1` (`id_operador_unidad`) USING BTREE,
  KEY `fk_cr_state_vi_viaje_1` (`id_viaje`) USING BTREE,
  CONSTRAINT `fk_cr_state_cr_episodios_1` FOREIGN KEY (`id_episodio`) REFERENCES `cr_episodios` (`id_episodio`),
  CONSTRAINT `fk_cr_state_cr_operador_1` FOREIGN KEY (`id_operador`) REFERENCES `cr_operador` (`id_operador`),
  CONSTRAINT `fk_cr_state_cr_operador_unidad_1` FOREIGN KEY (`id_operador_unidad`) REFERENCES `cr_operador_unidad` (`id_operador_unidad`),
  CONSTRAINT `fk_cr_state_vi_viaje_1` FOREIGN KEY (`id_viaje`) REFERENCES `vi_viaje` (`id_viaje`)
) ENGINE=InnoDB AUTO_INCREMENT=243 DEFAULT CHARSET=utf8mb4 ROW_FORMAT=COMPACT;
CREATE TABLE `cr_telefonos` (
  `id_telefono` int(32) unsigned NOT NULL AUTO_INCREMENT,
  `id_operador` int(32) unsigned DEFAULT NULL,
  `numero` varchar(10) DEFAULT NULL,
  `cat_tipotelefono` int(32) unsigned DEFAULT NULL,
  `cat_statustelefono` int(32) unsigned DEFAULT NULL,
  `user_alta` int(32) DEFAULT NULL,
  `user_mod` int(32) DEFAULT NULL,
  `fecha_alta` datetime DEFAULT NULL,
  `fecha_mod` timestamp NULL DEFAULT CURRENT_TIMESTAMP ON UPDATE CURRENT_TIMESTAMP,
  PRIMARY KEY (`id_telefono`) USING BTREE,
  KEY `fk_cl_telefonos_cl_clientes_1` (`id_operador`) USING BTREE,
  CONSTRAINT `fk_cr_telefonos_cr_operador_1` FOREIGN KEY (`id_operador`) REFERENCES `cr_operador` (`id_operador`)
) ENGINE=InnoDB AUTO_INCREMENT=54 DEFAULT CHARSET=utf8 ROW_FORMAT=COMPACT;
CREATE TABLE `cr_unidades` (
  `id_unidad` int(32) unsigned NOT NULL AUTO_INCREMENT,
  `id_modelo` int(32) unsigned DEFAULT NULL,
  `id_marca` int(32) unsigned DEFAULT NULL,
  `year` varchar(5) DEFAULT NULL,
  `placas` varchar(10) DEFAULT NULL,
  `motor` varchar(64) DEFAULT NULL,
  `color` varchar(32) DEFAULT NULL,
  `cat_status_unidad` int(32) unsigned DEFAULT NULL,
  `user_alta` int(32) DEFAULT NULL,
  `user_mod` int(32) DEFAULT NULL,
  `fecha_alta` datetime DEFAULT NULL,
  `fecha_mod` timestamp NULL DEFAULT CURRENT_TIMESTAMP ON UPDATE CURRENT_TIMESTAMP,
  PRIMARY KEY (`id_unidad`) USING BTREE,
  KEY `fk_cr_unidades_cm_catalogo_1` (`cat_status_unidad`) USING BTREE,
  KEY `fk_cr_unidades_cr_marcas_1` (`id_marca`) USING BTREE,
  KEY `fk_cr_unidades_cr_modelos_1` (`id_modelo`) USING BTREE,
  CONSTRAINT `fk_cr_unidades_cm_catalogo_1` FOREIGN KEY (`cat_status_unidad`) REFERENCES `cm_catalogo` (`id_cat`),
  CONSTRAINT `fk_cr_unidades_cr_marcas_1` FOREIGN KEY (`id_marca`) REFERENCES `cr_marcas` (`id_marca`),
  CONSTRAINT `fk_cr_unidades_cr_modelos_1` FOREIGN KEY (`id_modelo`) REFERENCES `cr_modelos` (`id_modelo`)
) ENGINE=InnoDB AUTO_INCREMENT=38 DEFAULT CHARSET=utf8mb4 ROW_FORMAT=COMPACT;
CREATE TABLE `fo_cobro_ingresos` (
  `id_cobro_ingreso` int(32) unsigned NOT NULL AUTO_INCREMENT,
  `id_ingreso` int(32) unsigned DEFAULT NULL,
  `cat_tipo_pago` int(32) unsigned DEFAULT NULL,
  `monto` decimal(12,2) DEFAULT NULL,
  `fecha_cobro` datetime DEFAULT NULL,
  `user_alta` int(32) DEFAULT NULL,
  `user_mod` int(32) DEFAULT NULL,
  `fecha_alta` datetime DEFAULT NULL,
  `fecha_mod` timestamp NULL DEFAULT CURRENT_TIMESTAMP ON UPDATE CURRENT_TIMESTAMP,
  PRIMARY KEY (`id_cobro_ingreso`) USING BTREE,
  KEY `fk_cobro_ingresos_ingresos_1` (`id_ingreso`) USING BTREE,
  KEY `fk_fo_cobro_ingresos_cm_catalogo_1` (`cat_tipo_pago`) USING BTREE,
  CONSTRAINT `fk_cobro_ingresos_ingresos_1` FOREIGN KEY (`id_ingreso`) REFERENCES `fo_ingresos` (`id_ingreso`),
  CONSTRAINT `fk_fo_cobro_ingresos_cm_catalogo_1` FOREIGN KEY (`cat_tipo_pago`) REFERENCES `cm_catalogo` (`id_cat`)
) ENGINE=InnoDB DEFAULT CHARSET=utf8mb4 ROW_FORMAT=COMPACT;
CREATE TABLE `fo_concepto_adeudo` (
  `id_concepto_adeudo` int(32) unsigned NOT NULL AUTO_INCREMENT,
  `id_operador_conecepto` int(32) unsigned DEFAULT NULL,
  `cat_status_pago` int(32) unsigned DEFAULT NULL,
  `monto` decimal(12,2) DEFAULT NULL,
  `fecha_emision` varchar(255) DEFAULT NULL,
  `user_alta` int(32) DEFAULT NULL,
  `user_mod` int(32) DEFAULT NULL,
  `fecha_alta` datetime DEFAULT NULL,
  `fecha_mod` timestamp NULL DEFAULT CURRENT_TIMESTAMP ON UPDATE CURRENT_TIMESTAMP,
  PRIMARY KEY (`id_concepto_adeudo`) USING BTREE,
  KEY `fk_concepto_adeudo_operador_conceptos_1` (`id_operador_conecepto`) USING BTREE,
  KEY `fk_fo_concepto_adeudo_cm_catalogo_1` (`cat_status_pago`) USING BTREE,
  CONSTRAINT `fk_concepto_adeudo_operador_conceptos_1` FOREIGN KEY (`id_operador_conecepto`) REFERENCES `fo_operador_conceptos` (`id_operador_concepto`),
  CONSTRAINT `fk_fo_concepto_adeudo_cm_catalogo_1` FOREIGN KEY (`cat_status_pago`) REFERENCES `cm_catalogo` (`id_cat`)
) ENGINE=InnoDB DEFAULT CHARSET=utf8mb4 ROW_FORMAT=COMPACT;
CREATE TABLE `fo_conceptos` (
  `id_concepto` int(32) unsigned NOT NULL AUTO_INCREMENT,
  `cat_periodicidad` int(32) unsigned DEFAULT NULL,
  `cat_status_concepto` int(32) unsigned DEFAULT NULL,
  `concepto` varchar(64) DEFAULT NULL,
  `monto` decimal(12,2) DEFAULT NULL,
  `user_alta` int(32) DEFAULT NULL,
  `user_mod` int(32) DEFAULT NULL,
  `fecha_alta` datetime DEFAULT NULL,
  `fecha_mod` timestamp NULL DEFAULT CURRENT_TIMESTAMP ON UPDATE CURRENT_TIMESTAMP,
  PRIMARY KEY (`id_concepto`) USING BTREE,
  KEY `fk_fo_conceptos_cm_catalogo_1` (`cat_periodicidad`) USING BTREE,
  KEY `fk_fo_conceptos_cm_catalogo_2` (`cat_status_concepto`) USING BTREE,
  CONSTRAINT `fk_fo_conceptos_cm_catalogo_1` FOREIGN KEY (`cat_periodicidad`) REFERENCES `cm_catalogo` (`id_cat`),
  CONSTRAINT `fk_fo_conceptos_cm_catalogo_2` FOREIGN KEY (`cat_status_concepto`) REFERENCES `cm_catalogo` (`id_cat`)
) ENGINE=InnoDB DEFAULT CHARSET=utf8mb4 ROW_FORMAT=COMPACT;
CREATE TABLE `fo_conceptos_aplicaciones` (
  `id_concepto_aplicacion` int(32) unsigned NOT NULL AUTO_INCREMENT,
  `id_concepto` int(32) unsigned DEFAULT NULL,
  `fecha_aplicacion` date DEFAULT NULL,
  `adeudos_generados` int(6) DEFAULT NULL,
  `monto_generado` decimal(9,2) DEFAULT NULL,
  `user_alta` int(32) DEFAULT '1',
  `user_mod` int(32) DEFAULT '1',
  `fecha_alta` timestamp NULL DEFAULT CURRENT_TIMESTAMP ON UPDATE CURRENT_TIMESTAMP,
  `fecha_mod` timestamp NULL DEFAULT CURRENT_TIMESTAMP ON UPDATE CURRENT_TIMESTAMP,
  PRIMARY KEY (`id_concepto_aplicacion`) USING BTREE,
  KEY `fk_conceptos_aplicaciones_conceptos_1` (`id_concepto`) USING BTREE,
  CONSTRAINT `fk_conceptos_aplicaciones_conceptos_1` FOREIGN KEY (`id_concepto`) REFERENCES `fo_conceptos` (`id_concepto`)
) ENGINE=InnoDB DEFAULT CHARSET=utf8mb4 ROW_FORMAT=COMPACT;
CREATE TABLE `fo_ingresos` (
  `id_ingreso` int(32) unsigned NOT NULL AUTO_INCREMENT,
  `id_operador` int(32) unsigned DEFAULT NULL,
  `id_viaje` int(32) unsigned DEFAULT NULL,
  `cat_status_pago` int(32) unsigned DEFAULT NULL,
  `monto` decimal(12,2) DEFAULT NULL,
  `ad_cgravamen` decimal(12,2) DEFAULT NULL,
  `ad_sgravamen` decimal(12,2) DEFAULT NULL,
  `comision` decimal(8,2) DEFAULT NULL,
  `neto` decimal(12,2) DEFAULT NULL,
  `user_alta` int(32) DEFAULT NULL,
  `user_mod` int(32) DEFAULT NULL,
  `fecha_alta` datetime DEFAULT NULL,
  `fecha_mod` timestamp NULL DEFAULT CURRENT_TIMESTAMP ON UPDATE CURRENT_TIMESTAMP,
  PRIMARY KEY (`id_ingreso`) USING BTREE,
  KEY `fk_ingresos_ae_operador_1` (`id_operador`) USING BTREE,
  KEY `fk_ingresos_ae_viaje_1` (`id_viaje`) USING BTREE,
  KEY `fk_fo_ingresos_cm_catalogo_1` (`cat_status_pago`) USING BTREE,
  CONSTRAINT `fk_fo_ingresos_cm_catalogo_1` FOREIGN KEY (`cat_status_pago`) REFERENCES `cm_catalogo` (`id_cat`),
  CONSTRAINT `fk_ingresos_ae_operador_1` FOREIGN KEY (`id_operador`) REFERENCES `cr_operador` (`id_operador`),
  CONSTRAINT `fk_ingresos_ae_viaje_1` FOREIGN KEY (`id_viaje`) REFERENCES `vi_viaje` (`id_viaje`)
) ENGINE=InnoDB AUTO_INCREMENT=28 DEFAULT CHARSET=utf8mb4 ROW_FORMAT=COMPACT;
CREATE TABLE `fo_movimientos` (
  `id_movimiento` int(32) unsigned NOT NULL AUTO_INCREMENT,
  `id_operador` int(32) unsigned DEFAULT NULL,
  `id_cobro_ingreso` int(32) unsigned DEFAULT NULL,
  `id_pago_concepto` int(32) unsigned DEFAULT NULL,
  `ingreso` decimal(12,2) DEFAULT NULL,
  `egreso` decimal(12,2) DEFAULT NULL,
  `saldo` decimal(12,2) DEFAULT NULL,
  `user_alta` int(32) DEFAULT NULL,
  `user_mod` int(32) DEFAULT NULL,
  `fecha_alta` datetime DEFAULT NULL,
  `fecha_mod` timestamp NULL DEFAULT CURRENT_TIMESTAMP ON UPDATE CURRENT_TIMESTAMP,
  PRIMARY KEY (`id_movimiento`) USING BTREE,
  KEY `fk_movimientos_cobro_ingresos_1` (`id_cobro_ingreso`) USING BTREE,
  KEY `fk_movimientos_pagos_conceptos_1` (`id_pago_concepto`) USING BTREE,
  KEY `fk_fo_movimientos_cr_operador_1` (`id_operador`) USING BTREE,
  CONSTRAINT `fk_fo_movimientos_cr_operador_1` FOREIGN KEY (`id_operador`) REFERENCES `cr_operador` (`id_operador`),
  CONSTRAINT `fk_movimientos_cobro_ingresos_1` FOREIGN KEY (`id_cobro_ingreso`) REFERENCES `fo_cobro_ingresos` (`id_cobro_ingreso`),
  CONSTRAINT `fk_movimientos_pagos_conceptos_1` FOREIGN KEY (`id_pago_concepto`) REFERENCES `fo_pagos_conceptos` (`id_pago_concepto`)
) ENGINE=InnoDB DEFAULT CHARSET=utf8mb4 ROW_FORMAT=COMPACT;
CREATE TABLE `fo_operador_conceptos` (
  `id_operador_concepto` int(32) unsigned NOT NULL AUTO_INCREMENT,
  `id_operador` int(32) unsigned DEFAULT NULL,
  `id_concepto` int(32) unsigned DEFAULT NULL,
  `cat_status_concepto` int(32) unsigned DEFAULT NULL,
  `inicio_cobranza` datetime DEFAULT NULL,
  `user_alta` int(32) DEFAULT NULL,
  `user_mod` int(32) DEFAULT NULL,
  `fecha_alta` datetime DEFAULT NULL,
  `fecha_mod` timestamp NULL DEFAULT CURRENT_TIMESTAMP ON UPDATE CURRENT_TIMESTAMP,
  PRIMARY KEY (`id_operador_concepto`) USING BTREE,
  KEY `fk_operador_conceptos_conceptos_1` (`id_concepto`) USING BTREE,
  KEY `fk_operador_conceptos_ae_operador_1` (`id_operador`) USING BTREE,
  KEY `fk_fo_operador_conceptos_cm_catalogo_1` (`cat_status_concepto`) USING BTREE,
  CONSTRAINT `fk_fo_operador_conceptos_cm_catalogo_1` FOREIGN KEY (`cat_status_concepto`) REFERENCES `cm_catalogo` (`id_cat`),
  CONSTRAINT `fk_operador_conceptos_ae_operador_1` FOREIGN KEY (`id_operador`) REFERENCES `cr_operador` (`id_operador`),
  CONSTRAINT `fk_operador_conceptos_conceptos_1` FOREIGN KEY (`id_concepto`) REFERENCES `fo_conceptos` (`id_concepto`)
) ENGINE=InnoDB DEFAULT CHARSET=utf8mb4 ROW_FORMAT=COMPACT;
CREATE TABLE `fo_pagos_conceptos` (
  `id_pago_concepto` int(32) unsigned NOT NULL AUTO_INCREMENT,
  `id_concepto_adeudo` int(32) unsigned DEFAULT NULL,
  `cat_tipo_pago` varchar(64) DEFAULT NULL,
  `monto` decimal(12,2) DEFAULT NULL,
  `fecha_pago` datetime DEFAULT NULL,
  `user_alta` int(32) DEFAULT NULL,
  `user_mod` int(32) DEFAULT NULL,
  `fecha_alta` datetime DEFAULT NULL,
  `fecha_mod` timestamp NULL DEFAULT CURRENT_TIMESTAMP ON UPDATE CURRENT_TIMESTAMP,
  PRIMARY KEY (`id_pago_concepto`) USING BTREE,
  KEY `fk_pagos_conceptos_concepto_adeudo_1` (`id_concepto_adeudo`) USING BTREE,
  CONSTRAINT `fk_pagos_conceptos_concepto_adeudo_1` FOREIGN KEY (`id_concepto_adeudo`) REFERENCES `fo_concepto_adeudo` (`id_concepto_adeudo`)
) ENGINE=InnoDB DEFAULT CHARSET=utf8mb4 ROW_FORMAT=COMPACT;
CREATE TABLE `fo_papeletas` (
  `id_papeletas` int(32) unsigned NOT NULL AUTO_INCREMENT,
  `id_operador` int(32) unsigned DEFAULT NULL,
  `url` varchar(255) DEFAULT NULL,
  `user_alta` int(32) DEFAULT NULL,
  `user_mod` int(32) DEFAULT NULL,
  `fecha_alta` datetime DEFAULT NULL,
  `fecha_mod` timestamp NULL DEFAULT CURRENT_TIMESTAMP ON UPDATE CURRENT_TIMESTAMP,
  PRIMARY KEY (`id_papeletas`) USING BTREE,
  KEY `fk_fo_papeletas_cr_operador_1` (`id_operador`) USING BTREE,
  CONSTRAINT `fk_fo_papeletas_cr_operador_1` FOREIGN KEY (`id_operador`) REFERENCES `cr_operador` (`id_operador`)
) ENGINE=InnoDB DEFAULT CHARSET=utf8mb4 ROW_FORMAT=COMPACT;
CREATE TABLE `fo_papeletas_viajes` (
  `id_papeletas_viajes` int(32) unsigned NOT NULL AUTO_INCREMENT,
  `id_papeletas` int(32) unsigned DEFAULT NULL,
  `id_viaje` int(32) unsigned DEFAULT NULL,
  `user_alta` int(32) DEFAULT NULL,
  `user_mod` int(32) DEFAULT NULL,
  `fecha_alta` datetime DEFAULT NULL,
  `fecha_mod` timestamp NULL DEFAULT CURRENT_TIMESTAMP ON UPDATE CURRENT_TIMESTAMP,
  PRIMARY KEY (`id_papeletas_viajes`) USING BTREE,
  KEY `fk_fo_papeletas_viajes_fo_papeletas_1` (`id_papeletas`) USING BTREE,
  KEY `fk_fo_papeletas_viajes_vi_viaje_1` (`id_viaje`) USING BTREE,
  CONSTRAINT `fk_fo_papeletas_viajes_fo_papeletas_1` FOREIGN KEY (`id_papeletas`) REFERENCES `fo_papeletas` (`id_papeletas`),
  CONSTRAINT `fk_fo_papeletas_viajes_vi_viaje_1` FOREIGN KEY (`id_viaje`) REFERENCES `vi_viaje` (`id_viaje`)
) ENGINE=InnoDB DEFAULT CHARSET=utf8mb4 ROW_FORMAT=COMPACT;
CREATE TABLE `fw_area` (
  `id_area` int(32) unsigned NOT NULL AUTO_INCREMENT,
  `id_ubicacion` int(32) unsigned DEFAULT NULL,
  `cat_status` int(32) unsigned DEFAULT NULL,
  `area_area` varchar(100) DEFAULT NULL,
  `user_alta` int(32) DEFAULT NULL,
  `user_mod` int(32) DEFAULT NULL,
  `fecha_alta` datetime DEFAULT NULL,
  `fecha_mod` timestamp NULL DEFAULT CURRENT_TIMESTAMP ON UPDATE CURRENT_TIMESTAMP,
  PRIMARY KEY (`id_area`) USING BTREE,
  KEY `fk_area_ubicacion_1` (`id_ubicacion`) USING BTREE,
  KEY `fk_area_ae_catalogo_1` (`cat_status`) USING BTREE,
  CONSTRAINT `fk_area_ae_catalogo_1` FOREIGN KEY (`cat_status`) REFERENCES `cm_catalogo` (`id_cat`),
  CONSTRAINT `fk_area_ubicacion_1` FOREIGN KEY (`id_ubicacion`) REFERENCES `fw_ubicacion` (`id_ubicacion`)
) ENGINE=InnoDB DEFAULT CHARSET=utf8mb4 ROW_FORMAT=COMPACT;
CREATE TABLE `fw_config` (
  `id_config` int(32) unsigned NOT NULL AUTO_INCREMENT,
  `id_site` int(32) unsigned DEFAULT NULL,
  `descripcion` varchar(64) DEFAULT NULL,
  `valor` varchar(16) DEFAULT NULL,
  `tmp_val` varchar(16) DEFAULT NULL,
  `data` text,
  `user_alta` int(32) DEFAULT NULL,
  `user_mod` int(32) DEFAULT NULL,
  `fecha_alta` datetime DEFAULT NULL,
  `fecha_mod` timestamp NULL DEFAULT CURRENT_TIMESTAMP ON UPDATE CURRENT_TIMESTAMP,
  PRIMARY KEY (`id_config`) USING BTREE
) ENGINE=InnoDB AUTO_INCREMENT=13 DEFAULT CHARSET=utf8mb4 ROW_FORMAT=COMPACT;
CREATE TABLE `fw_dac_acl` (
  `id_dac_acl` int(32) unsigned NOT NULL AUTO_INCREMENT,
  `id_usuario` int(32) unsigned DEFAULT NULL,
  `tercio` varchar(255) DEFAULT NULL,
  `user_alta` int(32) DEFAULT NULL,
  `user_mod` int(32) DEFAULT NULL,
  `fecha_alta` datetime DEFAULT NULL,
  `fecha_mod` timestamp NULL DEFAULT CURRENT_TIMESTAMP ON UPDATE CURRENT_TIMESTAMP,
  PRIMARY KEY (`id_dac_acl`) USING BTREE,
  KEY `fk_dac_acl_usuarios_1` (`id_usuario`) USING BTREE,
  CONSTRAINT `fk_dac_acl_usuarios_1` FOREIGN KEY (`id_usuario`) REFERENCES `fw_usuarios` (`id_usuario`)
) ENGINE=InnoDB DEFAULT CHARSET=utf8mb4 ROW_FORMAT=COMPACT;
CREATE TABLE `fw_login` (
  `id_login` int(32) unsigned NOT NULL AUTO_INCREMENT,
  `id_usuario` int(32) unsigned DEFAULT NULL,
  `session_id` varchar(32) DEFAULT NULL,
  `open` int(1) DEFAULT NULL,
  `fecha_login` datetime DEFAULT NULL,
  `ultima_verificacion` datetime DEFAULT NULL,
  `fecha_logout` datetime DEFAULT NULL,
  `tiempo_session` varchar(19) DEFAULT NULL,
  `ipv4` varchar(15) DEFAULT NULL,
  `ipv6` varchar(42) DEFAULT NULL,
  `user_alta` int(32) DEFAULT NULL,
  `user_mod` int(32) DEFAULT NULL,
  `fecha_alta` datetime DEFAULT NULL,
  `fecha_mod` timestamp NULL DEFAULT CURRENT_TIMESTAMP ON UPDATE CURRENT_TIMESTAMP,
  PRIMARY KEY (`id_login`) USING BTREE,
  KEY `fk_fw_login_fw_usuarios_1` (`id_usuario`) USING BTREE,
  CONSTRAINT `fk_fw_login_fw_usuarios_1` FOREIGN KEY (`id_usuario`) REFERENCES `fw_usuarios` (`id_usuario`)
) ENGINE=InnoDB AUTO_INCREMENT=51 DEFAULT CHARSET=utf8mb4 ROW_FORMAT=DYNAMIC;
CREATE TABLE `fw_login_log` (
  `id_login_log` int(32) unsigned NOT NULL AUTO_INCREMENT,
  `id_usuario` int(32) unsigned DEFAULT NULL,
  `ip` varchar(15) DEFAULT NULL,
  `fecha` datetime DEFAULT NULL ON UPDATE CURRENT_TIMESTAMP,
  `intentos` varchar(3) DEFAULT NULL,
  PRIMARY KEY (`id_login_log`) USING BTREE,
  KEY `fk_login_log_usuarios_1` (`id_usuario`) USING BTREE,
  CONSTRAINT `fk_fw_login_log_fw_usuarios_1` FOREIGN KEY (`id_usuario`) REFERENCES `fw_usuarios` (`id_usuario`)
) ENGINE=InnoDB AUTO_INCREMENT=5 DEFAULT CHARSET=utf8mb4 ROW_FORMAT=DYNAMIC;
CREATE TABLE `fw_lost_password` (
  `id_lost` int(32) unsigned NOT NULL AUTO_INCREMENT,
  `token` varchar(80) DEFAULT NULL,
  `id_usuario` int(32) unsigned DEFAULT NULL,
  `correo` varchar(64) DEFAULT NULL,
  `cat_status` int(32) unsigned DEFAULT NULL,
  `user_alta` int(32) DEFAULT NULL,
  `user_mod` int(32) DEFAULT NULL,
  `fecha_alta` datetime DEFAULT NULL,
  `fecha_mod` timestamp NULL DEFAULT CURRENT_TIMESTAMP ON UPDATE CURRENT_TIMESTAMP,
  PRIMARY KEY (`id_lost`) USING BTREE,
  KEY `fk_lost_password_usuarios_1` (`id_usuario`) USING BTREE,
  KEY `fk_lost_password_ae_catalogo_1` (`cat_status`) USING BTREE,
  CONSTRAINT `fk_lost_password_ae_catalogo_1` FOREIGN KEY (`cat_status`) REFERENCES `cm_catalogo` (`id_cat`),
  CONSTRAINT `fk_lost_password_usuarios_1` FOREIGN KEY (`id_usuario`) REFERENCES `fw_usuarios` (`id_usuario`)
) ENGINE=InnoDB DEFAULT CHARSET=utf8mb4 ROW_FORMAT=COMPACT;
CREATE TABLE `fw_metodos` (
  `id_metodo` int(32) unsigned NOT NULL AUTO_INCREMENT,
  `controlador` varchar(255) DEFAULT NULL,
  `metodo` varchar(255) DEFAULT NULL,
  `nombre` varchar(255) DEFAULT NULL,
  `descripcion` longtext,
  `user_alta` int(32) DEFAULT NULL,
  `user_mod` int(32) DEFAULT NULL,
  `fecha_alta` datetime DEFAULT NULL,
  `fecha_mod` timestamp NULL DEFAULT CURRENT_TIMESTAMP ON UPDATE CURRENT_TIMESTAMP,
  PRIMARY KEY (`id_metodo`) USING BTREE
) ENGINE=InnoDB AUTO_INCREMENT=156 DEFAULT CHARSET=utf8mb4 ROW_FORMAT=COMPACT;
CREATE TABLE `fw_nivel` (
  `id_nivel` int(32) unsigned NOT NULL AUTO_INCREMENT,
  `id_origen` int(32) unsigned DEFAULT NULL,
  `origen` varchar(255) DEFAULT NULL,
  `nivel` int(2) DEFAULT NULL,
  `n0` int(32) DEFAULT '0',
  `n1` int(32) DEFAULT '0',
  `n2` int(32) DEFAULT '0',
  `n3` int(32) DEFAULT '0',
  `n4` int(32) DEFAULT '0',
  `n5` int(32) DEFAULT '0',
  `n6` int(32) DEFAULT '0',
  `n7` int(32) DEFAULT '0',
  `n8` int(32) DEFAULT '0',
  `n9` int(32) DEFAULT '0',
  `user_alta` int(32) DEFAULT NULL,
  `user_mod` int(32) DEFAULT NULL,
  `fecha_alta` datetime DEFAULT NULL,
  `fecha_mod` timestamp NULL DEFAULT CURRENT_TIMESTAMP ON UPDATE CURRENT_TIMESTAMP,
  PRIMARY KEY (`id_nivel`) USING BTREE,
  KEY `fk_nivel_area_1` (`id_origen`) USING BTREE
) ENGINE=InnoDB AUTO_INCREMENT=280 DEFAULT CHARSET=utf8mb4 ROW_FORMAT=COMPACT;
CREATE TABLE `fw_permisos` (
  `id_permiso` int(32) unsigned NOT NULL AUTO_INCREMENT,
  `id_metodo` int(32) unsigned DEFAULT NULL,
  `id_rol` int(32) unsigned DEFAULT NULL,
  `user_alta` int(32) DEFAULT NULL,
  `user_mod` int(32) DEFAULT NULL,
  `fecha_alta` datetime DEFAULT NULL,
  `fecha_mod` timestamp NULL DEFAULT CURRENT_TIMESTAMP ON UPDATE CURRENT_TIMESTAMP,
  PRIMARY KEY (`id_permiso`) USING BTREE,
  KEY `fk_permisos_roles_1` (`id_rol`) USING BTREE,
  KEY `fk_permisos_metodos_1` (`id_metodo`) USING BTREE,
  CONSTRAINT `fk_permisos_metodos_1` FOREIGN KEY (`id_metodo`) REFERENCES `fw_metodos` (`id_metodo`),
  CONSTRAINT `fk_permisos_roles_1` FOREIGN KEY (`id_rol`) REFERENCES `fw_roles` (`id_rol`)
) ENGINE=InnoDB AUTO_INCREMENT=1169 DEFAULT CHARSET=utf8mb4 ROW_FORMAT=COMPACT;
CREATE TABLE `fw_roles` (
  `id_rol` int(32) unsigned NOT NULL AUTO_INCREMENT,
  `cat_tiporol` int(32) unsigned DEFAULT NULL,
  `descripcion` varchar(255) DEFAULT NULL,
  `user_alta` int(32) DEFAULT NULL,
  `user_mod` int(32) DEFAULT NULL,
  `fecha_alta` datetime DEFAULT NULL,
  `fecha_mod` timestamp NULL DEFAULT CURRENT_TIMESTAMP ON UPDATE CURRENT_TIMESTAMP,
  PRIMARY KEY (`id_rol`) USING BTREE,
  KEY `fk_fw_roles_cm_catalogo_1` (`cat_tiporol`) USING BTREE,
  CONSTRAINT `fk_fw_roles_cm_catalogo_1` FOREIGN KEY (`cat_tiporol`) REFERENCES `cm_catalogo` (`id_cat`)
) ENGINE=InnoDB AUTO_INCREMENT=12 DEFAULT CHARSET=utf8mb4 ROW_FORMAT=COMPACT;
CREATE TABLE `fw_roles_alta` (
  `id_rol_alta` int(32) unsigned NOT NULL AUTO_INCREMENT,
  `id_rol` int(32) unsigned DEFAULT NULL,
  `access` int(32) unsigned DEFAULT NULL,
  `user_alta` int(32) DEFAULT NULL,
  `user_mod` int(32) DEFAULT NULL,
  `fecha_alta` datetime DEFAULT NULL,
  `fecha_mod` timestamp NULL DEFAULT CURRENT_TIMESTAMP ON UPDATE CURRENT_TIMESTAMP,
  PRIMARY KEY (`id_rol_alta`) USING BTREE,
  KEY `fk_fw_roles_alta_fw_roles_1` (`id_rol`) USING BTREE,
  CONSTRAINT `fk_fw_roles_alta_fw_roles_1` FOREIGN KEY (`id_rol`) REFERENCES `fw_roles` (`id_rol`)
) ENGINE=InnoDB AUTO_INCREMENT=56 DEFAULT CHARSET=utf8mb4 ROW_FORMAT=COMPACT;
CREATE TABLE `fw_ubicacion` (
  `id_ubicacion` int(32) unsigned NOT NULL AUTO_INCREMENT,
  `descripcion_ubicacion` varchar(100) DEFAULT NULL,
  `direccion` longtext,
  `cat_tipo_ubicacion` int(32) unsigned DEFAULT NULL,
  `user_alta` int(32) DEFAULT NULL,
  `user_mod` int(32) DEFAULT NULL,
  `fecha_alta` datetime DEFAULT NULL,
  `fecha_mod` timestamp NULL DEFAULT CURRENT_TIMESTAMP ON UPDATE CURRENT_TIMESTAMP,
  PRIMARY KEY (`id_ubicacion`) USING BTREE,
  KEY `fk_ubicacion_ae_catalogo_1` (`cat_tipo_ubicacion`) USING BTREE,
  CONSTRAINT `fk_ubicacion_ae_catalogo_1` FOREIGN KEY (`cat_tipo_ubicacion`) REFERENCES `cm_catalogo` (`id_cat`)
) ENGINE=InnoDB AUTO_INCREMENT=2 DEFAULT CHARSET=utf8mb4 ROW_FORMAT=COMPACT;
CREATE TABLE `fw_usuarios` (
  `id_usuario` int(32) unsigned NOT NULL AUTO_INCREMENT,
  `id_area` int(32) unsigned DEFAULT NULL,
  `password` varchar(255) DEFAULT NULL,
  `usuario` varchar(64) DEFAULT NULL,
  `correo` varchar(255) DEFAULT NULL,
  `id_rol` int(32) unsigned DEFAULT NULL,
  `nombres` varchar(255) DEFAULT NULL,
  `apellido_paterno` varchar(255) DEFAULT NULL,
  `apellido_materno` varchar(255) DEFAULT NULL,
  `id_ubicacion` int(32) unsigned DEFAULT NULL,
  `cat_status` int(32) unsigned DEFAULT NULL,
  `user_alta` int(32) DEFAULT NULL,
  `user_mod` int(32) DEFAULT NULL,
  `fecha_alta` datetime DEFAULT NULL,
  `fecha_mod` timestamp NULL DEFAULT CURRENT_TIMESTAMP ON UPDATE CURRENT_TIMESTAMP,
  PRIMARY KEY (`id_usuario`) USING BTREE,
  UNIQUE KEY `username` (`usuario`) USING BTREE,
  KEY `fk_fw_usuarios_cm_catalogo_1` (`cat_status`) USING BTREE,
  KEY `fk_usuarios_area_1` (`id_area`) USING BTREE,
  KEY `fk_usuarios_roles_1` (`id_rol`) USING BTREE,
  KEY `fk_usuarios_ubicacion_1` (`id_ubicacion`) USING BTREE,
  CONSTRAINT `fk_fw_usuarios_cm_catalogo_1` FOREIGN KEY (`cat_status`) REFERENCES `cm_catalogo` (`id_cat`),
  CONSTRAINT `fk_usuarios_area_1` FOREIGN KEY (`id_area`) REFERENCES `fw_area` (`id_area`),
  CONSTRAINT `fk_usuarios_roles_1` FOREIGN KEY (`id_rol`) REFERENCES `fw_roles` (`id_rol`),
  CONSTRAINT `fk_usuarios_ubicacion_1` FOREIGN KEY (`id_ubicacion`) REFERENCES `fw_ubicacion` (`id_ubicacion`)
) ENGINE=InnoDB AUTO_INCREMENT=40 DEFAULT CHARSET=utf8mb4 ROW_FORMAT=COMPACT;
CREATE TABLE `fw_usuarios_config` (
  `id_usuario_config` int(32) unsigned NOT NULL AUTO_INCREMENT,
  `id_usuario` int(32) unsigned DEFAULT NULL,
  `avatar` varchar(255) DEFAULT NULL,
  `paginacion` int(32) DEFAULT NULL,
  `activar_paginado` varchar(5) DEFAULT NULL,
  `aceptar_tyc` varchar(2) DEFAULT 'NO',
  `fecha_ingreso` date DEFAULT NULL,
  `poseido` int(1) DEFAULT '0',
  `password` varchar(64) DEFAULT NULL,
  `user_alta` int(32) DEFAULT NULL,
  `user_mod` int(32) DEFAULT NULL,
  `fecha_alta` datetime DEFAULT NULL,
  `fecha_mod` timestamp NULL DEFAULT CURRENT_TIMESTAMP ON UPDATE CURRENT_TIMESTAMP,
  PRIMARY KEY (`id_usuario_config`) USING BTREE,
  KEY `fk_usuarios_config_usuarios_1` (`id_usuario`) USING BTREE,
  CONSTRAINT `fk_usuarios_config_usuarios_1` FOREIGN KEY (`id_usuario`) REFERENCES `fw_usuarios` (`id_usuario`)
) ENGINE=InnoDB AUTO_INCREMENT=40 DEFAULT CHARSET=utf8mb4 ROW_FORMAT=COMPACT;
CREATE TABLE `it_cliente_destino` (
  `id_cliente_destino` int(32) unsigned NOT NULL AUTO_INCREMENT,
  `id_cliente` int(32) unsigned DEFAULT NULL,
  `id_destino` int(32) unsigned DEFAULT NULL,
  `user_alta` int(32) DEFAULT NULL,
  `user_mod` int(32) DEFAULT NULL,
  `fecha_alta` datetime DEFAULT NULL,
  `fecha_mod` timestamp NULL DEFAULT CURRENT_TIMESTAMP ON UPDATE CURRENT_TIMESTAMP,
  PRIMARY KEY (`id_cliente_destino`) USING BTREE,
  KEY `fk_ae_cliente_destino_ae_clientes_1` (`id_cliente`) USING BTREE,
  KEY `fk_ae_cliente_destino_ae_destinos_1` (`id_destino`) USING BTREE,
  CONSTRAINT `fk_ae_cliente_destino_ae_clientes_1` FOREIGN KEY (`id_cliente`) REFERENCES `cl_clientes` (`id_cliente`),
  CONSTRAINT `fk_ae_cliente_destino_ae_destinos_1` FOREIGN KEY (`id_destino`) REFERENCES `it_destinos` (`id_destino`)
) ENGINE=InnoDB AUTO_INCREMENT=26 DEFAULT CHARSET=utf8mb4 ROW_FORMAT=COMPACT;
CREATE TABLE `it_cliente_origen` (
  `id_cliente_origen` int(32) unsigned NOT NULL AUTO_INCREMENT,
  `id_cliente` int(32) unsigned DEFAULT NULL,
  `id_origen` int(32) unsigned DEFAULT NULL,
  `user_alta` int(32) DEFAULT NULL,
  `user_mod` int(32) DEFAULT NULL,
  `fecha_alta` datetime DEFAULT NULL,
  `fecha_mod` timestamp NULL DEFAULT CURRENT_TIMESTAMP ON UPDATE CURRENT_TIMESTAMP,
  PRIMARY KEY (`id_cliente_origen`) USING BTREE,
  KEY `fk_ae_cliente_origen_ae_clientes_1` (`id_cliente`) USING BTREE,
  KEY `fk_ae_cliente_origen_ae_origenes_1` (`id_origen`) USING BTREE,
  KEY `id_cliente_origen` (`id_cliente_origen`),
  CONSTRAINT `fk_ae_cliente_origen_ae_clientes_1` FOREIGN KEY (`id_cliente`) REFERENCES `cl_clientes` (`id_cliente`),
  CONSTRAINT `fk_ae_cliente_origen_ae_origenes_1` FOREIGN KEY (`id_origen`) REFERENCES `it_origenes` (`id_origen`)
) ENGINE=InnoDB AUTO_INCREMENT=26 DEFAULT CHARSET=utf8mb4 ROW_FORMAT=COMPACT;
CREATE TABLE `it_destinos` (
  `id_destino` int(32) unsigned NOT NULL AUTO_INCREMENT,
  `id_direccion` int(32) unsigned DEFAULT NULL,
  `descripcion` varchar(255) DEFAULT NULL,
  `user_alta` int(32) DEFAULT NULL,
  `user_mod` int(32) DEFAULT NULL,
  `fecha_alta` datetime DEFAULT NULL,
  `fecha_mod` timestamp NULL DEFAULT CURRENT_TIMESTAMP ON UPDATE CURRENT_TIMESTAMP,
  PRIMARY KEY (`id_destino`) USING BTREE,
  KEY `fk_ae_destinos_ae_direcciones_1` (`id_direccion`) USING BTREE,
  CONSTRAINT `fk_ae_destinos_ae_direcciones_1` FOREIGN KEY (`id_direccion`) REFERENCES `it_direcciones` (`id_direccion`)
) ENGINE=InnoDB AUTO_INCREMENT=26 DEFAULT CHARSET=utf8mb4 ROW_FORMAT=COMPACT;
CREATE TABLE `it_direcciones` (
  `id_direccion` int(32) unsigned NOT NULL AUTO_INCREMENT,
  `calle` varchar(255) DEFAULT NULL,
  `num_ext` varchar(255) DEFAULT NULL,
  `num_int` varchar(255) DEFAULT NULL,
  `telefono` varchar(255) DEFAULT NULL,
  `celular` varchar(255) DEFAULT NULL,
  `referencia` text,
  `geocodificacion_inversa` text,
  `geocoordenadas` varchar(255) DEFAULT NULL,
  `user_alta` int(32) DEFAULT NULL,
  `user_mod` int(32) DEFAULT NULL,
  `fecha_alta` datetime DEFAULT NULL,
  `fecha_mod` timestamp NULL DEFAULT CURRENT_TIMESTAMP ON UPDATE CURRENT_TIMESTAMP,
  PRIMARY KEY (`id_direccion`) USING BTREE
) ENGINE=InnoDB AUTO_INCREMENT=50 DEFAULT CHARSET=utf8mb4 ROW_FORMAT=COMPACT;
CREATE TABLE `it_origenes` (
  `id_origen` int(32) unsigned NOT NULL AUTO_INCREMENT,
  `id_direccion` int(32) unsigned DEFAULT NULL,
  `descripcion` varchar(255) DEFAULT NULL,
  `user_alta` int(32) DEFAULT NULL,
  `user_mod` int(32) DEFAULT NULL,
  `fecha_alta` datetime DEFAULT NULL,
  `fecha_mod` timestamp NULL DEFAULT CURRENT_TIMESTAMP ON UPDATE CURRENT_TIMESTAMP,
  PRIMARY KEY (`id_origen`) USING BTREE,
  KEY `fk_ae_origenes_ae_direcciones_1` (`id_direccion`) USING BTREE,
  CONSTRAINT `fk_ae_origenes_ae_direcciones_1` FOREIGN KEY (`id_direccion`) REFERENCES `it_direcciones` (`id_direccion`)
) ENGINE=InnoDB AUTO_INCREMENT=26 DEFAULT CHARSET=utf8mb4 ROW_FORMAT=COMPACT;
CREATE TABLE `it_viaje_destino` (
  `id_viaje_destino` int(32) unsigned NOT NULL AUTO_INCREMENT,
  `id_viaje` int(32) unsigned DEFAULT NULL,
  `id_cliente_destino` int(32) unsigned DEFAULT NULL,
  `user_alta` int(32) DEFAULT NULL,
  `user_mod` int(32) DEFAULT NULL,
  `fecha_alta` datetime DEFAULT NULL,
  `fecha_mod` timestamp NULL DEFAULT CURRENT_TIMESTAMP ON UPDATE CURRENT_TIMESTAMP,
  PRIMARY KEY (`id_viaje_destino`) USING BTREE,
  KEY `fk_ae_bitacora_destino_ae_cliente_destino_1` (`id_cliente_destino`) USING BTREE,
  KEY `fk_ae_bitacora_destino_ae_bitacora_1` (`id_viaje`) USING BTREE,
  CONSTRAINT `fk_ae_bitacora_destino_ae_bitacora_1` FOREIGN KEY (`id_viaje`) REFERENCES `vi_viaje` (`id_viaje`),
  CONSTRAINT `fk_ae_bitacora_destino_ae_cliente_destino_1` FOREIGN KEY (`id_cliente_destino`) REFERENCES `it_cliente_destino` (`id_cliente_destino`)
) ENGINE=InnoDB AUTO_INCREMENT=34 DEFAULT CHARSET=utf8mb4 ROW_FORMAT=COMPACT;
CREATE TABLE `vi_costos_adicionales` (
  `id_costos_adicionales` int(32) unsigned NOT NULL AUTO_INCREMENT,
  `id_viaje` int(32) unsigned DEFAULT NULL,
  `cat_concepto` int(32) unsigned DEFAULT NULL,
  `valor` int(6) unsigned DEFAULT NULL,
  `costo` decimal(12,2) DEFAULT NULL,
  `fecha` datetime DEFAULT NULL,
  `descripcion` varchar(255) DEFAULT NULL,
  `user_alta` int(32) DEFAULT NULL,
  `user_mod` int(32) DEFAULT NULL,
  `fecha_alta` datetime DEFAULT NULL,
  `fecha_mod` timestamp NULL DEFAULT CURRENT_TIMESTAMP ON UPDATE CURRENT_TIMESTAMP,
  PRIMARY KEY (`id_costos_adicionales`) USING BTREE,
  KEY `fk_ae_costos_adicionales_ae_catalogo_1` (`cat_concepto`) USING BTREE,
  KEY `fk_ae_conceptos_varios_ae_bitacora_1` (`id_viaje`) USING BTREE,
  CONSTRAINT `fk_ae_conceptos_varios_ae_bitacora_1` FOREIGN KEY (`id_viaje`) REFERENCES `vi_viaje` (`id_viaje`),
  CONSTRAINT `fk_ae_costos_adicionales_ae_catalogo_1` FOREIGN KEY (`cat_concepto`) REFERENCES `cm_catalogo` (`id_cat`)
) ENGINE=InnoDB AUTO_INCREMENT=44 DEFAULT CHARSET=utf8mb4 ROW_FORMAT=COMPACT;
CREATE TABLE `vi_viaje` (
  `id_viaje` int(32) unsigned NOT NULL AUTO_INCREMENT,
  `id_cordon` int(32) unsigned DEFAULT NULL,
  `id_cliente_origen` int(32) unsigned DEFAULT NULL,
  `id_detalle_factura` int(32) unsigned DEFAULT NULL,
  `id_episodio` int(32) unsigned DEFAULT NULL,
  `id_tarifa_cliente` int(32) unsigned DEFAULT NULL,
  `id_operador_unidad` int(32) unsigned DEFAULT NULL,
  `cat_status_viaje` int(32) unsigned DEFAULT NULL,
  `cat_cancelaciones` int(32) unsigned DEFAULT NULL,
  `cat_tiposervicio` int(32) unsigned DEFAULT NULL,
  `cat_tipo_salida` int(32) unsigned DEFAULT NULL,
  `cat_tipotemporicidad` int(32) unsigned DEFAULT NULL,
  `user_alta` int(32) DEFAULT NULL,
  `user_mod` int(32) DEFAULT NULL,
  `fecha_alta` datetime DEFAULT NULL,
  `fecha_mod` timestamp NULL DEFAULT CURRENT_TIMESTAMP ON UPDATE CURRENT_TIMESTAMP,
  PRIMARY KEY (`id_viaje`) USING BTREE,
  KEY `fk_ae_viaje_tarifas_clientes_1` (`id_tarifa_cliente`) USING BTREE,
  KEY `fk_ae_bitacora_ae_cliente_origen_1` (`id_cliente_origen`) USING BTREE,
  KEY `fk_ae_bitacora_ae_cordon_1` (`id_cordon`) USING BTREE,
  KEY `fk_ae_bitacora_ae_desglose_factura_1` (`id_detalle_factura`) USING BTREE,
  KEY `fk_ae_viaje_ae_episodios_1` (`id_episodio`) USING BTREE,
  KEY `fk_vi_viaje_cm_catalogo_1` (`cat_status_viaje`) USING BTREE,
  KEY `fk_vi_viaje_cm_catalogo_2` (`cat_cancelaciones`) USING BTREE,
  KEY `fk_vi_viaje_cm_catalogo_3` (`cat_tiposervicio`) USING BTREE,
  KEY `fk_vi_viaje_cm_catalogo_4` (`cat_tipo_salida`) USING BTREE,
  KEY `fk_vi_viaje_cr_operador_unidad_1` (`id_operador_unidad`) USING BTREE,
  KEY `id_viaje` (`id_viaje`),
  CONSTRAINT `fk_ae_bitacora_ae_cliente_origen_1` FOREIGN KEY (`id_cliente_origen`) REFERENCES `it_cliente_origen` (`id_cliente_origen`),
  CONSTRAINT `fk_ae_bitacora_ae_cordon_1` FOREIGN KEY (`id_cordon`) REFERENCES `cr_cordon` (`id_cordon`),
  CONSTRAINT `fk_ae_bitacora_ae_desglose_factura_1` FOREIGN KEY (`id_detalle_factura`) REFERENCES `cl_detalle_factura` (`id_detalle_factura`),
  CONSTRAINT `fk_ae_viaje_ae_episodios_1` FOREIGN KEY (`id_episodio`) REFERENCES `cr_episodios` (`id_episodio`),
  CONSTRAINT `fk_ae_viaje_tarifas_clientes_1` FOREIGN KEY (`id_tarifa_cliente`) REFERENCES `cl_tarifas_clientes` (`id_tarifa_cliente`),
  CONSTRAINT `fk_vi_viaje_cm_catalogo_1` FOREIGN KEY (`cat_status_viaje`) REFERENCES `cm_catalogo` (`id_cat`),
  CONSTRAINT `fk_vi_viaje_cm_catalogo_2` FOREIGN KEY (`cat_cancelaciones`) REFERENCES `cm_catalogo` (`id_cat`),
  CONSTRAINT `fk_vi_viaje_cm_catalogo_3` FOREIGN KEY (`cat_tiposervicio`) REFERENCES `cm_catalogo` (`id_cat`),
  CONSTRAINT `fk_vi_viaje_cm_catalogo_4` FOREIGN KEY (`cat_tipo_salida`) REFERENCES `cm_catalogo` (`id_cat`),
  CONSTRAINT `fk_vi_viaje_cr_operador_unidad_1` FOREIGN KEY (`id_operador_unidad`) REFERENCES `cr_operador_unidad` (`id_operador_unidad`)
) ENGINE=InnoDB AUTO_INCREMENT=34 DEFAULT CHARSET=utf8mb4 ROW_FORMAT=COMPACT;
CREATE TABLE `vi_viaje_alternativas` (
  `id_viaje_alternativa` int(32) unsigned NOT NULL AUTO_INCREMENT,
  `id_viaje_statics` int(32) unsigned DEFAULT NULL,
  `ruta_file` varchar(255) DEFAULT NULL,
  `km` decimal(8,2) DEFAULT NULL,
  `minutos` time DEFAULT NULL,
  `sumario` varchar(255) DEFAULT NULL,
  `user_alta` int(32) DEFAULT NULL,
  `user_mod` int(32) DEFAULT NULL,
  `fecha_alta` datetime DEFAULT NULL,
  `fecha_mod` timestamp NULL DEFAULT CURRENT_TIMESTAMP ON UPDATE CURRENT_TIMESTAMP,
  PRIMARY KEY (`id_viaje_alternativa`) USING BTREE,
  KEY `fk_vi_viaje_alternativas_vi_viaje_statics_1` (`id_viaje_statics`) USING BTREE,
  CONSTRAINT `fk_vi_viaje_alternativas_vi_viaje_statics_1` FOREIGN KEY (`id_viaje_statics`) REFERENCES `vi_viaje_statics` (`id_viaje_statics`)
) ENGINE=InnoDB AUTO_INCREMENT=79 DEFAULT CHARSET=utf8mb4 ROW_FORMAT=COMPACT;
CREATE TABLE `vi_viaje_clientes` (
  `id_viaje_clientes` int(32) unsigned NOT NULL AUTO_INCREMENT,
  `id_viaje` int(32) unsigned DEFAULT NULL,
  `id_cliente` int(32) unsigned DEFAULT NULL,
  `user_alta` int(32) DEFAULT NULL,
  `user_mod` int(32) DEFAULT NULL,
  `fecha_alta` datetime DEFAULT NULL,
  `fecha_mod` timestamp NULL DEFAULT CURRENT_TIMESTAMP ON UPDATE CURRENT_TIMESTAMP,
  PRIMARY KEY (`id_viaje_clientes`) USING BTREE,
  KEY `fk_ae_bitacora_clientes_ae_clientes_1` (`id_cliente`) USING BTREE,
  KEY `fk_ae_bitacora_clientes_ae_bitacora_1` (`id_viaje`) USING BTREE,
  CONSTRAINT `fk_ae_bitacora_clientes_ae_bitacora_1` FOREIGN KEY (`id_viaje`) REFERENCES `vi_viaje` (`id_viaje`),
  CONSTRAINT `fk_ae_bitacora_clientes_ae_clientes_1` FOREIGN KEY (`id_cliente`) REFERENCES `cl_clientes` (`id_cliente`)
) ENGINE=InnoDB AUTO_INCREMENT=36 DEFAULT CHARSET=utf8mb4 ROW_FORMAT=COMPACT;
CREATE TABLE `vi_viaje_detalle` (
  `id_viaje_detalle` int(32) unsigned NOT NULL AUTO_INCREMENT,
  `id_viaje` int(32) unsigned DEFAULT NULL,
  `fecha_solicitud` datetime DEFAULT NULL,
  `fecha_asignacion` datetime DEFAULT NULL,
  `fecha_requerimiento` datetime DEFAULT NULL,
  `cat_revision` int(32) unsigned DEFAULT NULL,
  `apartado` int(1) DEFAULT '0',
  `observaciones` text,
  `msgPaqArray` text,
  `user_alta` int(32) DEFAULT NULL,
  `user_mod` int(32) DEFAULT NULL,
  `fecha_alta` datetime DEFAULT NULL,
  `fecha_mod` timestamp NULL DEFAULT CURRENT_TIMESTAMP ON UPDATE CURRENT_TIMESTAMP,
  PRIMARY KEY (`id_viaje_detalle`) USING BTREE,
  KEY `fk_ae_bitacora_detalle_ae_bitacora_1` (`id_viaje`) USING BTREE,
  KEY `fk_vi_viaje_detalle_cm_catalogo_1` (`cat_revision`) USING BTREE,
  CONSTRAINT `fk_ae_bitacora_detalle_ae_bitacora_1` FOREIGN KEY (`id_viaje`) REFERENCES `vi_viaje` (`id_viaje`),
  CONSTRAINT `fk_vi_viaje_detalle_cm_catalogo_1` FOREIGN KEY (`cat_revision`) REFERENCES `cm_catalogo` (`id_cat`)
) ENGINE=InnoDB AUTO_INCREMENT=34 DEFAULT CHARSET=utf8mb4 ROW_FORMAT=COMPACT;
CREATE TABLE `vi_viaje_formapago` (
  `id_viaje_formapago` int(32) unsigned NOT NULL AUTO_INCREMENT,
  `id_viaje` int(32) unsigned DEFAULT NULL,
  `cat_formapago` int(32) unsigned DEFAULT NULL,
  `user_alta` int(32) DEFAULT NULL,
  `user_mod` int(32) DEFAULT NULL,
  `fecha_alta` datetime DEFAULT NULL,
  `fecha_mod` timestamp NULL DEFAULT CURRENT_TIMESTAMP ON UPDATE CURRENT_TIMESTAMP,
  PRIMARY KEY (`id_viaje_formapago`) USING BTREE,
  KEY `fk_ae_bitacora_formapago_ae_catalogo_1` (`cat_formapago`) USING BTREE,
  KEY `fk_ae_bitacora_formapago_ae_bitacora_1` (`id_viaje`) USING BTREE,
  CONSTRAINT `fk_ae_bitacora_formapago_ae_bitacora_1` FOREIGN KEY (`id_viaje`) REFERENCES `vi_viaje` (`id_viaje`),
  CONSTRAINT `fk_ae_bitacora_formapago_ae_catalogo_1` FOREIGN KEY (`cat_formapago`) REFERENCES `cm_catalogo` (`id_cat`)
) ENGINE=InnoDB AUTO_INCREMENT=34 DEFAULT CHARSET=utf8mb4 ROW_FORMAT=COMPACT;
CREATE TABLE `vi_viaje_incidencia` (
  `id_viaje_incidencia` int(32) unsigned NOT NULL AUTO_INCREMENT,
  `id_viaje` int(32) unsigned DEFAULT NULL,
  `cat_incidencias` int(32) unsigned DEFAULT NULL,
  `user_alta` int(32) DEFAULT NULL,
  `user_mod` int(32) DEFAULT NULL,
  `fecha_alta` datetime DEFAULT NULL,
  `fecha_mod` timestamp NULL DEFAULT CURRENT_TIMESTAMP ON UPDATE CURRENT_TIMESTAMP,
  PRIMARY KEY (`id_viaje_incidencia`) USING BTREE,
  KEY `fk_ae_bitacora_incidencia_ae_catalogo_1` (`cat_incidencias`) USING BTREE,
  KEY `fk_ae_bitacora_incidencia_ae_bitacora_1` (`id_viaje`) USING BTREE,
  CONSTRAINT `fk_ae_bitacora_incidencia_ae_bitacora_1` FOREIGN KEY (`id_viaje`) REFERENCES `vi_viaje` (`id_viaje`),
  CONSTRAINT `fk_ae_bitacora_incidencia_ae_catalogo_1` FOREIGN KEY (`cat_incidencias`) REFERENCES `cm_catalogo` (`id_cat`)
) ENGINE=InnoDB AUTO_INCREMENT=3 DEFAULT CHARSET=utf8mb4 ROW_FORMAT=COMPACT;
CREATE TABLE `vi_viaje_statics` (
  `id_viaje_statics` int(32) unsigned NOT NULL AUTO_INCREMENT,
  `id_viaje` int(32) unsigned DEFAULT NULL,
  `id_tarifa_cliente` int(32) unsigned DEFAULT NULL,
  `cat_status_statics` int(32) unsigned DEFAULT NULL,
  `mapa` varchar(32) DEFAULT NULL,
  `time_arribo` time DEFAULT NULL,
  `time_espera` time DEFAULT NULL,
  `time_viaje` time DEFAULT NULL,
  `time_or_des_max` time DEFAULT NULL,
  `time_or_des_min` time DEFAULT NULL,
  `time_or_des_pro` time DEFAULT NULL,
  `km_max_maps` decimal(6,2) DEFAULT NULL,
  `km_min_maps` decimal(6,2) DEFAULT NULL,
  `km_pro_maps` decimal(6,2) DEFAULT NULL,
  `geo_origen` varchar(255) DEFAULT NULL,
  `geo_destino` varchar(255) DEFAULT NULL,
  `costo_viaje` decimal(7,2) DEFAULT NULL,
  `costos_adicionales` decimal(7,2) DEFAULT NULL,
  `costo_total` decimal(7,2) DEFAULT NULL,
  `user_alta` int(32) DEFAULT NULL,
  `user_mod` int(32) DEFAULT NULL,
  `fecha_alta` datetime DEFAULT NULL,
  `fecha_mod` timestamp NULL DEFAULT CURRENT_TIMESTAMP ON UPDATE CURRENT_TIMESTAMP,
  PRIMARY KEY (`id_viaje_statics`) USING BTREE,
  KEY `fk_vi_viaje_statics_vi_viaje_1` (`id_viaje`) USING BTREE,
  KEY `fk_vi_viaje_statics_cl_tarifas_clientes_1` (`id_tarifa_cliente`) USING BTREE,
  KEY `fk_vi_viaje_statics_cm_catalogo_1` (`cat_status_statics`) USING BTREE,
  CONSTRAINT `fk_vi_viaje_statics_cl_tarifas_clientes_1` FOREIGN KEY (`id_tarifa_cliente`) REFERENCES `cl_tarifas_clientes` (`id_tarifa_cliente`),
  CONSTRAINT `fk_vi_viaje_statics_cm_catalogo_1` FOREIGN KEY (`cat_status_statics`) REFERENCES `cm_catalogo` (`id_cat`),
  CONSTRAINT `fk_vi_viaje_statics_vi_viaje_1` FOREIGN KEY (`id_viaje`) REFERENCES `vi_viaje` (`id_viaje`)
) ENGINE=InnoDB AUTO_INCREMENT=28 DEFAULT CHARSET=utf8mb4 ROW_FORMAT=COMPACT;
BEGIN;
LOCK TABLES `centralcar`.`cl_anticipo_aplicacion` WRITE;
DELETE FROM `centralcar`.`cl_anticipo_aplicacion`;
UNLOCK TABLES;
COMMIT;
BEGIN;
LOCK TABLES `centralcar`.`cl_anticipos` WRITE;
DELETE FROM `centralcar`.`cl_anticipos`;
UNLOCK TABLES;
COMMIT;
BEGIN;
LOCK TABLES `centralcar`.`cl_cargos_directos` WRITE;
DELETE FROM `centralcar`.`cl_cargos_directos`;
UNLOCK TABLES;
COMMIT;
BEGIN;
LOCK TABLES `centralcar`.`cl_cliente_operador` WRITE;
DELETE FROM `centralcar`.`cl_cliente_operador`;
UNLOCK TABLES;
COMMIT;
BEGIN;
LOCK TABLES `centralcar`.`cl_clientes` WRITE;
DELETE FROM `centralcar`.`cl_clientes`;
INSERT INTO `centralcar`.`cl_clientes` (`id_cliente`,`parent`,`id_rol`,`cat_tipocliente`,`cat_statuscliente`,`nombre`,`user_alta`,`user_mod`,`fecha_alta`,`fecha_mod`) VALUES (1, 0, 3, 19, 21, 'Individual Privado - MetLife', 2, NULL, '2017-01-22 21:08:07', '2017-01-22 21:08:07'),(2, 0, 3, 18, 21, 'MCM Telecom', 2, NULL, '2017-01-22 21:12:02', '2017-01-22 21:12:02'),(3, 0, 3, 18, 21, 'Safilo', 2, NULL, '2017-01-22 21:12:46', '2017-01-22 21:12:46'),(4, 0, 3, 19, 21, 'Ricoh Mexicana', 2, NULL, '2017-01-22 21:13:19', '2018-06-25 14:03:10'),(5, 0, 3, 19, 21, 'Banco-Multiva', 132, NULL, '2017-01-22 21:27:46', '2017-01-22 21:27:46'),(6, 0, 3, 18, 21, 'Hermenegildo Zegna', 132, NULL, '2017-01-22 21:29:19', '2017-01-22 21:29:19'),(7, 0, 3, 18, 21, 'Vinos, viedos y bodegas', 132, NULL, '2017-01-22 21:34:51', '2018-06-25 14:03:46'),(8, 0, 3, 18, 21, 'Cannon', 132, NULL, '2017-01-22 21:35:12', '2017-01-22 21:35:12'),(9, 0, 3, 18, 21, 'Landor', 132, NULL, '2017-01-22 21:35:41', '2017-01-22 21:35:41'),(10, 0, 3, 18, 21, 'Conagra', 132, NULL, '2017-01-22 21:37:26', '2017-01-22 21:37:26'),(11, 0, 3, 18, 21, 'CSL-Behring', 132, 132, '2017-01-22 21:46:59', '2017-01-22 21:52:56'),(12, 0, 3, 18, 21, 'Forjadores', 132, 132, '2017-01-22 21:50:22', '2017-01-23 03:09:37'),(13, 0, 3, 18, 21, 'Damco', 132, NULL, '2017-01-22 21:51:26', '2017-01-22 21:51:26'),(14, 0, 3, 18, 21, 'Ilusion', 132, NULL, '2017-01-22 21:52:12', '2017-01-22 21:52:12'),(15, 0, 3, 18, 21, 'KPMG', 132, NULL, '2017-01-22 21:52:45', '2017-01-22 21:52:45'),(16, 0, 3, 18, 21, 'Opentec', 132, NULL, '2017-01-22 21:53:46', '2017-01-22 21:53:46'),(17, 0, 3, 18, 21, 'Petrotiger', 132, NULL, '2017-01-22 21:54:10', '2017-01-22 21:54:10'),(18, 0, 3, 18, 21, 'Applus Norcontrol', 132, 2, '2017-01-22 21:55:09', '2017-01-24 14:14:21'),(19, 0, 3, 18, 21, 'Norcontrol', 132, NULL, '2017-01-22 21:55:51', '2017-01-22 21:55:51'),(20, 0, 3, 18, 21, 'Suite', 132, NULL, '2017-01-22 21:56:33', '2017-01-22 21:56:33'),(21, 0, 3, 18, 21, 'GFK', 132, NULL, '2017-01-22 21:56:58', '2017-01-22 21:56:58'),(22, 0, 3, 18, 21, 'Aspa', 132, NULL, '2017-01-22 21:58:01', '2017-01-22 21:58:01'),(23, 0, 3, 18, 21, 'FTI-Consulting', 132, NULL, '2017-01-22 21:58:28', '2017-01-22 21:58:28'),(24, 0, 3, 18, 21, 'Nielsen', 132, NULL, '2017-01-22 22:08:44', '2017-01-22 22:08:44'),(25, 0, 3, 18, 21, 'Viajes Intermex', 132, 132, '2017-01-22 22:08:57', '2017-02-21 02:03:15'),(26, 0, 3, 18, 21, 'Axis', 132, 132, '2017-01-22 22:09:32', '2017-02-21 00:05:40'),(27, 0, 3, 18, 21, 'Burson', 132, NULL, '2017-01-22 22:09:56', '2017-01-22 22:09:56'),(28, 0, 3, 18, 21, 'Cafe Reforma', 132, NULL, '2017-01-22 22:10:16', '2017-01-22 22:10:16'),(29, 0, 3, 18, 21, 'D-Link', 132, NULL, '2017-01-22 22:15:22', '2017-01-22 22:15:22'),(30, 0, 3, 18, 21, 'Lumina Americas', 132, 132, '2017-01-22 22:16:10', '2017-02-21 02:36:04'),(31, 0, 3, 18, 21, 'ISA', 132, NULL, '2017-01-22 22:18:59', '2017-01-22 22:18:59'),(32, 0, 6, 20, 21, 'Particular', 50, NULL, '2017-01-23 08:35:01', '2017-01-23 08:35:01'),(33, 0, 4, 18, 21, 'Metlife - Operaciones ', 50, 2, '2017-02-23 11:46:20', '2017-02-24 12:04:34'),(34, 0, 4, 18, 21, 'Metlife - Siniestros ', 50, 2, '2017-02-23 11:49:49', '2017-02-24 12:04:48'),(258, 4, 5, 200, 21, 'GILBERTO MENDEZ', 1, NULL, '2018-07-02 17:02:58', '2018-07-02 17:02:58'),(259, 4, 5, 200, 21, 'JOSE AYBAR', 1, NULL, '2018-07-02 17:03:20', '2018-07-02 17:03:20'),(260, 4, 5, 200, 21, 'JOSE LUIS ACEVEDO', 2, NULL, '2018-07-02 17:04:15', '2018-07-02 17:04:15'),(261, 32, 5, 200, 21, 'Manuel Aguado', 1, NULL, '2018-07-03 00:50:16', '2018-07-03 00:50:16'),(262, 32, 6, 20, 21, 'Eduardo Aguado', 2, NULL, '2018-07-10 17:53:55', '2018-07-10 17:53:55'),(263, 32, 6, 20, 21, 'Jess Cruz', 2, NULL, '2018-07-10 18:27:10', '2018-07-10 18:27:10'),(264, 32, 6, 20, 21, 'Alfonso Romo', 2, NULL, '2018-07-10 19:11:39', '2018-07-10 19:11:39'),(265, 1, 5, 200, 21, 'Jos Luis Gonzlez', 2, NULL, '2018-07-11 15:08:08', '2018-07-11 15:08:08'),(266, 4, 5, 200, 21, 'Roberto Castaeda', 2, NULL, '2018-07-11 18:56:05', '2018-07-11 18:56:05'),(267, 26, 5, 200, 21, 'Carlos Peralta', 2, NULL, '2018-07-11 19:03:39', '2018-07-11 19:03:39'),(268, 33, 5, 200, 21, 'Oscar Osorio', 2, NULL, '2018-07-11 19:40:18', '2018-07-11 19:40:18'),(269, 33, 5, 200, 21, 'Berenice Llanas', 2, NULL, '2018-07-11 19:46:00', '2018-07-11 19:46:00'),(270, 33, 5, 200, 21, 'Patricia Sandoval', 2, NULL, '2018-07-11 19:46:22', '2018-07-11 19:46:22'),(271, 34, 5, 200, 21, 'Karim Garca', 2, NULL, '2018-07-11 19:46:52', '2018-07-11 19:46:52'),(272, 34, 5, 200, 21, 'Felix Lopez', 2, NULL, '2018-07-11 19:47:23', '2018-07-11 19:47:23'),(273, 34, 5, 200, 21, 'Marco Uriel', 2, NULL, '2018-07-11 19:47:43', '2018-07-11 19:47:43'),(274, 34, 5, 200, 21, 'Alexia Sanchez', 2, NULL, '2018-07-11 19:48:00', '2018-07-11 19:48:00'),(275, 34, 5, 200, 21, 'Jorge Gonzalez', 2, NULL, '2018-07-11 19:48:17', '2018-07-11 19:48:17'),(276, 34, 5, 200, 21, 'Alejandro Gonzalez', 2, NULL, '2018-07-11 19:48:35', '2018-07-11 19:48:35'),(277, 34, 5, 200, 21, 'Estela Reyes', 2, NULL, '2018-07-11 19:49:22', '2018-07-11 19:49:22'),(278, 34, 5, 200, 21, 'Juan Ruiz', 2, NULL, '2018-07-11 19:51:20', '2018-07-11 19:51:20'),(279, 34, 5, 200, 21, 'Eder Gmez', 2, NULL, '2018-07-11 19:51:41', '2018-07-11 19:51:41');
UNLOCK TABLES;
COMMIT;
BEGIN;
LOCK TABLES `centralcar`.`cl_cobros` WRITE;
DELETE FROM `centralcar`.`cl_cobros`;
UNLOCK TABLES;
COMMIT;
BEGIN;
LOCK TABLES `centralcar`.`cl_datos_fiscales` WRITE;
DELETE FROM `centralcar`.`cl_datos_fiscales`;
UNLOCK TABLES;
COMMIT;
BEGIN;
LOCK TABLES `centralcar`.`cl_detalle_factura` WRITE;
DELETE FROM `centralcar`.`cl_detalle_factura`;
UNLOCK TABLES;
COMMIT;
BEGIN;
LOCK TABLES `centralcar`.`cl_factura_formapago` WRITE;
DELETE FROM `centralcar`.`cl_factura_formapago`;
UNLOCK TABLES;
COMMIT;
BEGIN;
LOCK TABLES `centralcar`.`cl_facturas` WRITE;
DELETE FROM `centralcar`.`cl_facturas`;
UNLOCK TABLES;
COMMIT;
BEGIN;
LOCK TABLES `centralcar`.`cl_movimientos_financieros` WRITE;
DELETE FROM `centralcar`.`cl_movimientos_financieros`;
UNLOCK TABLES;
COMMIT;
BEGIN;
LOCK TABLES `centralcar`.`cl_pagos` WRITE;
DELETE FROM `centralcar`.`cl_pagos`;
UNLOCK TABLES;
COMMIT;
BEGIN;
LOCK TABLES `centralcar`.`cl_tarifas_clientes` WRITE;
DELETE FROM `centralcar`.`cl_tarifas_clientes`;
INSERT INTO `centralcar`.`cl_tarifas_clientes` (`id_tarifa_cliente`,`id_cliente`,`costo_base`,`km_adicional`,`costo_base_venta`,`km_adicional_venta`,`descripcion`,`nombre`,`inicio_vigencia`,`fin_vigencia`,`cat_statustarifa`,`cat_tipo_tarifa`,`tabulado`,`user_alta`,`user_mod`,`fecha_alta`,`fecha_mod`) VALUES (1, 1, 250.00, 8.00, 300.00, 9.00, 'Traslado al Aeropuerto Internacional CDMX T1', 'Traslado al AICM T1', '2018-06-14 13:39:33', NULL, 168, 191, 1, 2, NULL, '2018-06-14 13:39:33', '2018-06-14 19:03:27'),(2, 1, 250.00, 8.00, 300.00, 9.00, 'Traslado al Aeropuerto Internacional CDMX T2', 'Traslado al AICM T2', '2018-06-14 13:40:31', NULL, 168, 191, 1, 2, NULL, '2018-06-14 13:40:31', '2018-06-14 19:03:27'),(3, 1, 300.00, 8.00, 400.00, 9.00, 'Recepcin en el Aeropuerto Internacional CDMX T1', 'Recepcin en el AICM T1', '2018-06-14 13:46:20', NULL, 168, 191, 1, 2, NULL, '2018-06-14 13:46:20', '2018-06-14 19:03:27'),(4, 1, 300.00, 8.00, 400.00, 9.00, 'Recepcin en el Aeropuerto Internacional CDMX T2', 'Recepcin en el AICM T2', '2018-06-14 13:47:15', NULL, 168, 191, 1, 2, NULL, '2018-06-14 13:47:15', '2018-06-14 19:03:28'),(5, 1, 160.00, 8.00, 1.80, 9.00, 'Traslado a la Terminal de Autobuses Central del Norte', 'Traslado a la Terminal de Autobuses Central del Norte', '2018-06-14 14:12:58', NULL, 168, 191, 1, 2, NULL, '2018-06-14 14:12:58', '2018-06-14 19:03:28'),(6, 1, 200.00, 8.00, 220.00, 9.00, 'Traslado a la Terminal de Autobuses de Pasajeros Oriente (TAPO)', 'Traslado a la Terminal de Autobuses de Pasajeros Oriente (TAPO)', '2018-06-14 14:16:35', NULL, 168, 191, 1, 2, NULL, '2018-06-14 14:16:35', '2018-06-14 19:03:28'),(7, 1, 230.00, 8.00, 250.00, 9.00, 'Traslado a la Terminal de Autobuses Central del Sur (Taxquea)', 'Traslado a la Terminal de Autobuses Central del Sur (Taxquea)', '2018-06-14 14:19:12', NULL, 168, 191, 1, 2, NULL, '2018-06-14 14:19:12', '2018-06-14 19:03:29'),(8, 1, 100.00, 8.00, 130.00, 9.00, 'Traslado a la Terminal Central de Autobuses Poniente', 'Traslado a la Terminal Central de Autobuses Poniente', '2018-06-14 14:21:01', NULL, 168, 191, 1, 2, NULL, '2018-06-14 14:21:01', '2018-06-14 19:03:29'),(9, 1, 350.00, 8.00, 400.00, 9.00, 'Traslado al Aeropuerto Internacional CDMX T1 Origen Santa F', 'Traslado al AICM T1 Origen Santa F', '2018-06-14 14:23:27', NULL, 168, 191, 1, 2, NULL, '2018-06-14 14:23:27', '2018-06-14 19:03:29'),(10, 1, 350.00, 8.00, 400.00, 9.00, 'Traslado al Aeropuerto Internacional CDMX Origen Santa F', 'Traslado al AICM T2 Origen Santa F', '2018-06-14 14:24:55', NULL, 168, 191, 1, 2, NULL, '2018-06-14 14:24:55', '2018-06-14 19:03:30'),(11, 1, 400.00, 8.00, 500.00, 9.00, 'Recepcin en el Aeropuerto Internacional CDMX T1 destino a Santa F', 'Recepcin en el AICM T1 Destino a Santa F', '2018-06-14 14:26:33', NULL, 168, 191, 1, 2, NULL, '2018-06-14 14:26:33', '2018-06-14 19:03:30'),(12, 1, 400.00, 8.00, 500.00, 9.00, 'Recepcin en el Aeropuerto Internacional CDMX destino a Santa F', 'Recepcin en el AICM T2 Destino a Santa F', '2018-06-14 14:27:34', NULL, 168, 191, 1, 2, NULL, '2018-06-14 14:27:34', '2018-06-14 19:03:30'),(13, 1, 550.00, 8.00, 600.00, 9.00, 'Traslado al Aeropuerto Internacional de Toluca origen Polanco', 'Traslado al Aeropuerto Internacional de Toluca', '2018-06-14 14:29:37', NULL, 168, 191, 1, 2, NULL, '2018-06-14 14:29:37', '2018-06-14 19:03:31'),(14, 1, 700.00, 8.00, 950.00, 10.00, 'Recepcin AICM T1 o T2 destino Aeropuerto Internacional Toluca', 'Recepcin AICM T1 o T2 destino Aeropuerto Internacional Toluca', '2018-06-14 14:31:11', NULL, 168, 191, 1, 2, NULL, '2018-06-14 14:31:11', '2018-06-14 19:03:31'),(15, 1, 350.00, 9.00, 400.00, 11.00, 'Traslado Bilinge al Aeropuerto Internacional CDMX T1', 'Traslado Bilinge al AICM T1', '2018-06-14 14:39:34', NULL, 168, 190, 1, 2, NULL, '2018-06-14 14:39:34', '2018-06-14 19:03:31'),(16, 1, 350.00, 9.00, 400.00, 11.00, 'Traslado Bilinge al Aeropuerto Internacional CDMX T2', 'Traslado Bilinge al AICM T2', '2018-06-14 14:44:29', NULL, 168, 190, 1, 2, NULL, '2018-06-14 14:44:29', '2018-06-14 19:03:32'),(17, 1, 400.00, 9.00, 500.00, 11.00, 'Recepcin Bilinge en el Aeropuerto Internacional CDMX T1', 'Recepcin Bilinge en el AICM T1', '2018-06-14 14:46:55', NULL, 168, 190, 1, 2, NULL, '2018-06-14 14:46:55', '2018-06-14 19:03:32'),(18, 1, 400.00, 9.00, 500.00, 11.00, 'Recepcin Bilinge en el Aeropuerto Iinternacional CDMX T2', 'Recepcin Bilinge en el AICM T2', '2018-06-14 14:47:49', NULL, 168, 190, 1, 2, NULL, '2018-06-14 14:47:49', '2018-06-14 19:03:32'),(19, 1, 240.00, 9.00, 280.00, 11.00, 'Traslado Bilinge a la Terminal de Autobuses Central del Norte', 'Traslado Bilinge a la Terminal de Autobuses Central del Norte', '2018-06-14 14:49:13', NULL, 168, 190, 1, 2, NULL, '2018-06-14 14:49:13', '2018-06-14 19:03:33'),(20, 1, 280.00, 9.00, 320.00, 11.00, 'Traslado Bilinge a la Terminal de Autobuses de Pasajeros Oriente (TAPO)', 'Traslado Bilinge a la Terminal de Autobuses de Pasajeros Oriente (TAPO)', '2018-06-14 14:50:33', NULL, 168, 190, 1, 2, NULL, '2018-06-14 14:50:33', '2018-06-14 19:03:33'),(21, 1, 300.00, 9.00, 350.00, 11.00, 'Traslado Bilinge a la Terminal de Autobuses Central del Sur (Taxquea)', 'Traslado Bilinge a la Terminal de Autobuses Central del Sur (Taxquea)', '2018-06-14 14:51:43', NULL, 168, 190, 1, 2, NULL, '2018-06-14 14:51:43', '2018-06-14 19:03:33'),(22, 1, 200.00, 9.00, 230.00, 11.00, 'Traslado Bilinge a la Terminal Central de Autobuses Poniente', 'Traslado Bilinge a la Terminal Central de Autobuses Poniente', '2018-06-14 14:52:32', NULL, 168, 190, 1, 2, NULL, '2018-06-14 14:52:32', '2018-06-14 19:03:34'),(23, 1, 400.00, 9.00, 500.00, 11.00, 'Traslado Bilinge al Aeropuerto Internacional CDMX T1 Origen Santa F', 'Traslado Bilinge al AICM T1 Origen Santa F', '2018-06-14 14:55:26', NULL, 168, 190, 1, 2, NULL, '2018-06-14 14:55:26', '2018-06-14 19:03:34'),(24, 1, 400.00, 9.00, 500.00, 11.00, 'Traslado Bilinge al AICM T2 Origen Santa F', 'Traslado Bilinge al AICM T2 Origen Santa F', '2018-06-14 14:56:08', NULL, 168, 190, 1, 2, NULL, '2018-06-14 14:56:08', '2018-06-14 19:03:34'),(25, 1, 500.00, 9.00, 600.00, 11.00, 'Recepcin Bilinge en el AICM T1 destino Santa F', 'Recepcin Bilinge en el AICM T1 destino Santa F', '2018-06-14 15:03:46', NULL, 168, 190, 1, 2, NULL, '2018-06-14 15:03:46', '2018-06-14 19:03:35'),(26, 1, 500.00, 9.00, 600.00, 11.00, 'Recepcin Bilinge en el AICM T2 destino Santa F', 'Recepcin Bilinge en el AICM T2 destino Santa F', '2018-06-14 15:04:22', NULL, 168, 190, 1, 2, NULL, '2018-06-14 15:04:22', '2018-06-14 19:03:35'),(27, 1, 750.00, 9.00, 850.00, 11.00, 'Traslado Bilinge al Aeropuerto Internacional de Toluca origen Polanco', 'Traslado Bilinge al Aeropuerto Internacional de Toluca', '2018-06-14 15:10:28', NULL, 168, 190, 1, 2, NULL, '2018-06-14 15:10:28', '2018-06-14 19:03:35'),(28, 1, 850.00, 9.00, 950.00, 11.00, 'Recepcin Bilinge AICM T1 o T2 destino Aeropuerto Internacional Toluca', 'Recepcin Bilinge AICM T1 o T2 destino Aeropuerto Internacional Toluca', '2018-06-14 15:11:07', NULL, 168, 190, 1, 2, NULL, '2018-06-14 15:11:07', '2018-06-14 19:03:36'),(29, 1, 45.00, 8.00, 50.00, 9.00, 'Tarifa bsica para viajes en espaol para servicios no tabulados', 'Tarifa predeterminada', '2018-06-14 15:17:33', NULL, 168, 189, 0, 2, NULL, '2018-06-14 15:17:33', '2018-06-14 19:03:36'),(30, 1, 130.00, 9.00, 150.00, 11.00, 'Tarifa para viajes bilinges no tabulados', 'Tarifa viajes bilinges', '2018-06-14 15:20:18', NULL, 168, 190, 0, 2, NULL, '2018-06-14 15:20:18', '2018-06-14 19:03:36'),(31, 1, 45.00, 8.00, 50.00, 10.00, 'Traslados forneos para servicios no tabulados', 'Tarifa forneos', '2018-06-14 18:56:13', NULL, 168, 268, 0, 2, NULL, '2018-06-14 18:56:13', '2018-06-14 19:03:37'),(32, 2, 250.00, 8.00, 300.00, 10.00, 'Traslado al Aeropuerto Internacional CDMX T1', 'Traslado al AICM T1', '2018-06-14 13:39:33', NULL, 168, 191, 1, 2, NULL, '2018-06-14 13:39:33', '2018-06-14 19:03:27'),(33, 2, 250.00, 8.00, 300.00, 10.00, 'Traslado al Aeropuerto Internacional CDMX T2', 'Traslado al AICM T2', '2018-06-14 13:40:31', NULL, 168, 191, 1, 2, NULL, '2018-06-14 13:40:31', '2018-06-14 19:03:27'),(34, 2, 300.00, 8.00, 400.00, 10.00, 'Recepcin en el Aeropuerto Internacional CDMX T1', 'Recepcin en el AICM T1', '2018-06-14 13:46:20', NULL, 168, 191, 1, 2, NULL, '2018-06-14 13:46:20', '2018-06-14 19:03:27'),(35, 2, 300.00, 8.00, 400.00, 10.00, 'Recepcin en el Aeropuerto Internacional CDMX T2', 'Recepcin en el AICM T2', '2018-06-14 13:47:15', NULL, 168, 191, 1, 2, NULL, '2018-06-14 13:47:15', '2018-06-14 19:03:28'),(36, 2, 160.00, 8.00, 1.80, 10.00, 'Traslado a la Terminal de Autobuses Central del Norte', 'Traslado a la Terminal de Autobuses Central del Norte', '2018-06-14 14:12:58', NULL, 168, 191, 1, 2, NULL, '2018-06-14 14:12:58', '2018-06-14 19:03:28'),(37, 2, 200.00, 8.00, 220.00, 10.00, 'Traslado a la Terminal de Autobuses de Pasajeros Oriente (TAPO)', 'Traslado a la Terminal de Autobuses de Pasajeros Oriente (TAPO)', '2018-06-14 14:16:35', NULL, 168, 191, 1, 2, NULL, '2018-06-14 14:16:35', '2018-06-14 19:03:28'),(38, 2, 230.00, 8.00, 250.00, 10.00, 'Traslado a la Terminal de Autobuses Central del Sur (Taxquea)', 'Traslado a la Terminal de Autobuses Central del Sur (Taxquea)', '2018-06-14 14:19:12', NULL, 168, 191, 1, 2, NULL, '2018-06-14 14:19:12', '2018-06-14 19:03:29'),(39, 2, 100.00, 8.00, 130.00, 10.00, 'Traslado a la Terminal Central de Autobuses Poniente', 'Traslado a la Terminal Central de Autobuses Poniente', '2018-06-14 14:21:01', NULL, 168, 191, 1, 2, NULL, '2018-06-14 14:21:01', '2018-06-14 19:03:29'),(40, 2, 350.00, 8.00, 400.00, 10.00, 'Traslado al Aeropuerto Internacional CDMX T1 Origen Santa F', 'Traslado al AICM T1 Origen Santa F', '2018-06-14 14:23:27', NULL, 168, 191, 1, 2, NULL, '2018-06-14 14:23:27', '2018-06-14 19:03:29'),(41, 2, 350.00, 8.00, 400.00, 10.00, 'Traslado al Aeropuerto Internacional CDMX Origen Santa F', 'Traslado al AICM T2 Origen Santa F', '2018-06-14 14:24:55', NULL, 168, 191, 1, 2, NULL, '2018-06-14 14:24:55', '2018-06-14 19:03:30'),(42, 2, 400.00, 8.00, 500.00, 10.00, 'Recepcin en el Aeropuerto Internacional CDMX T1 destino a Santa F', 'Recepcin en el AICM T1 Destino a Santa F', '2018-06-14 14:26:33', NULL, 168, 191, 1, 2, NULL, '2018-06-14 14:26:33', '2018-06-14 19:03:30'),(43, 2, 400.00, 8.00, 500.00, 10.00, 'Recepcin en el Aeropuerto Internacional CDMX destino a Santa F', 'Recepcin en el AICM T2 Destino a Santa F', '2018-06-14 14:27:34', NULL, 168, 191, 1, 2, NULL, '2018-06-14 14:27:34', '2018-06-14 19:03:30'),(44, 2, 550.00, 8.00, 600.00, 10.00, 'Traslado al Aeropuerto Internacional de Toluca origen Polanco', 'Traslado al Aeropuerto Internacional de Toluca', '2018-06-14 14:29:37', NULL, 168, 191, 1, 2, NULL, '2018-06-14 14:29:37', '2018-06-14 19:03:31'),(45, 2, 700.00, 8.00, 800.00, 11.00, 'Recepcin AICM T1 o T2 destino Aeropuerto Internacional Toluca', 'Recepcin AICM T1 o T2 destino Aeropuerto Internacional Toluca', '2018-06-14 14:31:11', NULL, 168, 191, 1, 2, NULL, '2018-06-14 14:31:11', '2018-06-14 19:03:31'),(46, 2, 350.00, 9.00, 400.00, 12.00, 'Traslado Bilinge al Aeropuerto Internacional CDMX T1', 'Traslado Bilinge al AICM T1', '2018-06-14 14:39:34', NULL, 168, 190, 1, 2, NULL, '2018-06-14 14:39:34', '2018-06-14 19:03:31'),(47, 2, 350.00, 9.00, 400.00, 12.00, 'Traslado Bilinge al Aeropuerto Internacional CDMX T2', 'Traslado Bilinge al AICM T2', '2018-06-14 14:44:29', NULL, 168, 190, 1, 2, NULL, '2018-06-14 14:44:29', '2018-06-14 19:03:32'),(48, 2, 400.00, 9.00, 500.00, 12.00, 'Recepcin Bilinge en el Aeropuerto Internacional CDMX T1', 'Recepcin Bilinge en el AICM T1', '2018-06-14 14:46:55', NULL, 168, 190, 1, 2, NULL, '2018-06-14 14:46:55', '2018-06-14 19:03:32'),(49, 2, 400.00, 9.00, 500.00, 12.00, 'Recepcin Bilinge en el Aeropuerto Iinternacional CDMX T2', 'Recepcin Bilinge en el AICM T2', '2018-06-14 14:47:49', NULL, 168, 190, 1, 2, NULL, '2018-06-14 14:47:49', '2018-06-14 19:03:32'),(50, 2, 240.00, 9.00, 280.00, 12.00, 'Traslado Bilinge a la Terminal de Autobuses Central del Norte', 'Traslado Bilinge a la Terminal de Autobuses Central del Norte', '2018-06-14 14:49:13', NULL, 168, 190, 1, 2, NULL, '2018-06-14 14:49:13', '2018-06-14 19:03:33'),(51, 2, 280.00, 9.00, 320.00, 12.00, 'Traslado Bilinge a la Terminal de Autobuses de Pasajeros Oriente (TAPO)', 'Traslado Bilinge a la Terminal de Autobuses de Pasajeros Oriente (TAPO)', '2018-06-14 14:50:33', NULL, 168, 190, 1, 2, NULL, '2018-06-14 14:50:33', '2018-06-14 19:03:33'),(52, 2, 310.00, 9.00, 350.00, 12.00, 'Traslado Bilinge a la Terminal de Autobuses Central del Sur (Taxquea)', 'Traslado Bilinge a la Terminal de Autobuses Central del Sur (Taxquea)', '2018-06-14 14:51:43', NULL, 168, 190, 1, 2, NULL, '2018-06-14 14:51:43', '2018-06-14 19:03:33'),(53, 2, 200.00, 9.00, 230.00, 12.00, 'Traslado Bilinge a la Terminal Central de Autobuses Poniente', 'Traslado Bilinge a la Terminal Central de Autobuses Poniente', '2018-06-14 14:52:32', NULL, 168, 190, 1, 2, NULL, '2018-06-14 14:52:32', '2018-06-14 19:03:34'),(54, 2, 400.00, 9.00, 500.00, 12.00, 'Traslado Bilinge al Aeropuerto Internacional CDMX T1 Origen Santa F', 'Traslado Bilinge al AICM T1 Origen Santa F', '2018-06-14 14:55:26', NULL, 168, 190, 1, 2, NULL, '2018-06-14 14:55:26', '2018-06-14 19:03:34'),(55, 2, 400.00, 9.00, 500.00, 12.00, 'Traslado Bilinge al AICM T2 Origen Santa F', 'Traslado Bilinge al AICM T2 Origen Santa F', '2018-06-14 14:56:08', NULL, 168, 190, 1, 2, NULL, '2018-06-14 14:56:08', '2018-06-14 19:03:34'),(56, 2, 500.00, 9.00, 600.00, 12.00, 'Recepcin Bilinge en el AICM T1 destino Santa F', 'Recepcin Bilinge en el AICM T1 destino Santa F', '2018-06-14 15:03:46', NULL, 168, 190, 1, 2, NULL, '2018-06-14 15:03:46', '2018-06-14 19:03:35'),(57, 2, 500.00, 9.00, 600.00, 12.00, 'Recepcin Bilinge en el AICM T2 destino Santa F', 'Recepcin Bilinge en el AICM T2 destino Santa F', '2018-06-14 15:04:22', NULL, 168, 190, 1, 2, NULL, '2018-06-14 15:04:22', '2018-06-14 19:03:35'),(58, 2, 650.00, 9.00, 800.00, 12.00, 'Traslado Bilinge al Aeropuerto Internacional de Toluca origen Polanco', 'Traslado Bilinge al Aeropuerto Internacional de Toluca', '2018-06-14 15:10:28', NULL, 168, 190, 1, 2, NULL, '2018-06-14 15:10:28', '2018-06-14 19:03:35'),(59, 2, 800.00, 9.00, 1000.00, 12.00, 'Recepcin Bilinge AICM T1 o T2 destino Aeropuerto Internacional Toluca', 'Recepcin Bilinge AICM T1 o T2 destino Aeropuerto Internacional Toluca', '2018-06-14 15:11:07', NULL, 168, 190, 1, 2, NULL, '2018-06-14 15:11:07', '2018-06-14 19:03:36'),(60, 2, 45.00, 8.00, 60.00, 10.00, 'Tarifa bsica para viajes en espaol para servicios no tabulados', 'Tarifa predeterminada', '2018-06-14 15:17:33', NULL, 168, 189, 0, 2, NULL, '2018-06-14 15:17:33', '2018-06-14 19:03:36'),(61, 2, 130.00, 9.00, 140.00, 12.00, 'Tarifa para viajes bilinges no tabulados', 'Tarifa viajes bilinges', '2018-06-14 15:20:18', NULL, 168, 190, 0, 2, NULL, '2018-06-14 15:20:18', '2018-06-14 19:03:36'),(62, 2, 45.00, 8.00, 65.00, 11.00, 'Traslados forneos para servicios no tabulados', 'Tarifa forneos', '2018-06-14 18:56:13', NULL, 168, 268, 0, 2, NULL, '2018-06-14 18:56:13', '2018-06-14 19:03:37'),(63, 3, 250.00, 8.00, 300.00, 10.00, 'Traslado al Aeropuerto Internacional CDMX T1', 'Traslado al AICM T1', '2018-06-14 13:39:33', NULL, 168, 191, 1, 2, NULL, '2018-06-14 13:39:33', '2018-06-14 19:03:27'),(64, 3, 250.00, 8.00, 300.00, 10.00, 'Traslado al Aeropuerto Internacional CDMX T2', 'Traslado al AICM T2', '2018-06-14 13:40:31', NULL, 168, 191, 1, 2, NULL, '2018-06-14 13:40:31', '2018-06-14 19:03:27'),(65, 3, 300.00, 8.00, 400.00, 10.00, 'Recepcin en el Aeropuerto Internacional CDMX T1', 'Recepcin en el AICM T1', '2018-06-14 13:46:20', NULL, 168, 191, 1, 2, NULL, '2018-06-14 13:46:20', '2018-06-14 19:03:27'),(66, 3, 300.00, 8.00, 400.00, 10.00, 'Recepcin en el Aeropuerto Internacional CDMX T2', 'Recepcin en el AICM T2', '2018-06-14 13:47:15', NULL, 168, 191, 1, 2, NULL, '2018-06-14 13:47:15', '2018-06-14 19:03:28'),(67, 3, 160.00, 8.00, 1.80, 10.00, 'Traslado a la Terminal de Autobuses Central del Norte', 'Traslado a la Terminal de Autobuses Central del Norte', '2018-06-14 14:12:58', NULL, 168, 191, 1, 2, NULL, '2018-06-14 14:12:58', '2018-06-14 19:03:28'),(68, 3, 200.00, 8.00, 220.00, 10.00, 'Traslado a la Terminal de Autobuses de Pasajeros Oriente (TAPO)', 'Traslado a la Terminal de Autobuses de Pasajeros Oriente (TAPO)', '2018-06-14 14:16:35', NULL, 168, 191, 1, 2, NULL, '2018-06-14 14:16:35', '2018-06-14 19:03:28'),(69, 3, 230.00, 8.00, 250.00, 10.00, 'Traslado a la Terminal de Autobuses Central del Sur (Taxquea)', 'Traslado a la Terminal de Autobuses Central del Sur (Taxquea)', '2018-06-14 14:19:12', NULL, 168, 191, 1, 2, NULL, '2018-06-14 14:19:12', '2018-06-14 19:03:29'),(70, 3, 100.00, 8.00, 130.00, 10.00, 'Traslado a la Terminal Central de Autobuses Poniente', 'Traslado a la Terminal Central de Autobuses Poniente', '2018-06-14 14:21:01', NULL, 168, 191, 1, 2, NULL, '2018-06-14 14:21:01', '2018-06-14 19:03:29'),(71, 3, 350.00, 8.00, 400.00, 10.00, 'Traslado al Aeropuerto Internacional CDMX T1 Origen Santa F', 'Traslado al AICM T1 Origen Santa F', '2018-06-14 14:23:27', NULL, 168, 191, 1, 2, NULL, '2018-06-14 14:23:27', '2018-06-14 19:03:29'),(72, 3, 350.00, 8.00, 400.00, 10.00, 'Traslado al Aeropuerto Internacional CDMX Origen Santa F', 'Traslado al AICM T2 Origen Santa F', '2018-06-14 14:24:55', NULL, 168, 191, 1, 2, NULL, '2018-06-14 14:24:55', '2018-06-14 19:03:30'),(73, 3, 400.00, 8.00, 500.00, 10.00, 'Recepcin en el Aeropuerto Internacional CDMX T1 destino a Santa F', 'Recepcin en el AICM T1 Destino a Santa F', '2018-06-14 14:26:33', NULL, 168, 191, 1, 2, NULL, '2018-06-14 14:26:33', '2018-06-14 19:03:30'),(74, 3, 400.00, 8.00, 500.00, 10.00, 'Recepcin en el Aeropuerto Internacional CDMX destino a Santa F', 'Recepcin en el AICM T2 Destino a Santa F', '2018-06-14 14:27:34', NULL, 168, 191, 1, 2, NULL, '2018-06-14 14:27:34', '2018-06-14 19:03:30'),(75, 3, 550.00, 8.00, 600.00, 10.00, 'Traslado al Aeropuerto Internacional de Toluca origen Polanco', 'Traslado al Aeropuerto Internacional de Toluca', '2018-06-14 14:29:37', NULL, 168, 191, 1, 2, NULL, '2018-06-14 14:29:37', '2018-06-14 19:03:31'),(76, 3, 700.00, 8.00, 800.00, 11.00, 'Recepcin AICM T1 o T2 destino Aeropuerto Internacional Toluca', 'Recepcin AICM T1 o T2 destino Aeropuerto Internacional Toluca', '2018-06-14 14:31:11', NULL, 168, 191, 1, 2, NULL, '2018-06-14 14:31:11', '2018-06-14 19:03:31'),(77, 3, 350.00, 9.00, 400.00, 12.00, 'Traslado Bilinge al Aeropuerto Internacional CDMX T1', 'Traslado Bilinge al AICM T1', '2018-06-14 14:39:34', NULL, 168, 190, 1, 2, NULL, '2018-06-14 14:39:34', '2018-06-14 19:03:31'),(78, 3, 350.00, 9.00, 400.00, 12.00, 'Traslado Bilinge al Aeropuerto Internacional CDMX T2', 'Traslado Bilinge al AICM T2', '2018-06-14 14:44:29', NULL, 168, 190, 1, 2, NULL, '2018-06-14 14:44:29', '2018-06-14 19:03:32'),(79, 3, 400.00, 9.00, 500.00, 12.00, 'Recepcin Bilinge en el Aeropuerto Internacional CDMX T1', 'Recepcin Bilinge en el AICM T1', '2018-06-14 14:46:55', NULL, 168, 190, 1, 2, NULL, '2018-06-14 14:46:55', '2018-06-14 19:03:32'),(80, 3, 400.00, 9.00, 500.00, 12.00, 'Recepcin Bilinge en el Aeropuerto Iinternacional CDMX T2', 'Recepcin Bilinge en el AICM T2', '2018-06-14 14:47:49', NULL, 168, 190, 1, 2, NULL, '2018-06-14 14:47:49', '2018-06-14 19:03:32'),(81, 3, 240.00, 9.00, 280.00, 12.00, 'Traslado Bilinge a la Terminal de Autobuses Central del Norte', 'Traslado Bilinge a la Terminal de Autobuses Central del Norte', '2018-06-14 14:49:13', NULL, 168, 190, 1, 2, NULL, '2018-06-14 14:49:13', '2018-06-14 19:03:33'),(82, 3, 280.00, 9.00, 320.00, 12.00, 'Traslado Bilinge a la Terminal de Autobuses de Pasajeros Oriente (TAPO)', 'Traslado Bilinge a la Terminal de Autobuses de Pasajeros Oriente (TAPO)', '2018-06-14 14:50:33', NULL, 168, 190, 1, 2, NULL, '2018-06-14 14:50:33', '2018-06-14 19:03:33'),(83, 3, 310.00, 9.00, 350.00, 12.00, 'Traslado Bilinge a la Terminal de Autobuses Central del Sur (Taxquea)', 'Traslado Bilinge a la Terminal de Autobuses Central del Sur (Taxquea)', '2018-06-14 14:51:43', NULL, 168, 190, 1, 2, NULL, '2018-06-14 14:51:43', '2018-06-14 19:03:33'),(84, 3, 200.00, 9.00, 230.00, 12.00, 'Traslado Bilinge a la Terminal Central de Autobuses Poniente', 'Traslado Bilinge a la Terminal Central de Autobuses Poniente', '2018-06-14 14:52:32', NULL, 168, 190, 1, 2, NULL, '2018-06-14 14:52:32', '2018-06-14 19:03:34'),(85, 3, 400.00, 9.00, 500.00, 12.00, 'Traslado Bilinge al Aeropuerto Internacional CDMX T1 Origen Santa F', 'Traslado Bilinge al AICM T1 Origen Santa F', '2018-06-14 14:55:26', NULL, 168, 190, 1, 2, NULL, '2018-06-14 14:55:26', '2018-06-14 19:03:34'),(86, 3, 400.00, 9.00, 500.00, 12.00, 'Traslado Bilinge al AICM T2 Origen Santa F', 'Traslado Bilinge al AICM T2 Origen Santa F', '2018-06-14 14:56:08', NULL, 168, 190, 1, 2, NULL, '2018-06-14 14:56:08', '2018-06-14 19:03:34'),(87, 3, 500.00, 9.00, 600.00, 12.00, 'Recepcin Bilinge en el AICM T1 destino Santa F', 'Recepcin Bilinge en el AICM T1 destino Santa F', '2018-06-14 15:03:46', NULL, 168, 190, 1, 2, NULL, '2018-06-14 15:03:46', '2018-06-14 19:03:35'),(88, 3, 500.00, 9.00, 600.00, 12.00, 'Recepcin Bilinge en el AICM T2 destino Santa F', 'Recepcin Bilinge en el AICM T2 destino Santa F', '2018-06-14 15:04:22', NULL, 168, 190, 1, 2, NULL, '2018-06-14 15:04:22', '2018-06-14 19:03:35'),(89, 3, 650.00, 9.00, 800.00, 12.00, 'Traslado Bilinge al Aeropuerto Internacional de Toluca origen Polanco', 'Traslado Bilinge al Aeropuerto Internacional de Toluca', '2018-06-14 15:10:28', NULL, 168, 190, 1, 2, NULL, '2018-06-14 15:10:28', '2018-06-14 19:03:35'),(90, 3, 800.00, 9.00, 1000.00, 12.00, 'Recepcin Bilinge AICM T1 o T2 destino Aeropuerto Internacional Toluca', 'Recepcin Bilinge AICM T1 o T2 destino Aeropuerto Internacional Toluca', '2018-06-14 15:11:07', NULL, 168, 190, 1, 2, NULL, '2018-06-14 15:11:07', '2018-06-14 19:03:36'),(91, 3, 45.00, 8.00, 60.00, 10.00, 'Tarifa bsica para viajes en espaol para servicios no tabulados', 'Tarifa predeterminada', '2018-06-14 15:17:33', NULL, 168, 189, 0, 2, NULL, '2018-06-14 15:17:33', '2018-06-14 19:03:36'),(92, 3, 130.00, 9.00, 140.00, 12.00, 'Tarifa para viajes bilinges no tabulados', 'Tarifa viajes bilinges', '2018-06-14 15:20:18', NULL, 168, 190, 0, 2, NULL, '2018-06-14 15:20:18', '2018-06-14 19:03:36'),(93, 3, 45.00, 8.00, 65.00, 11.00, 'Traslados forneos para servicios no tabulados', 'Tarifa forneos', '2018-06-14 18:56:13', NULL, 168, 268, 0, 2, NULL, '2018-06-14 18:56:13', '2018-06-14 19:03:37'),(94, 4, 250.00, 8.00, 300.00, 10.00, 'Traslado al Aeropuerto Internacional CDMX T1', 'Traslado al AICM T1', '2018-06-14 13:39:33', NULL, 168, 191, 1, 2, NULL, '2018-06-14 13:39:33', '2018-06-14 19:03:27'),(95, 4, 250.00, 8.00, 300.00, 10.00, 'Traslado al Aeropuerto Internacional CDMX T2', 'Traslado al AICM T2', '2018-06-14 13:40:31', NULL, 168, 191, 1, 2, NULL, '2018-06-14 13:40:31', '2018-06-14 19:03:27'),(96, 4, 300.00, 8.00, 400.00, 10.00, 'Recepcin en el Aeropuerto Internacional CDMX T1', 'Recepcin en el AICM T1', '2018-06-14 13:46:20', NULL, 168, 191, 1, 2, NULL, '2018-06-14 13:46:20', '2018-06-14 19:03:27'),(97, 4, 300.00, 8.00, 400.00, 10.00, 'Recepcin en el Aeropuerto Internacional CDMX T2', 'Recepcin en el AICM T2', '2018-06-14 13:47:15', NULL, 168, 191, 1, 2, NULL, '2018-06-14 13:47:15', '2018-06-14 19:03:28'),(98, 4, 160.00, 8.00, 1.80, 10.00, 'Traslado a la Terminal de Autobuses Central del Norte', 'Traslado a la Terminal de Autobuses Central del Norte', '2018-06-14 14:12:58', NULL, 168, 191, 1, 2, NULL, '2018-06-14 14:12:58', '2018-06-14 19:03:28'),(99, 4, 200.00, 8.00, 220.00, 10.00, 'Traslado a la Terminal de Autobuses de Pasajeros Oriente (TAPO)', 'Traslado a la Terminal de Autobuses de Pasajeros Oriente (TAPO)', '2018-06-14 14:16:35', NULL, 168, 191, 1, 2, NULL, '2018-06-14 14:16:35', '2018-06-14 19:03:28'),(100, 4, 230.00, 8.00, 250.00, 10.00, 'Traslado a la Terminal de Autobuses Central del Sur (Taxquea)', 'Traslado a la Terminal de Autobuses Central del Sur (Taxquea)', '2018-06-14 14:19:12', NULL, 168, 191, 1, 2, NULL, '2018-06-14 14:19:12', '2018-06-14 19:03:29'),(101, 4, 100.00, 8.00, 130.00, 10.00, 'Traslado a la Terminal Central de Autobuses Poniente', 'Traslado a la Terminal Central de Autobuses Poniente', '2018-06-14 14:21:01', NULL, 168, 191, 1, 2, NULL, '2018-06-14 14:21:01', '2018-06-14 19:03:29'),(102, 4, 350.00, 8.00, 400.00, 10.00, 'Traslado al Aeropuerto Internacional CDMX T1 Origen Santa F', 'Traslado al AICM T1 Origen Santa F', '2018-06-14 14:23:27', NULL, 168, 191, 1, 2, NULL, '2018-06-14 14:23:27', '2018-06-14 19:03:29'),(103, 4, 350.00, 8.00, 400.00, 10.00, 'Traslado al Aeropuerto Internacional CDMX Origen Santa F', 'Traslado al AICM T2 Origen Santa F', '2018-06-14 14:24:55', NULL, 168, 191, 1, 2, NULL, '2018-06-14 14:24:55', '2018-06-14 19:03:30'),(104, 4, 400.00, 8.00, 500.00, 10.00, 'Recepcin en el Aeropuerto Internacional CDMX T1 destino a Santa F', 'Recepcin en el AICM T1 Destino a Santa F', '2018-06-14 14:26:33', NULL, 168, 191, 1, 2, NULL, '2018-06-14 14:26:33', '2018-06-14 19:03:30'),(105, 4, 400.00, 8.00, 500.00, 10.00, 'Recepcin en el Aeropuerto Internacional CDMX destino a Santa F', 'Recepcin en el AICM T2 Destino a Santa F', '2018-06-14 14:27:34', NULL, 168, 191, 1, 2, NULL, '2018-06-14 14:27:34', '2018-06-14 19:03:30'),(106, 4, 550.00, 8.00, 600.00, 10.00, 'Traslado al Aeropuerto Internacional de Toluca origen Polanco', 'Traslado al Aeropuerto Internacional de Toluca', '2018-06-14 14:29:37', NULL, 168, 191, 1, 2, NULL, '2018-06-14 14:29:37', '2018-06-14 19:03:31'),(107, 4, 700.00, 8.00, 800.00, 11.00, 'Recepcin AICM T1 o T2 destino Aeropuerto Internacional Toluca', 'Recepcin AICM T1 o T2 destino Aeropuerto Internacional Toluca', '2018-06-14 14:31:11', NULL, 168, 191, 1, 2, NULL, '2018-06-14 14:31:11', '2018-06-14 19:03:31'),(108, 4, 350.00, 9.00, 400.00, 12.00, 'Traslado Bilinge al Aeropuerto Internacional CDMX T1', 'Traslado Bilinge al AICM T1', '2018-06-14 14:39:34', NULL, 168, 190, 1, 2, NULL, '2018-06-14 14:39:34', '2018-06-14 19:03:31'),(109, 4, 350.00, 9.00, 400.00, 12.00, 'Traslado Bilinge al Aeropuerto Internacional CDMX T2', 'Traslado Bilinge al AICM T2', '2018-06-14 14:44:29', NULL, 168, 190, 1, 2, NULL, '2018-06-14 14:44:29', '2018-06-14 19:03:32'),(110, 4, 400.00, 9.00, 500.00, 12.00, 'Recepcin Bilinge en el Aeropuerto Internacional CDMX T1', 'Recepcin Bilinge en el AICM T1', '2018-06-14 14:46:55', NULL, 168, 190, 1, 2, NULL, '2018-06-14 14:46:55', '2018-06-14 19:03:32'),(111, 4, 400.00, 9.00, 500.00, 12.00, 'Recepcin Bilinge en el Aeropuerto Iinternacional CDMX T2', 'Recepcin Bilinge en el AICM T2', '2018-06-14 14:47:49', NULL, 168, 190, 1, 2, NULL, '2018-06-14 14:47:49', '2018-06-14 19:03:32'),(112, 4, 240.00, 9.00, 280.00, 12.00, 'Traslado Bilinge a la Terminal de Autobuses Central del Norte', 'Traslado Bilinge a la Terminal de Autobuses Central del Norte', '2018-06-14 14:49:13', NULL, 168, 190, 1, 2, NULL, '2018-06-14 14:49:13', '2018-06-14 19:03:33'),(113, 4, 280.00, 9.00, 320.00, 12.00, 'Traslado Bilinge a la Terminal de Autobuses de Pasajeros Oriente (TAPO)', 'Traslado Bilinge a la Terminal de Autobuses de Pasajeros Oriente (TAPO)', '2018-06-14 14:50:33', NULL, 168, 190, 1, 2, NULL, '2018-06-14 14:50:33', '2018-06-14 19:03:33'),(114, 4, 310.00, 9.00, 350.00, 12.00, 'Traslado Bilinge a la Terminal de Autobuses Central del Sur (Taxquea)', 'Traslado Bilinge a la Terminal de Autobuses Central del Sur (Taxquea)', '2018-06-14 14:51:43', NULL, 168, 190, 1, 2, NULL, '2018-06-14 14:51:43', '2018-06-14 19:03:33'),(115, 4, 200.00, 9.00, 230.00, 12.00, 'Traslado Bilinge a la Terminal Central de Autobuses Poniente', 'Traslado Bilinge a la Terminal Central de Autobuses Poniente', '2018-06-14 14:52:32', NULL, 168, 190, 1, 2, NULL, '2018-06-14 14:52:32', '2018-06-14 19:03:34'),(116, 4, 400.00, 9.00, 500.00, 12.00, 'Traslado Bilinge al Aeropuerto Internacional CDMX T1 Origen Santa F', 'Traslado Bilinge al AICM T1 Origen Santa F', '2018-06-14 14:55:26', NULL, 168, 190, 1, 2, NULL, '2018-06-14 14:55:26', '2018-06-14 19:03:34'),(117, 4, 400.00, 9.00, 500.00, 12.00, 'Traslado Bilinge al AICM T2 Origen Santa F', 'Traslado Bilinge al AICM T2 Origen Santa F', '2018-06-14 14:56:08', NULL, 168, 190, 1, 2, NULL, '2018-06-14 14:56:08', '2018-06-14 19:03:34'),(118, 4, 500.00, 9.00, 600.00, 12.00, 'Recepcin Bilinge en el AICM T1 destino Santa F', 'Recepcin Bilinge en el AICM T1 destino Santa F', '2018-06-14 15:03:46', NULL, 168, 190, 1, 2, NULL, '2018-06-14 15:03:46', '2018-06-14 19:03:35'),(119, 4, 500.00, 9.00, 600.00, 12.00, 'Recepcin Bilinge en el AICM T2 destino Santa F', 'Recepcin Bilinge en el AICM T2 destino Santa F', '2018-06-14 15:04:22', NULL, 168, 190, 1, 2, NULL, '2018-06-14 15:04:22', '2018-06-14 19:03:35'),(120, 4, 650.00, 9.00, 800.00, 12.00, 'Traslado Bilinge al Aeropuerto Internacional de Toluca origen Polanco', 'Traslado Bilinge al Aeropuerto Internacional de Toluca', '2018-06-14 15:10:28', NULL, 168, 190, 1, 2, NULL, '2018-06-14 15:10:28', '2018-06-14 19:03:35'),(121, 4, 800.00, 9.00, 1000.00, 12.00, 'Recepcin Bilinge AICM T1 o T2 destino Aeropuerto Internacional Toluca', 'Recepcin Bilinge AICM T1 o T2 destino Aeropuerto Internacional Toluca', '2018-06-14 15:11:07', NULL, 168, 190, 1, 2, NULL, '2018-06-14 15:11:07', '2018-06-14 19:03:36'),(122, 4, 45.00, 8.00, 60.00, 10.00, 'Tarifa bsica para viajes en espaol para servicios no tabulados', 'Tarifa predeterminada', '2018-06-14 15:17:33', NULL, 168, 189, 0, 2, NULL, '2018-06-14 15:17:33', '2018-06-14 19:03:36'),(123, 4, 130.00, 9.00, 140.00, 12.00, 'Tarifa para viajes bilinges no tabulados', 'Tarifa viajes bilinges', '2018-06-14 15:20:18', NULL, 168, 190, 0, 2, NULL, '2018-06-14 15:20:18', '2018-06-14 19:03:36'),(124, 4, 45.00, 8.00, 65.00, 11.00, 'Traslados forneos para servicios no tabulados', 'Tarifa forneos', '2018-06-14 18:56:13', NULL, 168, 268, 0, 2, NULL, '2018-06-14 18:56:13', '2018-06-14 19:03:37'),(125, 5, 250.00, 8.00, 300.00, 10.00, 'Traslado al Aeropuerto Internacional CDMX T1', 'Traslado al AICM T1', '2018-06-14 13:39:33', NULL, 168, 191, 1, 2, NULL, '2018-06-14 13:39:33', '2018-06-14 19:03:27'),(126, 5, 250.00, 8.00, 300.00, 10.00, 'Traslado al Aeropuerto Internacional CDMX T2', 'Traslado al AICM T2', '2018-06-14 13:40:31', NULL, 168, 191, 1, 2, NULL, '2018-06-14 13:40:31', '2018-06-14 19:03:27'),(127, 5, 300.00, 8.00, 400.00, 10.00, 'Recepcin en el Aeropuerto Internacional CDMX T1', 'Recepcin en el AICM T1', '2018-06-14 13:46:20', NULL, 168, 191, 1, 2, NULL, '2018-06-14 13:46:20', '2018-06-14 19:03:27'),(128, 5, 300.00, 8.00, 400.00, 10.00, 'Recepcin en el Aeropuerto Internacional CDMX T2', 'Recepcin en el AICM T2', '2018-06-14 13:47:15', NULL, 168, 191, 1, 2, NULL, '2018-06-14 13:47:15', '2018-06-14 19:03:28'),(129, 5, 160.00, 8.00, 1.80, 10.00, 'Traslado a la Terminal de Autobuses Central del Norte', 'Traslado a la Terminal de Autobuses Central del Norte', '2018-06-14 14:12:58', NULL, 168, 191, 1, 2, NULL, '2018-06-14 14:12:58', '2018-06-14 19:03:28'),(130, 5, 200.00, 8.00, 220.00, 10.00, 'Traslado a la Terminal de Autobuses de Pasajeros Oriente (TAPO)', 'Traslado a la Terminal de Autobuses de Pasajeros Oriente (TAPO)', '2018-06-14 14:16:35', NULL, 168, 191, 1, 2, NULL, '2018-06-14 14:16:35', '2018-06-14 19:03:28'),(131, 5, 230.00, 8.00, 250.00, 10.00, 'Traslado a la Terminal de Autobuses Central del Sur (Taxquea)', 'Traslado a la Terminal de Autobuses Central del Sur (Taxquea)', '2018-06-14 14:19:12', NULL, 168, 191, 1, 2, NULL, '2018-06-14 14:19:12', '2018-06-14 19:03:29'),(132, 5, 100.00, 8.00, 130.00, 10.00, 'Traslado a la Terminal Central de Autobuses Poniente', 'Traslado a la Terminal Central de Autobuses Poniente', '2018-06-14 14:21:01', NULL, 168, 191, 1, 2, NULL, '2018-06-14 14:21:01', '2018-06-14 19:03:29'),(133, 5, 350.00, 8.00, 400.00, 10.00, 'Traslado al Aeropuerto Internacional CDMX T1 Origen Santa F', 'Traslado al AICM T1 Origen Santa F', '2018-06-14 14:23:27', NULL, 168, 191, 1, 2, NULL, '2018-06-14 14:23:27', '2018-06-14 19:03:29'),(134, 5, 350.00, 8.00, 400.00, 10.00, 'Traslado al Aeropuerto Internacional CDMX Origen Santa F', 'Traslado al AICM T2 Origen Santa F', '2018-06-14 14:24:55', NULL, 168, 191, 1, 2, NULL, '2018-06-14 14:24:55', '2018-06-14 19:03:30'),(135, 5, 400.00, 8.00, 500.00, 10.00, 'Recepcin en el Aeropuerto Internacional CDMX T1 destino a Santa F', 'Recepcin en el AICM T1 Destino a Santa F', '2018-06-14 14:26:33', NULL, 168, 191, 1, 2, NULL, '2018-06-14 14:26:33', '2018-06-14 19:03:30'),(136, 5, 400.00, 8.00, 500.00, 10.00, 'Recepcin en el Aeropuerto Internacional CDMX destino a Santa F', 'Recepcin en el AICM T2 Destino a Santa F', '2018-06-14 14:27:34', NULL, 168, 191, 1, 2, NULL, '2018-06-14 14:27:34', '2018-06-14 19:03:30'),(137, 5, 550.00, 8.00, 600.00, 10.00, 'Traslado al Aeropuerto Internacional de Toluca origen Polanco', 'Traslado al Aeropuerto Internacional de Toluca', '2018-06-14 14:29:37', NULL, 168, 191, 1, 2, NULL, '2018-06-14 14:29:37', '2018-06-14 19:03:31'),(138, 5, 700.00, 8.00, 800.00, 11.00, 'Recepcin AICM T1 o T2 destino Aeropuerto Internacional Toluca', 'Recepcin AICM T1 o T2 destino Aeropuerto Internacional Toluca', '2018-06-14 14:31:11', NULL, 168, 191, 1, 2, NULL, '2018-06-14 14:31:11', '2018-06-14 19:03:31'),(139, 5, 350.00, 9.00, 400.00, 12.00, 'Traslado Bilinge al Aeropuerto Internacional CDMX T1', 'Traslado Bilinge al AICM T1', '2018-06-14 14:39:34', NULL, 168, 190, 1, 2, NULL, '2018-06-14 14:39:34', '2018-06-14 19:03:31'),(140, 5, 350.00, 9.00, 400.00, 12.00, 'Traslado Bilinge al Aeropuerto Internacional CDMX T2', 'Traslado Bilinge al AICM T2', '2018-06-14 14:44:29', NULL, 168, 190, 1, 2, NULL, '2018-06-14 14:44:29', '2018-06-14 19:03:32'),(141, 5, 400.00, 9.00, 500.00, 12.00, 'Recepcin Bilinge en el Aeropuerto Internacional CDMX T1', 'Recepcin Bilinge en el AICM T1', '2018-06-14 14:46:55', NULL, 168, 190, 1, 2, NULL, '2018-06-14 14:46:55', '2018-06-14 19:03:32'),(142, 5, 400.00, 9.00, 500.00, 12.00, 'Recepcin Bilinge en el Aeropuerto Iinternacional CDMX T2', 'Recepcin Bilinge en el AICM T2', '2018-06-14 14:47:49', NULL, 168, 190, 1, 2, NULL, '2018-06-14 14:47:49', '2018-06-14 19:03:32'),(143, 5, 240.00, 9.00, 280.00, 12.00, 'Traslado Bilinge a la Terminal de Autobuses Central del Norte', 'Traslado Bilinge a la Terminal de Autobuses Central del Norte', '2018-06-14 14:49:13', NULL, 168, 190, 1, 2, NULL, '2018-06-14 14:49:13', '2018-06-14 19:03:33'),(144, 5, 280.00, 9.00, 320.00, 12.00, 'Traslado Bilinge a la Terminal de Autobuses de Pasajeros Oriente (TAPO)', 'Traslado Bilinge a la Terminal de Autobuses de Pasajeros Oriente (TAPO)', '2018-06-14 14:50:33', NULL, 168, 190, 1, 2, NULL, '2018-06-14 14:50:33', '2018-06-14 19:03:33'),(145, 5, 310.00, 9.00, 350.00, 12.00, 'Traslado Bilinge a la Terminal de Autobuses Central del Sur (Taxquea)', 'Traslado Bilinge a la Terminal de Autobuses Central del Sur (Taxquea)', '2018-06-14 14:51:43', NULL, 168, 190, 1, 2, NULL, '2018-06-14 14:51:43', '2018-06-14 19:03:33'),(146, 5, 200.00, 9.00, 230.00, 12.00, 'Traslado Bilinge a la Terminal Central de Autobuses Poniente', 'Traslado Bilinge a la Terminal Central de Autobuses Poniente', '2018-06-14 14:52:32', NULL, 168, 190, 1, 2, NULL, '2018-06-14 14:52:32', '2018-06-14 19:03:34'),(147, 5, 400.00, 9.00, 500.00, 12.00, 'Traslado Bilinge al Aeropuerto Internacional CDMX T1 Origen Santa F', 'Traslado Bilinge al AICM T1 Origen Santa F', '2018-06-14 14:55:26', NULL, 168, 190, 1, 2, NULL, '2018-06-14 14:55:26', '2018-06-14 19:03:34'),(148, 5, 400.00, 9.00, 500.00, 12.00, 'Traslado Bilinge al AICM T2 Origen Santa F', 'Traslado Bilinge al AICM T2 Origen Santa F', '2018-06-14 14:56:08', NULL, 168, 190, 1, 2, NULL, '2018-06-14 14:56:08', '2018-06-14 19:03:34'),(149, 5, 500.00, 9.00, 600.00, 12.00, 'Recepcin Bilinge en el AICM T1 destino Santa F', 'Recepcin Bilinge en el AICM T1 destino Santa F', '2018-06-14 15:03:46', NULL, 168, 190, 1, 2, NULL, '2018-06-14 15:03:46', '2018-06-14 19:03:35'),(150, 5, 500.00, 9.00, 600.00, 12.00, 'Recepcin Bilinge en el AICM T2 destino Santa F', 'Recepcin Bilinge en el AICM T2 destino Santa F', '2018-06-14 15:04:22', NULL, 168, 190, 1, 2, NULL, '2018-06-14 15:04:22', '2018-06-14 19:03:35'),(151, 5, 650.00, 9.00, 800.00, 12.00, 'Traslado Bilinge al Aeropuerto Internacional de Toluca origen Polanco', 'Traslado Bilinge al Aeropuerto Internacional de Toluca', '2018-06-14 15:10:28', NULL, 168, 190, 1, 2, NULL, '2018-06-14 15:10:28', '2018-06-14 19:03:35'),(152, 5, 800.00, 9.00, 1000.00, 12.00, 'Recepcin Bilinge AICM T1 o T2 destino Aeropuerto Internacional Toluca', 'Recepcin Bilinge AICM T1 o T2 destino Aeropuerto Internacional Toluca', '2018-06-14 15:11:07', NULL, 168, 190, 1, 2, NULL, '2018-06-14 15:11:07', '2018-06-14 19:03:36'),(153, 5, 45.00, 8.00, 60.00, 10.00, 'Tarifa bsica para viajes en espaol para servicios no tabulados', 'Tarifa predeterminada', '2018-06-14 15:17:33', NULL, 168, 189, 0, 2, NULL, '2018-06-14 15:17:33', '2018-06-14 19:03:36'),(154, 5, 130.00, 9.00, 140.00, 12.00, 'Tarifa para viajes bilinges no tabulados', 'Tarifa viajes bilinges', '2018-06-14 15:20:18', NULL, 168, 190, 0, 2, NULL, '2018-06-14 15:20:18', '2018-06-14 19:03:36'),(155, 5, 45.00, 8.00, 65.00, 11.00, 'Traslados forneos para servicios no tabulados', 'Tarifa forneos', '2018-06-14 18:56:13', NULL, 168, 268, 0, 2, NULL, '2018-06-14 18:56:13', '2018-06-14 19:03:37'),(156, 6, 250.00, 8.00, 300.00, 10.00, 'Traslado al Aeropuerto Internacional CDMX T1', 'Traslado al AICM T1', '2018-06-14 13:39:33', NULL, 168, 191, 1, 2, NULL, '2018-06-14 13:39:33', '2018-06-14 19:03:27'),(157, 6, 250.00, 8.00, 300.00, 10.00, 'Traslado al Aeropuerto Internacional CDMX T2', 'Traslado al AICM T2', '2018-06-14 13:40:31', NULL, 168, 191, 1, 2, NULL, '2018-06-14 13:40:31', '2018-06-14 19:03:27'),(158, 6, 300.00, 8.00, 400.00, 10.00, 'Recepcin en el Aeropuerto Internacional CDMX T1', 'Recepcin en el AICM T1', '2018-06-14 13:46:20', NULL, 168, 191, 1, 2, NULL, '2018-06-14 13:46:20', '2018-06-14 19:03:27'),(159, 6, 300.00, 8.00, 400.00, 10.00, 'Recepcin en el Aeropuerto Internacional CDMX T2', 'Recepcin en el AICM T2', '2018-06-14 13:47:15', NULL, 168, 191, 1, 2, NULL, '2018-06-14 13:47:15', '2018-06-14 19:03:28'),(160, 6, 160.00, 8.00, 1.80, 10.00, 'Traslado a la Terminal de Autobuses Central del Norte', 'Traslado a la Terminal de Autobuses Central del Norte', '2018-06-14 14:12:58', NULL, 168, 191, 1, 2, NULL, '2018-06-14 14:12:58', '2018-06-14 19:03:28'),(161, 6, 200.00, 8.00, 220.00, 10.00, 'Traslado a la Terminal de Autobuses de Pasajeros Oriente (TAPO)', 'Traslado a la Terminal de Autobuses de Pasajeros Oriente (TAPO)', '2018-06-14 14:16:35', NULL, 168, 191, 1, 2, NULL, '2018-06-14 14:16:35', '2018-06-14 19:03:28'),(162, 6, 230.00, 8.00, 250.00, 10.00, 'Traslado a la Terminal de Autobuses Central del Sur (Taxquea)', 'Traslado a la Terminal de Autobuses Central del Sur (Taxquea)', '2018-06-14 14:19:12', NULL, 168, 191, 1, 2, NULL, '2018-06-14 14:19:12', '2018-06-14 19:03:29'),(163, 6, 100.00, 8.00, 130.00, 10.00, 'Traslado a la Terminal Central de Autobuses Poniente', 'Traslado a la Terminal Central de Autobuses Poniente', '2018-06-14 14:21:01', NULL, 168, 191, 1, 2, NULL, '2018-06-14 14:21:01', '2018-06-14 19:03:29'),(164, 6, 350.00, 8.00, 400.00, 10.00, 'Traslado al Aeropuerto Internacional CDMX T1 Origen Santa F', 'Traslado al AICM T1 Origen Santa F', '2018-06-14 14:23:27', NULL, 168, 191, 1, 2, NULL, '2018-06-14 14:23:27', '2018-06-14 19:03:29'),(165, 6, 350.00, 8.00, 400.00, 10.00, 'Traslado al Aeropuerto Internacional CDMX Origen Santa F', 'Traslado al AICM T2 Origen Santa F', '2018-06-14 14:24:55', NULL, 168, 191, 1, 2, NULL, '2018-06-14 14:24:55', '2018-06-14 19:03:30'),(166, 6, 400.00, 8.00, 500.00, 10.00, 'Recepcin en el Aeropuerto Internacional CDMX T1 destino a Santa F', 'Recepcin en el AICM T1 Destino a Santa F', '2018-06-14 14:26:33', NULL, 168, 191, 1, 2, NULL, '2018-06-14 14:26:33', '2018-06-14 19:03:30'),(167, 6, 400.00, 8.00, 500.00, 10.00, 'Recepcin en el Aeropuerto Internacional CDMX destino a Santa F', 'Recepcin en el AICM T2 Destino a Santa F', '2018-06-14 14:27:34', NULL, 168, 191, 1, 2, NULL, '2018-06-14 14:27:34', '2018-06-14 19:03:30'),(168, 6, 550.00, 8.00, 600.00, 10.00, 'Traslado al Aeropuerto Internacional de Toluca origen Polanco', 'Traslado al Aeropuerto Internacional de Toluca', '2018-06-14 14:29:37', NULL, 168, 191, 1, 2, NULL, '2018-06-14 14:29:37', '2018-06-14 19:03:31'),(169, 6, 700.00, 8.00, 800.00, 11.00, 'Recepcin AICM T1 o T2 destino Aeropuerto Internacional Toluca', 'Recepcin AICM T1 o T2 destino Aeropuerto Internacional Toluca', '2018-06-14 14:31:11', NULL, 168, 191, 1, 2, NULL, '2018-06-14 14:31:11', '2018-06-14 19:03:31'),(170, 6, 350.00, 9.00, 400.00, 12.00, 'Traslado Bilinge al Aeropuerto Internacional CDMX T1', 'Traslado Bilinge al AICM T1', '2018-06-14 14:39:34', NULL, 168, 190, 1, 2, NULL, '2018-06-14 14:39:34', '2018-06-14 19:03:31'),(171, 6, 350.00, 9.00, 400.00, 12.00, 'Traslado Bilinge al Aeropuerto Internacional CDMX T2', 'Traslado Bilinge al AICM T2', '2018-06-14 14:44:29', NULL, 168, 190, 1, 2, NULL, '2018-06-14 14:44:29', '2018-06-14 19:03:32'),(172, 6, 400.00, 9.00, 500.00, 12.00, 'Recepcin Bilinge en el Aeropuerto Internacional CDMX T1', 'Recepcin Bilinge en el AICM T1', '2018-06-14 14:46:55', NULL, 168, 190, 1, 2, NULL, '2018-06-14 14:46:55', '2018-06-14 19:03:32'),(173, 6, 400.00, 9.00, 500.00, 12.00, 'Recepcin Bilinge en el Aeropuerto Iinternacional CDMX T2', 'Recepcin Bilinge en el AICM T2', '2018-06-14 14:47:49', NULL, 168, 190, 1, 2, NULL, '2018-06-14 14:47:49', '2018-06-14 19:03:32'),(174, 6, 240.00, 9.00, 280.00, 12.00, 'Traslado Bilinge a la Terminal de Autobuses Central del Norte', 'Traslado Bilinge a la Terminal de Autobuses Central del Norte', '2018-06-14 14:49:13', NULL, 168, 190, 1, 2, NULL, '2018-06-14 14:49:13', '2018-06-14 19:03:33'),(175, 6, 280.00, 9.00, 320.00, 12.00, 'Traslado Bilinge a la Terminal de Autobuses de Pasajeros Oriente (TAPO)', 'Traslado Bilinge a la Terminal de Autobuses de Pasajeros Oriente (TAPO)', '2018-06-14 14:50:33', NULL, 168, 190, 1, 2, NULL, '2018-06-14 14:50:33', '2018-06-14 19:03:33'),(176, 6, 310.00, 9.00, 350.00, 12.00, 'Traslado Bilinge a la Terminal de Autobuses Central del Sur (Taxquea)', 'Traslado Bilinge a la Terminal de Autobuses Central del Sur (Taxquea)', '2018-06-14 14:51:43', NULL, 168, 190, 1, 2, NULL, '2018-06-14 14:51:43', '2018-06-14 19:03:33'),(177, 6, 200.00, 9.00, 230.00, 12.00, 'Traslado Bilinge a la Terminal Central de Autobuses Poniente', 'Traslado Bilinge a la Terminal Central de Autobuses Poniente', '2018-06-14 14:52:32', NULL, 168, 190, 1, 2, NULL, '2018-06-14 14:52:32', '2018-06-14 19:03:34'),(178, 6, 400.00, 9.00, 500.00, 12.00, 'Traslado Bilinge al Aeropuerto Internacional CDMX T1 Origen Santa F', 'Traslado Bilinge al AICM T1 Origen Santa F', '2018-06-14 14:55:26', NULL, 168, 190, 1, 2, NULL, '2018-06-14 14:55:26', '2018-06-14 19:03:34'),(179, 6, 400.00, 9.00, 500.00, 12.00, 'Traslado Bilinge al AICM T2 Origen Santa F', 'Traslado Bilinge al AICM T2 Origen Santa F', '2018-06-14 14:56:08', NULL, 168, 190, 1, 2, NULL, '2018-06-14 14:56:08', '2018-06-14 19:03:34'),(180, 6, 500.00, 9.00, 600.00, 12.00, 'Recepcin Bilinge en el AICM T1 destino Santa F', 'Recepcin Bilinge en el AICM T1 destino Santa F', '2018-06-14 15:03:46', NULL, 168, 190, 1, 2, NULL, '2018-06-14 15:03:46', '2018-06-14 19:03:35'),(181, 6, 500.00, 9.00, 600.00, 12.00, 'Recepcin Bilinge en el AICM T2 destino Santa F', 'Recepcin Bilinge en el AICM T2 destino Santa F', '2018-06-14 15:04:22', NULL, 168, 190, 1, 2, NULL, '2018-06-14 15:04:22', '2018-06-14 19:03:35'),(182, 6, 650.00, 9.00, 800.00, 12.00, 'Traslado Bilinge al Aeropuerto Internacional de Toluca origen Polanco', 'Traslado Bilinge al Aeropuerto Internacional de Toluca', '2018-06-14 15:10:28', NULL, 168, 190, 1, 2, NULL, '2018-06-14 15:10:28', '2018-06-14 19:03:35'),(183, 6, 800.00, 9.00, 1000.00, 12.00, 'Recepcin Bilinge AICM T1 o T2 destino Aeropuerto Internacional Toluca', 'Recepcin Bilinge AICM T1 o T2 destino Aeropuerto Internacional Toluca', '2018-06-14 15:11:07', NULL, 168, 190, 1, 2, NULL, '2018-06-14 15:11:07', '2018-06-14 19:03:36'),(184, 6, 45.00, 8.00, 60.00, 10.00, 'Tarifa bsica para viajes en espaol para servicios no tabulados', 'Tarifa predeterminada', '2018-06-14 15:17:33', NULL, 168, 189, 0, 2, NULL, '2018-06-14 15:17:33', '2018-06-14 19:03:36'),(185, 6, 130.00, 9.00, 140.00, 12.00, 'Tarifa para viajes bilinges no tabulados', 'Tarifa viajes bilinges', '2018-06-14 15:20:18', NULL, 168, 190, 0, 2, NULL, '2018-06-14 15:20:18', '2018-06-14 19:03:36'),(186, 6, 45.00, 8.00, 65.00, 11.00, 'Traslados forneos para servicios no tabulados', 'Tarifa forneos', '2018-06-14 18:56:13', NULL, 168, 268, 0, 2, NULL, '2018-06-14 18:56:13', '2018-06-14 19:03:37'),(187, 7, 250.00, 8.00, 300.00, 10.00, 'Traslado al Aeropuerto Internacional CDMX T1', 'Traslado al AICM T1', '2018-06-14 13:39:33', NULL, 168, 191, 1, 2, NULL, '2018-06-14 13:39:33', '2018-06-14 19:03:27'),(188, 7, 250.00, 8.00, 300.00, 10.00, 'Traslado al Aeropuerto Internacional CDMX T2', 'Traslado al AICM T2', '2018-06-14 13:40:31', NULL, 168, 191, 1, 2, NULL, '2018-06-14 13:40:31', '2018-06-14 19:03:27'),(189, 7, 300.00, 8.00, 400.00, 10.00, 'Recepcin en el Aeropuerto Internacional CDMX T1', 'Recepcin en el AICM T1', '2018-06-14 13:46:20', NULL, 168, 191, 1, 2, NULL, '2018-06-14 13:46:20', '2018-06-14 19:03:27'),(190, 7, 300.00, 8.00, 400.00, 10.00, 'Recepcin en el Aeropuerto Internacional CDMX T2', 'Recepcin en el AICM T2', '2018-06-14 13:47:15', NULL, 168, 191, 1, 2, NULL, '2018-06-14 13:47:15', '2018-06-14 19:03:28'),(191, 7, 160.00, 8.00, 1.80, 10.00, 'Traslado a la Terminal de Autobuses Central del Norte', 'Traslado a la Terminal de Autobuses Central del Norte', '2018-06-14 14:12:58', NULL, 168, 191, 1, 2, NULL, '2018-06-14 14:12:58', '2018-06-14 19:03:28'),(192, 7, 200.00, 8.00, 220.00, 10.00, 'Traslado a la Terminal de Autobuses de Pasajeros Oriente (TAPO)', 'Traslado a la Terminal de Autobuses de Pasajeros Oriente (TAPO)', '2018-06-14 14:16:35', NULL, 168, 191, 1, 2, NULL, '2018-06-14 14:16:35', '2018-06-14 19:03:28'),(193, 7, 230.00, 8.00, 250.00, 10.00, 'Traslado a la Terminal de Autobuses Central del Sur (Taxquea)', 'Traslado a la Terminal de Autobuses Central del Sur (Taxquea)', '2018-06-14 14:19:12', NULL, 168, 191, 1, 2, NULL, '2018-06-14 14:19:12', '2018-06-14 19:03:29'),(194, 7, 100.00, 8.00, 130.00, 10.00, 'Traslado a la Terminal Central de Autobuses Poniente', 'Traslado a la Terminal Central de Autobuses Poniente', '2018-06-14 14:21:01', NULL, 168, 191, 1, 2, NULL, '2018-06-14 14:21:01', '2018-06-14 19:03:29'),(195, 7, 350.00, 8.00, 400.00, 10.00, 'Traslado al Aeropuerto Internacional CDMX T1 Origen Santa F', 'Traslado al AICM T1 Origen Santa F', '2018-06-14 14:23:27', NULL, 168, 191, 1, 2, NULL, '2018-06-14 14:23:27', '2018-06-14 19:03:29'),(196, 7, 350.00, 8.00, 400.00, 10.00, 'Traslado al Aeropuerto Internacional CDMX Origen Santa F', 'Traslado al AICM T2 Origen Santa F', '2018-06-14 14:24:55', NULL, 168, 191, 1, 2, NULL, '2018-06-14 14:24:55', '2018-06-14 19:03:30'),(197, 7, 400.00, 8.00, 500.00, 10.00, 'Recepcin en el Aeropuerto Internacional CDMX T1 destino a Santa F', 'Recepcin en el AICM T1 Destino a Santa F', '2018-06-14 14:26:33', NULL, 168, 191, 1, 2, NULL, '2018-06-14 14:26:33', '2018-06-14 19:03:30'),(198, 7, 400.00, 8.00, 500.00, 10.00, 'Recepcin en el Aeropuerto Internacional CDMX destino a Santa F', 'Recepcin en el AICM T2 Destino a Santa F', '2018-06-14 14:27:34', NULL, 168, 191, 1, 2, NULL, '2018-06-14 14:27:34', '2018-06-14 19:03:30'),(199, 7, 550.00, 8.00, 600.00, 10.00, 'Traslado al Aeropuerto Internacional de Toluca origen Polanco', 'Traslado al Aeropuerto Internacional de Toluca', '2018-06-14 14:29:37', NULL, 168, 191, 1, 2, NULL, '2018-06-14 14:29:37', '2018-06-14 19:03:31'),(200, 7, 700.00, 8.00, 800.00, 11.00, 'Recepcin AICM T1 o T2 destino Aeropuerto Internacional Toluca', 'Recepcin AICM T1 o T2 destino Aeropuerto Internacional Toluca', '2018-06-14 14:31:11', NULL, 168, 191, 1, 2, NULL, '2018-06-14 14:31:11', '2018-06-14 19:03:31'),(201, 7, 350.00, 9.00, 400.00, 12.00, 'Traslado Bilinge al Aeropuerto Internacional CDMX T1', 'Traslado Bilinge al AICM T1', '2018-06-14 14:39:34', NULL, 168, 190, 1, 2, NULL, '2018-06-14 14:39:34', '2018-06-14 19:03:31'),(202, 7, 350.00, 9.00, 400.00, 12.00, 'Traslado Bilinge al Aeropuerto Internacional CDMX T2', 'Traslado Bilinge al AICM T2', '2018-06-14 14:44:29', NULL, 168, 190, 1, 2, NULL, '2018-06-14 14:44:29', '2018-06-14 19:03:32'),(203, 7, 400.00, 9.00, 500.00, 12.00, 'Recepcin Bilinge en el Aeropuerto Internacional CDMX T1', 'Recepcin Bilinge en el AICM T1', '2018-06-14 14:46:55', NULL, 168, 190, 1, 2, NULL, '2018-06-14 14:46:55', '2018-06-14 19:03:32'),(204, 7, 400.00, 9.00, 500.00, 12.00, 'Recepcin Bilinge en el Aeropuerto Iinternacional CDMX T2', 'Recepcin Bilinge en el AICM T2', '2018-06-14 14:47:49', NULL, 168, 190, 1, 2, NULL, '2018-06-14 14:47:49', '2018-06-14 19:03:32'),(205, 7, 240.00, 9.00, 280.00, 12.00, 'Traslado Bilinge a la Terminal de Autobuses Central del Norte', 'Traslado Bilinge a la Terminal de Autobuses Central del Norte', '2018-06-14 14:49:13', NULL, 168, 190, 1, 2, NULL, '2018-06-14 14:49:13', '2018-06-14 19:03:33'),(206, 7, 280.00, 9.00, 320.00, 12.00, 'Traslado Bilinge a la Terminal de Autobuses de Pasajeros Oriente (TAPO)', 'Traslado Bilinge a la Terminal de Autobuses de Pasajeros Oriente (TAPO)', '2018-06-14 14:50:33', NULL, 168, 190, 1, 2, NULL, '2018-06-14 14:50:33', '2018-06-14 19:03:33'),(207, 7, 310.00, 9.00, 350.00, 12.00, 'Traslado Bilinge a la Terminal de Autobuses Central del Sur (Taxquea)', 'Traslado Bilinge a la Terminal de Autobuses Central del Sur (Taxquea)', '2018-06-14 14:51:43', NULL, 168, 190, 1, 2, NULL, '2018-06-14 14:51:43', '2018-06-14 19:03:33'),(208, 7, 200.00, 9.00, 230.00, 12.00, 'Traslado Bilinge a la Terminal Central de Autobuses Poniente', 'Traslado Bilinge a la Terminal Central de Autobuses Poniente', '2018-06-14 14:52:32', NULL, 168, 190, 1, 2, NULL, '2018-06-14 14:52:32', '2018-06-14 19:03:34'),(209, 7, 400.00, 9.00, 500.00, 12.00, 'Traslado Bilinge al Aeropuerto Internacional CDMX T1 Origen Santa F', 'Traslado Bilinge al AICM T1 Origen Santa F', '2018-06-14 14:55:26', NULL, 168, 190, 1, 2, NULL, '2018-06-14 14:55:26', '2018-06-14 19:03:34'),(210, 7, 400.00, 9.00, 500.00, 12.00, 'Traslado Bilinge al AICM T2 Origen Santa F', 'Traslado Bilinge al AICM T2 Origen Santa F', '2018-06-14 14:56:08', NULL, 168, 190, 1, 2, NULL, '2018-06-14 14:56:08', '2018-06-14 19:03:34'),(211, 7, 500.00, 9.00, 600.00, 12.00, 'Recepcin Bilinge en el AICM T1 destino Santa F', 'Recepcin Bilinge en el AICM T1 destino Santa F', '2018-06-14 15:03:46', NULL, 168, 190, 1, 2, NULL, '2018-06-14 15:03:46', '2018-06-14 19:03:35'),(212, 7, 500.00, 9.00, 600.00, 12.00, 'Recepcin Bilinge en el AICM T2 destino Santa F', 'Recepcin Bilinge en el AICM T2 destino Santa F', '2018-06-14 15:04:22', NULL, 168, 190, 1, 2, NULL, '2018-06-14 15:04:22', '2018-06-14 19:03:35'),(213, 7, 650.00, 9.00, 800.00, 12.00, 'Traslado Bilinge al Aeropuerto Internacional de Toluca origen Polanco', 'Traslado Bilinge al Aeropuerto Internacional de Toluca', '2018-06-14 15:10:28', NULL, 168, 190, 1, 2, NULL, '2018-06-14 15:10:28', '2018-06-14 19:03:35'),(214, 7, 800.00, 9.00, 1000.00, 12.00, 'Recepcin Bilinge AICM T1 o T2 destino Aeropuerto Internacional Toluca', 'Recepcin Bilinge AICM T1 o T2 destino Aeropuerto Internacional Toluca', '2018-06-14 15:11:07', NULL, 168, 190, 1, 2, NULL, '2018-06-14 15:11:07', '2018-06-14 19:03:36'),(215, 7, 45.00, 8.00, 60.00, 10.00, 'Tarifa bsica para viajes en espaol para servicios no tabulados', 'Tarifa predeterminada', '2018-06-14 15:17:33', NULL, 168, 189, 0, 2, NULL, '2018-06-14 15:17:33', '2018-06-14 19:03:36'),(216, 7, 130.00, 9.00, 140.00, 12.00, 'Tarifa para viajes bilinges no tabulados', 'Tarifa viajes bilinges', '2018-06-14 15:20:18', NULL, 168, 190, 0, 2, NULL, '2018-06-14 15:20:18', '2018-06-14 19:03:36'),(217, 7, 45.00, 8.00, 65.00, 11.00, 'Traslados forneos para servicios no tabulados', 'Tarifa forneos', '2018-06-14 18:56:13', NULL, 168, 268, 0, 2, NULL, '2018-06-14 18:56:13', '2018-06-14 19:03:37'),(218, 8, 250.00, 8.00, 300.00, 10.00, 'Traslado al Aeropuerto Internacional CDMX T1', 'Traslado al AICM T1', '2018-06-14 13:39:33', NULL, 168, 191, 1, 2, NULL, '2018-06-14 13:39:33', '2018-06-14 19:03:27'),(219, 8, 250.00, 8.00, 300.00, 10.00, 'Traslado al Aeropuerto Internacional CDMX T2', 'Traslado al AICM T2', '2018-06-14 13:40:31', NULL, 168, 191, 1, 2, NULL, '2018-06-14 13:40:31', '2018-06-14 19:03:27'),(220, 8, 300.00, 8.00, 400.00, 10.00, 'Recepcin en el Aeropuerto Internacional CDMX T1', 'Recepcin en el AICM T1', '2018-06-14 13:46:20', NULL, 168, 191, 1, 2, NULL, '2018-06-14 13:46:20', '2018-06-14 19:03:27'),(221, 8, 300.00, 8.00, 400.00, 10.00, 'Recepcin en el Aeropuerto Internacional CDMX T2', 'Recepcin en el AICM T2', '2018-06-14 13:47:15', NULL, 168, 191, 1, 2, NULL, '2018-06-14 13:47:15', '2018-06-14 19:03:28'),(222, 8, 160.00, 8.00, 1.80, 10.00, 'Traslado a la Terminal de Autobuses Central del Norte', 'Traslado a la Terminal de Autobuses Central del Norte', '2018-06-14 14:12:58', NULL, 168, 191, 1, 2, NULL, '2018-06-14 14:12:58', '2018-06-14 19:03:28'),(223, 8, 200.00, 8.00, 220.00, 10.00, 'Traslado a la Terminal de Autobuses de Pasajeros Oriente (TAPO)', 'Traslado a la Terminal de Autobuses de Pasajeros Oriente (TAPO)', '2018-06-14 14:16:35', NULL, 168, 191, 1, 2, NULL, '2018-06-14 14:16:35', '2018-06-14 19:03:28'),(224, 8, 230.00, 8.00, 250.00, 10.00, 'Traslado a la Terminal de Autobuses Central del Sur (Taxquea)', 'Traslado a la Terminal de Autobuses Central del Sur (Taxquea)', '2018-06-14 14:19:12', NULL, 168, 191, 1, 2, NULL, '2018-06-14 14:19:12', '2018-06-14 19:03:29'),(225, 8, 100.00, 8.00, 130.00, 10.00, 'Traslado a la Terminal Central de Autobuses Poniente', 'Traslado a la Terminal Central de Autobuses Poniente', '2018-06-14 14:21:01', NULL, 168, 191, 1, 2, NULL, '2018-06-14 14:21:01', '2018-06-14 19:03:29'),(226, 8, 350.00, 8.00, 400.00, 10.00, 'Traslado al Aeropuerto Internacional CDMX T1 Origen Santa F', 'Traslado al AICM T1 Origen Santa F', '2018-06-14 14:23:27', NULL, 168, 191, 1, 2, NULL, '2018-06-14 14:23:27', '2018-06-14 19:03:29'),(227, 8, 350.00, 8.00, 400.00, 10.00, 'Traslado al Aeropuerto Internacional CDMX Origen Santa F', 'Traslado al AICM T2 Origen Santa F', '2018-06-14 14:24:55', NULL, 168, 191, 1, 2, NULL, '2018-06-14 14:24:55', '2018-06-14 19:03:30'),(228, 8, 400.00, 8.00, 500.00, 10.00, 'Recepcin en el Aeropuerto Internacional CDMX T1 destino a Santa F', 'Recepcin en el AICM T1 Destino a Santa F', '2018-06-14 14:26:33', NULL, 168, 191, 1, 2, NULL, '2018-06-14 14:26:33', '2018-06-14 19:03:30'),(229, 8, 400.00, 8.00, 500.00, 10.00, 'Recepcin en el Aeropuerto Internacional CDMX destino a Santa F', 'Recepcin en el AICM T2 Destino a Santa F', '2018-06-14 14:27:34', NULL, 168, 191, 1, 2, NULL, '2018-06-14 14:27:34', '2018-06-14 19:03:30'),(230, 8, 550.00, 8.00, 600.00, 10.00, 'Traslado al Aeropuerto Internacional de Toluca origen Polanco', 'Traslado al Aeropuerto Internacional de Toluca', '2018-06-14 14:29:37', NULL, 168, 191, 1, 2, NULL, '2018-06-14 14:29:37', '2018-06-14 19:03:31'),(231, 8, 700.00, 8.00, 800.00, 11.00, 'Recepcin AICM T1 o T2 destino Aeropuerto Internacional Toluca', 'Recepcin AICM T1 o T2 destino Aeropuerto Internacional Toluca', '2018-06-14 14:31:11', NULL, 168, 191, 1, 2, NULL, '2018-06-14 14:31:11', '2018-06-14 19:03:31'),(232, 8, 350.00, 9.00, 400.00, 12.00, 'Traslado Bilinge al Aeropuerto Internacional CDMX T1', 'Traslado Bilinge al AICM T1', '2018-06-14 14:39:34', NULL, 168, 190, 1, 2, NULL, '2018-06-14 14:39:34', '2018-06-14 19:03:31'),(233, 8, 350.00, 9.00, 400.00, 12.00, 'Traslado Bilinge al Aeropuerto Internacional CDMX T2', 'Traslado Bilinge al AICM T2', '2018-06-14 14:44:29', NULL, 168, 190, 1, 2, NULL, '2018-06-14 14:44:29', '2018-06-14 19:03:32'),(234, 8, 400.00, 9.00, 500.00, 12.00, 'Recepcin Bilinge en el Aeropuerto Internacional CDMX T1', 'Recepcin Bilinge en el AICM T1', '2018-06-14 14:46:55', NULL, 168, 190, 1, 2, NULL, '2018-06-14 14:46:55', '2018-06-14 19:03:32'),(235, 8, 400.00, 9.00, 500.00, 12.00, 'Recepcin Bilinge en el Aeropuerto Iinternacional CDMX T2', 'Recepcin Bilinge en el AICM T2', '2018-06-14 14:47:49', NULL, 168, 190, 1, 2, NULL, '2018-06-14 14:47:49', '2018-06-14 19:03:32'),(236, 8, 240.00, 9.00, 280.00, 12.00, 'Traslado Bilinge a la Terminal de Autobuses Central del Norte', 'Traslado Bilinge a la Terminal de Autobuses Central del Norte', '2018-06-14 14:49:13', NULL, 168, 190, 1, 2, NULL, '2018-06-14 14:49:13', '2018-06-14 19:03:33'),(237, 8, 280.00, 9.00, 320.00, 12.00, 'Traslado Bilinge a la Terminal de Autobuses de Pasajeros Oriente (TAPO)', 'Traslado Bilinge a la Terminal de Autobuses de Pasajeros Oriente (TAPO)', '2018-06-14 14:50:33', NULL, 168, 190, 1, 2, NULL, '2018-06-14 14:50:33', '2018-06-14 19:03:33'),(238, 8, 310.00, 9.00, 350.00, 12.00, 'Traslado Bilinge a la Terminal de Autobuses Central del Sur (Taxquea)', 'Traslado Bilinge a la Terminal de Autobuses Central del Sur (Taxquea)', '2018-06-14 14:51:43', NULL, 168, 190, 1, 2, NULL, '2018-06-14 14:51:43', '2018-06-14 19:03:33'),(239, 8, 200.00, 9.00, 230.00, 12.00, 'Traslado Bilinge a la Terminal Central de Autobuses Poniente', 'Traslado Bilinge a la Terminal Central de Autobuses Poniente', '2018-06-14 14:52:32', NULL, 168, 190, 1, 2, NULL, '2018-06-14 14:52:32', '2018-06-14 19:03:34'),(240, 8, 400.00, 9.00, 500.00, 12.00, 'Traslado Bilinge al Aeropuerto Internacional CDMX T1 Origen Santa F', 'Traslado Bilinge al AICM T1 Origen Santa F', '2018-06-14 14:55:26', NULL, 168, 190, 1, 2, NULL, '2018-06-14 14:55:26', '2018-06-14 19:03:34'),(241, 8, 400.00, 9.00, 500.00, 12.00, 'Traslado Bilinge al AICM T2 Origen Santa F', 'Traslado Bilinge al AICM T2 Origen Santa F', '2018-06-14 14:56:08', NULL, 168, 190, 1, 2, NULL, '2018-06-14 14:56:08', '2018-06-14 19:03:34'),(242, 8, 500.00, 9.00, 600.00, 12.00, 'Recepcin Bilinge en el AICM T1 destino Santa F', 'Recepcin Bilinge en el AICM T1 destino Santa F', '2018-06-14 15:03:46', NULL, 168, 190, 1, 2, NULL, '2018-06-14 15:03:46', '2018-06-14 19:03:35'),(243, 8, 500.00, 9.00, 600.00, 12.00, 'Recepcin Bilinge en el AICM T2 destino Santa F', 'Recepcin Bilinge en el AICM T2 destino Santa F', '2018-06-14 15:04:22', NULL, 168, 190, 1, 2, NULL, '2018-06-14 15:04:22', '2018-06-14 19:03:35'),(244, 8, 650.00, 9.00, 800.00, 12.00, 'Traslado Bilinge al Aeropuerto Internacional de Toluca origen Polanco', 'Traslado Bilinge al Aeropuerto Internacional de Toluca', '2018-06-14 15:10:28', NULL, 168, 190, 1, 2, NULL, '2018-06-14 15:10:28', '2018-06-14 19:03:35'),(245, 8, 800.00, 9.00, 1000.00, 12.00, 'Recepcin Bilinge AICM T1 o T2 destino Aeropuerto Internacional Toluca', 'Recepcin Bilinge AICM T1 o T2 destino Aeropuerto Internacional Toluca', '2018-06-14 15:11:07', NULL, 168, 190, 1, 2, NULL, '2018-06-14 15:11:07', '2018-06-14 19:03:36'),(246, 8, 45.00, 8.00, 60.00, 10.00, 'Tarifa bsica para viajes en espaol para servicios no tabulados', 'Tarifa predeterminada', '2018-06-14 15:17:33', NULL, 168, 189, 0, 2, NULL, '2018-06-14 15:17:33', '2018-06-14 19:03:36'),(247, 8, 130.00, 9.00, 140.00, 12.00, 'Tarifa para viajes bilinges no tabulados', 'Tarifa viajes bilinges', '2018-06-14 15:20:18', NULL, 168, 190, 0, 2, NULL, '2018-06-14 15:20:18', '2018-06-14 19:03:36'),(248, 8, 45.00, 8.00, 65.00, 11.00, 'Traslados forneos para servicios no tabulados', 'Tarifa forneos', '2018-06-14 18:56:13', NULL, 168, 268, 0, 2, NULL, '2018-06-14 18:56:13', '2018-06-14 19:03:37'),(249, 9, 250.00, 8.00, 300.00, 10.00, 'Traslado al Aeropuerto Internacional CDMX T1', 'Traslado al AICM T1', '2018-06-14 13:39:33', NULL, 168, 191, 1, 2, NULL, '2018-06-14 13:39:33', '2018-06-14 19:03:27'),(250, 9, 250.00, 8.00, 300.00, 10.00, 'Traslado al Aeropuerto Internacional CDMX T2', 'Traslado al AICM T2', '2018-06-14 13:40:31', NULL, 168, 191, 1, 2, NULL, '2018-06-14 13:40:31', '2018-06-14 19:03:27'),(251, 9, 300.00, 8.00, 400.00, 10.00, 'Recepcin en el Aeropuerto Internacional CDMX T1', 'Recepcin en el AICM T1', '2018-06-14 13:46:20', NULL, 168, 191, 1, 2, NULL, '2018-06-14 13:46:20', '2018-06-14 19:03:27'),(252, 9, 300.00, 8.00, 400.00, 10.00, 'Recepcin en el Aeropuerto Internacional CDMX T2', 'Recepcin en el AICM T2', '2018-06-14 13:47:15', NULL, 168, 191, 1, 2, NULL, '2018-06-14 13:47:15', '2018-06-14 19:03:28'),(253, 9, 160.00, 8.00, 1.80, 10.00, 'Traslado a la Terminal de Autobuses Central del Norte', 'Traslado a la Terminal de Autobuses Central del Norte', '2018-06-14 14:12:58', NULL, 168, 191, 1, 2, NULL, '2018-06-14 14:12:58', '2018-06-14 19:03:28'),(254, 9, 200.00, 8.00, 220.00, 10.00, 'Traslado a la Terminal de Autobuses de Pasajeros Oriente (TAPO)', 'Traslado a la Terminal de Autobuses de Pasajeros Oriente (TAPO)', '2018-06-14 14:16:35', NULL, 168, 191, 1, 2, NULL, '2018-06-14 14:16:35', '2018-06-14 19:03:28'),(255, 9, 230.00, 8.00, 250.00, 10.00, 'Traslado a la Terminal de Autobuses Central del Sur (Taxquea)', 'Traslado a la Terminal de Autobuses Central del Sur (Taxquea)', '2018-06-14 14:19:12', NULL, 168, 191, 1, 2, NULL, '2018-06-14 14:19:12', '2018-06-14 19:03:29'),(256, 9, 100.00, 8.00, 130.00, 10.00, 'Traslado a la Terminal Central de Autobuses Poniente', 'Traslado a la Terminal Central de Autobuses Poniente', '2018-06-14 14:21:01', NULL, 168, 191, 1, 2, NULL, '2018-06-14 14:21:01', '2018-06-14 19:03:29'),(257, 9, 350.00, 8.00, 400.00, 10.00, 'Traslado al Aeropuerto Internacional CDMX T1 Origen Santa F', 'Traslado al AICM T1 Origen Santa F', '2018-06-14 14:23:27', NULL, 168, 191, 1, 2, NULL, '2018-06-14 14:23:27', '2018-06-14 19:03:29'),(258, 9, 350.00, 8.00, 400.00, 10.00, 'Traslado al Aeropuerto Internacional CDMX Origen Santa F', 'Traslado al AICM T2 Origen Santa F', '2018-06-14 14:24:55', NULL, 168, 191, 1, 2, NULL, '2018-06-14 14:24:55', '2018-06-14 19:03:30'),(259, 9, 400.00, 8.00, 500.00, 10.00, 'Recepcin en el Aeropuerto Internacional CDMX T1 destino a Santa F', 'Recepcin en el AICM T1 Destino a Santa F', '2018-06-14 14:26:33', NULL, 168, 191, 1, 2, NULL, '2018-06-14 14:26:33', '2018-06-14 19:03:30'),(260, 9, 400.00, 8.00, 500.00, 10.00, 'Recepcin en el Aeropuerto Internacional CDMX destino a Santa F', 'Recepcin en el AICM T2 Destino a Santa F', '2018-06-14 14:27:34', NULL, 168, 191, 1, 2, NULL, '2018-06-14 14:27:34', '2018-06-14 19:03:30'),(261, 9, 550.00, 8.00, 600.00, 10.00, 'Traslado al Aeropuerto Internacional de Toluca origen Polanco', 'Traslado al Aeropuerto Internacional de Toluca', '2018-06-14 14:29:37', NULL, 168, 191, 1, 2, NULL, '2018-06-14 14:29:37', '2018-06-14 19:03:31'),(262, 9, 700.00, 8.00, 800.00, 11.00, 'Recepcin AICM T1 o T2 destino Aeropuerto Internacional Toluca', 'Recepcin AICM T1 o T2 destino Aeropuerto Internacional Toluca', '2018-06-14 14:31:11', NULL, 168, 191, 1, 2, NULL, '2018-06-14 14:31:11', '2018-06-14 19:03:31'),(263, 9, 350.00, 9.00, 400.00, 12.00, 'Traslado Bilinge al Aeropuerto Internacional CDMX T1', 'Traslado Bilinge al AICM T1', '2018-06-14 14:39:34', NULL, 168, 190, 1, 2, NULL, '2018-06-14 14:39:34', '2018-06-14 19:03:31'),(264, 9, 350.00, 9.00, 400.00, 12.00, 'Traslado Bilinge al Aeropuerto Internacional CDMX T2', 'Traslado Bilinge al AICM T2', '2018-06-14 14:44:29', NULL, 168, 190, 1, 2, NULL, '2018-06-14 14:44:29', '2018-06-14 19:03:32'),(265, 9, 400.00, 9.00, 500.00, 12.00, 'Recepcin Bilinge en el Aeropuerto Internacional CDMX T1', 'Recepcin Bilinge en el AICM T1', '2018-06-14 14:46:55', NULL, 168, 190, 1, 2, NULL, '2018-06-14 14:46:55', '2018-06-14 19:03:32'),(266, 9, 400.00, 9.00, 500.00, 12.00, 'Recepcin Bilinge en el Aeropuerto Iinternacional CDMX T2', 'Recepcin Bilinge en el AICM T2', '2018-06-14 14:47:49', NULL, 168, 190, 1, 2, NULL, '2018-06-14 14:47:49', '2018-06-14 19:03:32'),(267, 9, 240.00, 9.00, 280.00, 12.00, 'Traslado Bilinge a la Terminal de Autobuses Central del Norte', 'Traslado Bilinge a la Terminal de Autobuses Central del Norte', '2018-06-14 14:49:13', NULL, 168, 190, 1, 2, NULL, '2018-06-14 14:49:13', '2018-06-14 19:03:33'),(268, 9, 280.00, 9.00, 320.00, 12.00, 'Traslado Bilinge a la Terminal de Autobuses de Pasajeros Oriente (TAPO)', 'Traslado Bilinge a la Terminal de Autobuses de Pasajeros Oriente (TAPO)', '2018-06-14 14:50:33', NULL, 168, 190, 1, 2, NULL, '2018-06-14 14:50:33', '2018-06-14 19:03:33'),(269, 9, 310.00, 9.00, 350.00, 12.00, 'Traslado Bilinge a la Terminal de Autobuses Central del Sur (Taxquea)', 'Traslado Bilinge a la Terminal de Autobuses Central del Sur (Taxquea)', '2018-06-14 14:51:43', NULL, 168, 190, 1, 2, NULL, '2018-06-14 14:51:43', '2018-06-14 19:03:33'),(270, 9, 200.00, 9.00, 230.00, 12.00, 'Traslado Bilinge a la Terminal Central de Autobuses Poniente', 'Traslado Bilinge a la Terminal Central de Autobuses Poniente', '2018-06-14 14:52:32', NULL, 168, 190, 1, 2, NULL, '2018-06-14 14:52:32', '2018-06-14 19:03:34'),(271, 9, 400.00, 9.00, 500.00, 12.00, 'Traslado Bilinge al Aeropuerto Internacional CDMX T1 Origen Santa F', 'Traslado Bilinge al AICM T1 Origen Santa F', '2018-06-14 14:55:26', NULL, 168, 190, 1, 2, NULL, '2018-06-14 14:55:26', '2018-06-14 19:03:34'),(272, 9, 400.00, 9.00, 500.00, 12.00, 'Traslado Bilinge al AICM T2 Origen Santa F', 'Traslado Bilinge al AICM T2 Origen Santa F', '2018-06-14 14:56:08', NULL, 168, 190, 1, 2, NULL, '2018-06-14 14:56:08', '2018-06-14 19:03:34'),(273, 9, 500.00, 9.00, 600.00, 12.00, 'Recepcin Bilinge en el AICM T1 destino Santa F', 'Recepcin Bilinge en el AICM T1 destino Santa F', '2018-06-14 15:03:46', NULL, 168, 190, 1, 2, NULL, '2018-06-14 15:03:46', '2018-06-14 19:03:35'),(274, 9, 500.00, 9.00, 600.00, 12.00, 'Recepcin Bilinge en el AICM T2 destino Santa F', 'Recepcin Bilinge en el AICM T2 destino Santa F', '2018-06-14 15:04:22', NULL, 168, 190, 1, 2, NULL, '2018-06-14 15:04:22', '2018-06-14 19:03:35'),(275, 9, 650.00, 9.00, 800.00, 12.00, 'Traslado Bilinge al Aeropuerto Internacional de Toluca origen Polanco', 'Traslado Bilinge al Aeropuerto Internacional de Toluca', '2018-06-14 15:10:28', NULL, 168, 190, 1, 2, NULL, '2018-06-14 15:10:28', '2018-06-14 19:03:35'),(276, 9, 800.00, 9.00, 1000.00, 12.00, 'Recepcin Bilinge AICM T1 o T2 destino Aeropuerto Internacional Toluca', 'Recepcin Bilinge AICM T1 o T2 destino Aeropuerto Internacional Toluca', '2018-06-14 15:11:07', NULL, 168, 190, 1, 2, NULL, '2018-06-14 15:11:07', '2018-06-14 19:03:36'),(277, 9, 45.00, 8.00, 60.00, 10.00, 'Tarifa bsica para viajes en espaol para servicios no tabulados', 'Tarifa predeterminada', '2018-06-14 15:17:33', NULL, 168, 189, 0, 2, NULL, '2018-06-14 15:17:33', '2018-06-14 19:03:36'),(278, 9, 130.00, 9.00, 140.00, 12.00, 'Tarifa para viajes bilinges no tabulados', 'Tarifa viajes bilinges', '2018-06-14 15:20:18', NULL, 168, 190, 0, 2, NULL, '2018-06-14 15:20:18', '2018-06-14 19:03:36'),(279, 9, 45.00, 8.00, 65.00, 11.00, 'Traslados forneos para servicios no tabulados', 'Tarifa forneos', '2018-06-14 18:56:13', NULL, 168, 268, 0, 2, NULL, '2018-06-14 18:56:13', '2018-06-14 19:03:37'),(280, 10, 250.00, 8.00, 300.00, 10.00, 'Traslado al Aeropuerto Internacional CDMX T1', 'Traslado al AICM T1', '2018-06-14 13:39:33', NULL, 168, 191, 1, 2, NULL, '2018-06-14 13:39:33', '2018-06-14 19:03:27'),(281, 10, 250.00, 8.00, 300.00, 10.00, 'Traslado al Aeropuerto Internacional CDMX T2', 'Traslado al AICM T2', '2018-06-14 13:40:31', NULL, 168, 191, 1, 2, NULL, '2018-06-14 13:40:31', '2018-06-14 19:03:27'),(282, 10, 300.00, 8.00, 400.00, 10.00, 'Recepcin en el Aeropuerto Internacional CDMX T1', 'Recepcin en el AICM T1', '2018-06-14 13:46:20', NULL, 168, 191, 1, 2, NULL, '2018-06-14 13:46:20', '2018-06-14 19:03:27'),(283, 10, 300.00, 8.00, 400.00, 10.00, 'Recepcin en el Aeropuerto Internacional CDMX T2', 'Recepcin en el AICM T2', '2018-06-14 13:47:15', NULL, 168, 191, 1, 2, NULL, '2018-06-14 13:47:15', '2018-06-14 19:03:28'),(284, 10, 160.00, 8.00, 1.80, 10.00, 'Traslado a la Terminal de Autobuses Central del Norte', 'Traslado a la Terminal de Autobuses Central del Norte', '2018-06-14 14:12:58', NULL, 168, 191, 1, 2, NULL, '2018-06-14 14:12:58', '2018-06-14 19:03:28'),(285, 10, 200.00, 8.00, 220.00, 10.00, 'Traslado a la Terminal de Autobuses de Pasajeros Oriente (TAPO)', 'Traslado a la Terminal de Autobuses de Pasajeros Oriente (TAPO)', '2018-06-14 14:16:35', NULL, 168, 191, 1, 2, NULL, '2018-06-14 14:16:35', '2018-06-14 19:03:28'),(286, 10, 230.00, 8.00, 250.00, 10.00, 'Traslado a la Terminal de Autobuses Central del Sur (Taxquea)', 'Traslado a la Terminal de Autobuses Central del Sur (Taxquea)', '2018-06-14 14:19:12', NULL, 168, 191, 1, 2, NULL, '2018-06-14 14:19:12', '2018-06-14 19:03:29'),(287, 10, 100.00, 8.00, 130.00, 10.00, 'Traslado a la Terminal Central de Autobuses Poniente', 'Traslado a la Terminal Central de Autobuses Poniente', '2018-06-14 14:21:01', NULL, 168, 191, 1, 2, NULL, '2018-06-14 14:21:01', '2018-06-14 19:03:29'),(288, 10, 350.00, 8.00, 400.00, 10.00, 'Traslado al Aeropuerto Internacional CDMX T1 Origen Santa F', 'Traslado al AICM T1 Origen Santa F', '2018-06-14 14:23:27', NULL, 168, 191, 1, 2, NULL, '2018-06-14 14:23:27', '2018-06-14 19:03:29'),(289, 10, 350.00, 8.00, 400.00, 10.00, 'Traslado al Aeropuerto Internacional CDMX Origen Santa F', 'Traslado al AICM T2 Origen Santa F', '2018-06-14 14:24:55', NULL, 168, 191, 1, 2, NULL, '2018-06-14 14:24:55', '2018-06-14 19:03:30'),(290, 10, 400.00, 8.00, 500.00, 10.00, 'Recepcin en el Aeropuerto Internacional CDMX T1 destino a Santa F', 'Recepcin en el AICM T1 Destino a Santa F', '2018-06-14 14:26:33', NULL, 168, 191, 1, 2, NULL, '2018-06-14 14:26:33', '2018-06-14 19:03:30'),(291, 10, 400.00, 8.00, 500.00, 10.00, 'Recepcin en el Aeropuerto Internacional CDMX destino a Santa F', 'Recepcin en el AICM T2 Destino a Santa F', '2018-06-14 14:27:34', NULL, 168, 191, 1, 2, NULL, '2018-06-14 14:27:34', '2018-06-14 19:03:30'),(292, 10, 550.00, 8.00, 600.00, 10.00, 'Traslado al Aeropuerto Internacional de Toluca origen Polanco', 'Traslado al Aeropuerto Internacional de Toluca', '2018-06-14 14:29:37', NULL, 168, 191, 1, 2, NULL, '2018-06-14 14:29:37', '2018-06-14 19:03:31'),(293, 10, 700.00, 8.00, 800.00, 11.00, 'Recepcin AICM T1 o T2 destino Aeropuerto Internacional Toluca', 'Recepcin AICM T1 o T2 destino Aeropuerto Internacional Toluca', '2018-06-14 14:31:11', NULL, 168, 191, 1, 2, NULL, '2018-06-14 14:31:11', '2018-06-14 19:03:31'),(294, 10, 350.00, 9.00, 400.00, 12.00, 'Traslado Bilinge al Aeropuerto Internacional CDMX T1', 'Traslado Bilinge al AICM T1', '2018-06-14 14:39:34', NULL, 168, 190, 1, 2, NULL, '2018-06-14 14:39:34', '2018-06-14 19:03:31'),(295, 10, 350.00, 9.00, 400.00, 12.00, 'Traslado Bilinge al Aeropuerto Internacional CDMX T2', 'Traslado Bilinge al AICM T2', '2018-06-14 14:44:29', NULL, 168, 190, 1, 2, NULL, '2018-06-14 14:44:29', '2018-06-14 19:03:32'),(296, 10, 400.00, 9.00, 500.00, 12.00, 'Recepcin Bilinge en el Aeropuerto Internacional CDMX T1', 'Recepcin Bilinge en el AICM T1', '2018-06-14 14:46:55', NULL, 168, 190, 1, 2, NULL, '2018-06-14 14:46:55', '2018-06-14 19:03:32'),(297, 10, 400.00, 9.00, 500.00, 12.00, 'Recepcin Bilinge en el Aeropuerto Iinternacional CDMX T2', 'Recepcin Bilinge en el AICM T2', '2018-06-14 14:47:49', NULL, 168, 190, 1, 2, NULL, '2018-06-14 14:47:49', '2018-06-14 19:03:32'),(298, 10, 240.00, 9.00, 280.00, 12.00, 'Traslado Bilinge a la Terminal de Autobuses Central del Norte', 'Traslado Bilinge a la Terminal de Autobuses Central del Norte', '2018-06-14 14:49:13', NULL, 168, 190, 1, 2, NULL, '2018-06-14 14:49:13', '2018-06-14 19:03:33'),(299, 10, 280.00, 9.00, 320.00, 12.00, 'Traslado Bilinge a la Terminal de Autobuses de Pasajeros Oriente (TAPO)', 'Traslado Bilinge a la Terminal de Autobuses de Pasajeros Oriente (TAPO)', '2018-06-14 14:50:33', NULL, 168, 190, 1, 2, NULL, '2018-06-14 14:50:33', '2018-06-14 19:03:33'),(300, 10, 310.00, 9.00, 350.00, 12.00, 'Traslado Bilinge a la Terminal de Autobuses Central del Sur (Taxquea)', 'Traslado Bilinge a la Terminal de Autobuses Central del Sur (Taxquea)', '2018-06-14 14:51:43', NULL, 168, 190, 1, 2, NULL, '2018-06-14 14:51:43', '2018-06-14 19:03:33'),(301, 10, 200.00, 9.00, 230.00, 12.00, 'Traslado Bilinge a la Terminal Central de Autobuses Poniente', 'Traslado Bilinge a la Terminal Central de Autobuses Poniente', '2018-06-14 14:52:32', NULL, 168, 190, 1, 2, NULL, '2018-06-14 14:52:32', '2018-06-14 19:03:34'),(302, 10, 400.00, 9.00, 500.00, 12.00, 'Traslado Bilinge al Aeropuerto Internacional CDMX T1 Origen Santa F', 'Traslado Bilinge al AICM T1 Origen Santa F', '2018-06-14 14:55:26', NULL, 168, 190, 1, 2, NULL, '2018-06-14 14:55:26', '2018-06-14 19:03:34'),(303, 10, 400.00, 9.00, 500.00, 12.00, 'Traslado Bilinge al AICM T2 Origen Santa F', 'Traslado Bilinge al AICM T2 Origen Santa F', '2018-06-14 14:56:08', NULL, 168, 190, 1, 2, NULL, '2018-06-14 14:56:08', '2018-06-14 19:03:34'),(304, 10, 500.00, 9.00, 600.00, 12.00, 'Recepcin Bilinge en el AICM T1 destino Santa F', 'Recepcin Bilinge en el AICM T1 destino Santa F', '2018-06-14 15:03:46', NULL, 168, 190, 1, 2, NULL, '2018-06-14 15:03:46', '2018-06-14 19:03:35'),(305, 10, 500.00, 9.00, 600.00, 12.00, 'Recepcin Bilinge en el AICM T2 destino Santa F', 'Recepcin Bilinge en el AICM T2 destino Santa F', '2018-06-14 15:04:22', NULL, 168, 190, 1, 2, NULL, '2018-06-14 15:04:22', '2018-06-14 19:03:35'),(306, 10, 650.00, 9.00, 800.00, 12.00, 'Traslado Bilinge al Aeropuerto Internacional de Toluca origen Polanco', 'Traslado Bilinge al Aeropuerto Internacional de Toluca', '2018-06-14 15:10:28', NULL, 168, 190, 1, 2, NULL, '2018-06-14 15:10:28', '2018-06-14 19:03:35'),(307, 10, 800.00, 9.00, 1000.00, 12.00, 'Recepcin Bilinge AICM T1 o T2 destino Aeropuerto Internacional Toluca', 'Recepcin Bilinge AICM T1 o T2 destino Aeropuerto Internacional Toluca', '2018-06-14 15:11:07', NULL, 168, 190, 1, 2, NULL, '2018-06-14 15:11:07', '2018-06-14 19:03:36'),(308, 10, 45.00, 8.00, 60.00, 10.00, 'Tarifa bsica para viajes en espaol para servicios no tabulados', 'Tarifa predeterminada', '2018-06-14 15:17:33', NULL, 168, 189, 0, 2, NULL, '2018-06-14 15:17:33', '2018-06-14 19:03:36'),(309, 10, 130.00, 9.00, 140.00, 12.00, 'Tarifa para viajes bilinges no tabulados', 'Tarifa viajes bilinges', '2018-06-14 15:20:18', NULL, 168, 190, 0, 2, NULL, '2018-06-14 15:20:18', '2018-06-14 19:03:36'),(310, 10, 45.00, 8.00, 65.00, 11.00, 'Traslados forneos para servicios no tabulados', 'Tarifa forneos', '2018-06-14 18:56:13', NULL, 168, 268, 0, 2, NULL, '2018-06-14 18:56:13', '2018-06-14 19:03:37'),(311, 11, 250.00, 8.00, 300.00, 10.00, 'Traslado al Aeropuerto Internacional CDMX T1', 'Traslado al AICM T1', '2018-06-14 13:39:33', NULL, 168, 191, 1, 2, NULL, '2018-06-14 13:39:33', '2018-06-14 19:03:27'),(312, 11, 250.00, 8.00, 300.00, 10.00, 'Traslado al Aeropuerto Internacional CDMX T2', 'Traslado al AICM T2', '2018-06-14 13:40:31', NULL, 168, 191, 1, 2, NULL, '2018-06-14 13:40:31', '2018-06-14 19:03:27'),(313, 11, 300.00, 8.00, 400.00, 10.00, 'Recepcin en el Aeropuerto Internacional CDMX T1', 'Recepcin en el AICM T1', '2018-06-14 13:46:20', NULL, 168, 191, 1, 2, NULL, '2018-06-14 13:46:20', '2018-06-14 19:03:27'),(314, 11, 300.00, 8.00, 400.00, 10.00, 'Recepcin en el Aeropuerto Internacional CDMX T2', 'Recepcin en el AICM T2', '2018-06-14 13:47:15', NULL, 168, 191, 1, 2, NULL, '2018-06-14 13:47:15', '2018-06-14 19:03:28'),(315, 11, 160.00, 8.00, 1.80, 10.00, 'Traslado a la Terminal de Autobuses Central del Norte', 'Traslado a la Terminal de Autobuses Central del Norte', '2018-06-14 14:12:58', NULL, 168, 191, 1, 2, NULL, '2018-06-14 14:12:58', '2018-06-14 19:03:28'),(316, 11, 200.00, 8.00, 220.00, 10.00, 'Traslado a la Terminal de Autobuses de Pasajeros Oriente (TAPO)', 'Traslado a la Terminal de Autobuses de Pasajeros Oriente (TAPO)', '2018-06-14 14:16:35', NULL, 168, 191, 1, 2, NULL, '2018-06-14 14:16:35', '2018-06-14 19:03:28'),(317, 11, 230.00, 8.00, 250.00, 10.00, 'Traslado a la Terminal de Autobuses Central del Sur (Taxquea)', 'Traslado a la Terminal de Autobuses Central del Sur (Taxquea)', '2018-06-14 14:19:12', NULL, 168, 191, 1, 2, NULL, '2018-06-14 14:19:12', '2018-06-14 19:03:29'),(318, 11, 100.00, 8.00, 130.00, 10.00, 'Traslado a la Terminal Central de Autobuses Poniente', 'Traslado a la Terminal Central de Autobuses Poniente', '2018-06-14 14:21:01', NULL, 168, 191, 1, 2, NULL, '2018-06-14 14:21:01', '2018-06-14 19:03:29'),(319, 11, 350.00, 8.00, 400.00, 10.00, 'Traslado al Aeropuerto Internacional CDMX T1 Origen Santa F', 'Traslado al AICM T1 Origen Santa F', '2018-06-14 14:23:27', NULL, 168, 191, 1, 2, NULL, '2018-06-14 14:23:27', '2018-06-14 19:03:29'),(320, 11, 350.00, 8.00, 400.00, 10.00, 'Traslado al Aeropuerto Internacional CDMX Origen Santa F', 'Traslado al AICM T2 Origen Santa F', '2018-06-14 14:24:55', NULL, 168, 191, 1, 2, NULL, '2018-06-14 14:24:55', '2018-06-14 19:03:30'),(321, 11, 400.00, 8.00, 500.00, 10.00, 'Recepcin en el Aeropuerto Internacional CDMX T1 destino a Santa F', 'Recepcin en el AICM T1 Destino a Santa F', '2018-06-14 14:26:33', NULL, 168, 191, 1, 2, NULL, '2018-06-14 14:26:33', '2018-06-14 19:03:30'),(322, 11, 400.00, 8.00, 500.00, 10.00, 'Recepcin en el Aeropuerto Internacional CDMX destino a Santa F', 'Recepcin en el AICM T2 Destino a Santa F', '2018-06-14 14:27:34', NULL, 168, 191, 1, 2, NULL, '2018-06-14 14:27:34', '2018-06-14 19:03:30'),(323, 11, 550.00, 8.00, 600.00, 10.00, 'Traslado al Aeropuerto Internacional de Toluca origen Polanco', 'Traslado al Aeropuerto Internacional de Toluca', '2018-06-14 14:29:37', NULL, 168, 191, 1, 2, NULL, '2018-06-14 14:29:37', '2018-06-14 19:03:31'),(324, 11, 700.00, 8.00, 800.00, 11.00, 'Recepcin AICM T1 o T2 destino Aeropuerto Internacional Toluca', 'Recepcin AICM T1 o T2 destino Aeropuerto Internacional Toluca', '2018-06-14 14:31:11', NULL, 168, 191, 1, 2, NULL, '2018-06-14 14:31:11', '2018-06-14 19:03:31'),(325, 11, 350.00, 9.00, 400.00, 12.00, 'Traslado Bilinge al Aeropuerto Internacional CDMX T1', 'Traslado Bilinge al AICM T1', '2018-06-14 14:39:34', NULL, 168, 190, 1, 2, NULL, '2018-06-14 14:39:34', '2018-06-14 19:03:31'),(326, 11, 350.00, 9.00, 400.00, 12.00, 'Traslado Bilinge al Aeropuerto Internacional CDMX T2', 'Traslado Bilinge al AICM T2', '2018-06-14 14:44:29', NULL, 168, 190, 1, 2, NULL, '2018-06-14 14:44:29', '2018-06-14 19:03:32'),(327, 11, 400.00, 9.00, 500.00, 12.00, 'Recepcin Bilinge en el Aeropuerto Internacional CDMX T1', 'Recepcin Bilinge en el AICM T1', '2018-06-14 14:46:55', NULL, 168, 190, 1, 2, NULL, '2018-06-14 14:46:55', '2018-06-14 19:03:32'),(328, 11, 400.00, 9.00, 500.00, 12.00, 'Recepcin Bilinge en el Aeropuerto Iinternacional CDMX T2', 'Recepcin Bilinge en el AICM T2', '2018-06-14 14:47:49', NULL, 168, 190, 1, 2, NULL, '2018-06-14 14:47:49', '2018-06-14 19:03:32'),(329, 11, 240.00, 9.00, 280.00, 12.00, 'Traslado Bilinge a la Terminal de Autobuses Central del Norte', 'Traslado Bilinge a la Terminal de Autobuses Central del Norte', '2018-06-14 14:49:13', NULL, 168, 190, 1, 2, NULL, '2018-06-14 14:49:13', '2018-06-14 19:03:33'),(330, 11, 280.00, 9.00, 320.00, 12.00, 'Traslado Bilinge a la Terminal de Autobuses de Pasajeros Oriente (TAPO)', 'Traslado Bilinge a la Terminal de Autobuses de Pasajeros Oriente (TAPO)', '2018-06-14 14:50:33', NULL, 168, 190, 1, 2, NULL, '2018-06-14 14:50:33', '2018-06-14 19:03:33'),(331, 11, 310.00, 9.00, 350.00, 12.00, 'Traslado Bilinge a la Terminal de Autobuses Central del Sur (Taxquea)', 'Traslado Bilinge a la Terminal de Autobuses Central del Sur (Taxquea)', '2018-06-14 14:51:43', NULL, 168, 190, 1, 2, NULL, '2018-06-14 14:51:43', '2018-06-14 19:03:33'),(332, 11, 200.00, 9.00, 230.00, 12.00, 'Traslado Bilinge a la Terminal Central de Autobuses Poniente', 'Traslado Bilinge a la Terminal Central de Autobuses Poniente', '2018-06-14 14:52:32', NULL, 168, 190, 1, 2, NULL, '2018-06-14 14:52:32', '2018-06-14 19:03:34'),(333, 11, 400.00, 9.00, 500.00, 12.00, 'Traslado Bilinge al Aeropuerto Internacional CDMX T1 Origen Santa F', 'Traslado Bilinge al AICM T1 Origen Santa F', '2018-06-14 14:55:26', NULL, 168, 190, 1, 2, NULL, '2018-06-14 14:55:26', '2018-06-14 19:03:34'),(334, 11, 400.00, 9.00, 500.00, 12.00, 'Traslado Bilinge al AICM T2 Origen Santa F', 'Traslado Bilinge al AICM T2 Origen Santa F', '2018-06-14 14:56:08', NULL, 168, 190, 1, 2, NULL, '2018-06-14 14:56:08', '2018-06-14 19:03:34'),(335, 11, 500.00, 9.00, 600.00, 12.00, 'Recepcin Bilinge en el AICM T1 destino Santa F', 'Recepcin Bilinge en el AICM T1 destino Santa F', '2018-06-14 15:03:46', NULL, 168, 190, 1, 2, NULL, '2018-06-14 15:03:46', '2018-06-14 19:03:35'),(336, 11, 500.00, 9.00, 600.00, 12.00, 'Recepcin Bilinge en el AICM T2 destino Santa F', 'Recepcin Bilinge en el AICM T2 destino Santa F', '2018-06-14 15:04:22', NULL, 168, 190, 1, 2, NULL, '2018-06-14 15:04:22', '2018-06-14 19:03:35'),(337, 11, 650.00, 9.00, 800.00, 12.00, 'Traslado Bilinge al Aeropuerto Internacional de Toluca origen Polanco', 'Traslado Bilinge al Aeropuerto Internacional de Toluca', '2018-06-14 15:10:28', NULL, 168, 190, 1, 2, NULL, '2018-06-14 15:10:28', '2018-06-14 19:03:35'),(338, 11, 800.00, 9.00, 1000.00, 12.00, 'Recepcin Bilinge AICM T1 o T2 destino Aeropuerto Internacional Toluca', 'Recepcin Bilinge AICM T1 o T2 destino Aeropuerto Internacional Toluca', '2018-06-14 15:11:07', NULL, 168, 190, 1, 2, NULL, '2018-06-14 15:11:07', '2018-06-14 19:03:36'),(339, 11, 45.00, 8.00, 60.00, 10.00, 'Tarifa bsica para viajes en espaol para servicios no tabulados', 'Tarifa predeterminada', '2018-06-14 15:17:33', NULL, 168, 189, 0, 2, NULL, '2018-06-14 15:17:33', '2018-06-14 19:03:36'),(340, 11, 130.00, 9.00, 140.00, 12.00, 'Tarifa para viajes bilinges no tabulados', 'Tarifa viajes bilinges', '2018-06-14 15:20:18', NULL, 168, 190, 0, 2, NULL, '2018-06-14 15:20:18', '2018-06-14 19:03:36'),(341, 11, 45.00, 8.00, 65.00, 11.00, 'Traslados forneos para servicios no tabulados', 'Tarifa forneos', '2018-06-14 18:56:13', NULL, 168, 268, 0, 2, NULL, '2018-06-14 18:56:13', '2018-06-14 19:03:37'),(342, 12, 250.00, 8.00, 300.00, 10.00, 'Traslado al Aeropuerto Internacional CDMX T1', 'Traslado al AICM T1', '2018-06-14 13:39:33', NULL, 168, 191, 1, 2, NULL, '2018-06-14 13:39:33', '2018-06-14 19:03:27'),(343, 12, 250.00, 8.00, 300.00, 10.00, 'Traslado al Aeropuerto Internacional CDMX T2', 'Traslado al AICM T2', '2018-06-14 13:40:31', NULL, 168, 191, 1, 2, NULL, '2018-06-14 13:40:31', '2018-06-14 19:03:27'),(344, 12, 300.00, 8.00, 400.00, 10.00, 'Recepcin en el Aeropuerto Internacional CDMX T1', 'Recepcin en el AICM T1', '2018-06-14 13:46:20', NULL, 168, 191, 1, 2, NULL, '2018-06-14 13:46:20', '2018-06-14 19:03:27'),(345, 12, 300.00, 8.00, 400.00, 10.00, 'Recepcin en el Aeropuerto Internacional CDMX T2', 'Recepcin en el AICM T2', '2018-06-14 13:47:15', NULL, 168, 191, 1, 2, NULL, '2018-06-14 13:47:15', '2018-06-14 19:03:28'),(346, 12, 160.00, 8.00, 1.80, 10.00, 'Traslado a la Terminal de Autobuses Central del Norte', 'Traslado a la Terminal de Autobuses Central del Norte', '2018-06-14 14:12:58', NULL, 168, 191, 1, 2, NULL, '2018-06-14 14:12:58', '2018-06-14 19:03:28'),(347, 12, 200.00, 8.00, 220.00, 10.00, 'Traslado a la Terminal de Autobuses de Pasajeros Oriente (TAPO)', 'Traslado a la Terminal de Autobuses de Pasajeros Oriente (TAPO)', '2018-06-14 14:16:35', NULL, 168, 191, 1, 2, NULL, '2018-06-14 14:16:35', '2018-06-14 19:03:28'),(348, 12, 230.00, 8.00, 250.00, 10.00, 'Traslado a la Terminal de Autobuses Central del Sur (Taxquea)', 'Traslado a la Terminal de Autobuses Central del Sur (Taxquea)', '2018-06-14 14:19:12', NULL, 168, 191, 1, 2, NULL, '2018-06-14 14:19:12', '2018-06-14 19:03:29'),(349, 12, 100.00, 8.00, 130.00, 10.00, 'Traslado a la Terminal Central de Autobuses Poniente', 'Traslado a la Terminal Central de Autobuses Poniente', '2018-06-14 14:21:01', NULL, 168, 191, 1, 2, NULL, '2018-06-14 14:21:01', '2018-06-14 19:03:29'),(350, 12, 350.00, 8.00, 400.00, 10.00, 'Traslado al Aeropuerto Internacional CDMX T1 Origen Santa F', 'Traslado al AICM T1 Origen Santa F', '2018-06-14 14:23:27', NULL, 168, 191, 1, 2, NULL, '2018-06-14 14:23:27', '2018-06-14 19:03:29'),(351, 12, 350.00, 8.00, 400.00, 10.00, 'Traslado al Aeropuerto Internacional CDMX Origen Santa F', 'Traslado al AICM T2 Origen Santa F', '2018-06-14 14:24:55', NULL, 168, 191, 1, 2, NULL, '2018-06-14 14:24:55', '2018-06-14 19:03:30'),(352, 12, 400.00, 8.00, 500.00, 10.00, 'Recepcin en el Aeropuerto Internacional CDMX T1 destino a Santa F', 'Recepcin en el AICM T1 Destino a Santa F', '2018-06-14 14:26:33', NULL, 168, 191, 1, 2, NULL, '2018-06-14 14:26:33', '2018-06-14 19:03:30'),(353, 12, 400.00, 8.00, 500.00, 10.00, 'Recepcin en el Aeropuerto Internacional CDMX destino a Santa F', 'Recepcin en el AICM T2 Destino a Santa F', '2018-06-14 14:27:34', NULL, 168, 191, 1, 2, NULL, '2018-06-14 14:27:34', '2018-06-14 19:03:30'),(354, 12, 550.00, 8.00, 600.00, 10.00, 'Traslado al Aeropuerto Internacional de Toluca origen Polanco', 'Traslado al Aeropuerto Internacional de Toluca', '2018-06-14 14:29:37', NULL, 168, 191, 1, 2, NULL, '2018-06-14 14:29:37', '2018-06-14 19:03:31'),(355, 12, 700.00, 8.00, 800.00, 11.00, 'Recepcin AICM T1 o T2 destino Aeropuerto Internacional Toluca', 'Recepcin AICM T1 o T2 destino Aeropuerto Internacional Toluca', '2018-06-14 14:31:11', NULL, 168, 191, 1, 2, NULL, '2018-06-14 14:31:11', '2018-06-14 19:03:31'),(356, 12, 350.00, 9.00, 400.00, 12.00, 'Traslado Bilinge al Aeropuerto Internacional CDMX T1', 'Traslado Bilinge al AICM T1', '2018-06-14 14:39:34', NULL, 168, 190, 1, 2, NULL, '2018-06-14 14:39:34', '2018-06-14 19:03:31'),(357, 12, 350.00, 9.00, 400.00, 12.00, 'Traslado Bilinge al Aeropuerto Internacional CDMX T2', 'Traslado Bilinge al AICM T2', '2018-06-14 14:44:29', NULL, 168, 190, 1, 2, NULL, '2018-06-14 14:44:29', '2018-06-14 19:03:32'),(358, 12, 400.00, 9.00, 500.00, 12.00, 'Recepcin Bilinge en el Aeropuerto Internacional CDMX T1', 'Recepcin Bilinge en el AICM T1', '2018-06-14 14:46:55', NULL, 168, 190, 1, 2, NULL, '2018-06-14 14:46:55', '2018-06-14 19:03:32'),(359, 12, 400.00, 9.00, 500.00, 12.00, 'Recepcin Bilinge en el Aeropuerto Iinternacional CDMX T2', 'Recepcin Bilinge en el AICM T2', '2018-06-14 14:47:49', NULL, 168, 190, 1, 2, NULL, '2018-06-14 14:47:49', '2018-06-14 19:03:32'),(360, 12, 240.00, 9.00, 280.00, 12.00, 'Traslado Bilinge a la Terminal de Autobuses Central del Norte', 'Traslado Bilinge a la Terminal de Autobuses Central del Norte', '2018-06-14 14:49:13', NULL, 168, 190, 1, 2, NULL, '2018-06-14 14:49:13', '2018-06-14 19:03:33'),(361, 12, 280.00, 9.00, 320.00, 12.00, 'Traslado Bilinge a la Terminal de Autobuses de Pasajeros Oriente (TAPO)', 'Traslado Bilinge a la Terminal de Autobuses de Pasajeros Oriente (TAPO)', '2018-06-14 14:50:33', NULL, 168, 190, 1, 2, NULL, '2018-06-14 14:50:33', '2018-06-14 19:03:33'),(362, 12, 310.00, 9.00, 350.00, 12.00, 'Traslado Bilinge a la Terminal de Autobuses Central del Sur (Taxquea)', 'Traslado Bilinge a la Terminal de Autobuses Central del Sur (Taxquea)', '2018-06-14 14:51:43', NULL, 168, 190, 1, 2, NULL, '2018-06-14 14:51:43', '2018-06-14 19:03:33'),(363, 12, 200.00, 9.00, 230.00, 12.00, 'Traslado Bilinge a la Terminal Central de Autobuses Poniente', 'Traslado Bilinge a la Terminal Central de Autobuses Poniente', '2018-06-14 14:52:32', NULL, 168, 190, 1, 2, NULL, '2018-06-14 14:52:32', '2018-06-14 19:03:34'),(364, 12, 400.00, 9.00, 500.00, 12.00, 'Traslado Bilinge al Aeropuerto Internacional CDMX T1 Origen Santa F', 'Traslado Bilinge al AICM T1 Origen Santa F', '2018-06-14 14:55:26', NULL, 168, 190, 1, 2, NULL, '2018-06-14 14:55:26', '2018-06-14 19:03:34'),(365, 12, 400.00, 9.00, 500.00, 12.00, 'Traslado Bilinge al AICM T2 Origen Santa F', 'Traslado Bilinge al AICM T2 Origen Santa F', '2018-06-14 14:56:08', NULL, 168, 190, 1, 2, NULL, '2018-06-14 14:56:08', '2018-06-14 19:03:34'),(366, 12, 500.00, 9.00, 600.00, 12.00, 'Recepcin Bilinge en el AICM T1 destino Santa F', 'Recepcin Bilinge en el AICM T1 destino Santa F', '2018-06-14 15:03:46', NULL, 168, 190, 1, 2, NULL, '2018-06-14 15:03:46', '2018-06-14 19:03:35'),(367, 12, 500.00, 9.00, 600.00, 12.00, 'Recepcin Bilinge en el AICM T2 destino Santa F', 'Recepcin Bilinge en el AICM T2 destino Santa F', '2018-06-14 15:04:22', NULL, 168, 190, 1, 2, NULL, '2018-06-14 15:04:22', '2018-06-14 19:03:35'),(368, 12, 650.00, 9.00, 800.00, 12.00, 'Traslado Bilinge al Aeropuerto Internacional de Toluca origen Polanco', 'Traslado Bilinge al Aeropuerto Internacional de Toluca', '2018-06-14 15:10:28', NULL, 168, 190, 1, 2, NULL, '2018-06-14 15:10:28', '2018-06-14 19:03:35'),(369, 12, 800.00, 9.00, 1000.00, 12.00, 'Recepcin Bilinge AICM T1 o T2 destino Aeropuerto Internacional Toluca', 'Recepcin Bilinge AICM T1 o T2 destino Aeropuerto Internacional Toluca', '2018-06-14 15:11:07', NULL, 168, 190, 1, 2, NULL, '2018-06-14 15:11:07', '2018-06-14 19:03:36'),(370, 12, 45.00, 8.00, 60.00, 10.00, 'Tarifa bsica para viajes en espaol para servicios no tabulados', 'Tarifa predeterminada', '2018-06-14 15:17:33', NULL, 168, 189, 0, 2, NULL, '2018-06-14 15:17:33', '2018-06-14 19:03:36'),(371, 12, 130.00, 9.00, 140.00, 12.00, 'Tarifa para viajes bilinges no tabulados', 'Tarifa viajes bilinges', '2018-06-14 15:20:18', NULL, 168, 190, 0, 2, NULL, '2018-06-14 15:20:18', '2018-06-14 19:03:36'),(372, 12, 45.00, 8.00, 65.00, 11.00, 'Traslados forneos para servicios no tabulados', 'Tarifa forneos', '2018-06-14 18:56:13', NULL, 168, 268, 0, 2, NULL, '2018-06-14 18:56:13', '2018-06-14 19:03:37'),(373, 13, 250.00, 8.00, 300.00, 10.00, 'Traslado al Aeropuerto Internacional CDMX T1', 'Traslado al AICM T1', '2018-06-14 13:39:33', NULL, 168, 191, 1, 2, NULL, '2018-06-14 13:39:33', '2018-06-14 19:03:27'),(374, 13, 250.00, 8.00, 300.00, 10.00, 'Traslado al Aeropuerto Internacional CDMX T2', 'Traslado al AICM T2', '2018-06-14 13:40:31', NULL, 168, 191, 1, 2, NULL, '2018-06-14 13:40:31', '2018-06-14 19:03:27'),(375, 13, 300.00, 8.00, 400.00, 10.00, 'Recepcin en el Aeropuerto Internacional CDMX T1', 'Recepcin en el AICM T1', '2018-06-14 13:46:20', NULL, 168, 191, 1, 2, NULL, '2018-06-14 13:46:20', '2018-06-14 19:03:27'),(376, 13, 300.00, 8.00, 400.00, 10.00, 'Recepcin en el Aeropuerto Internacional CDMX T2', 'Recepcin en el AICM T2', '2018-06-14 13:47:15', NULL, 168, 191, 1, 2, NULL, '2018-06-14 13:47:15', '2018-06-14 19:03:28'),(377, 13, 160.00, 8.00, 1.80, 10.00, 'Traslado a la Terminal de Autobuses Central del Norte', 'Traslado a la Terminal de Autobuses Central del Norte', '2018-06-14 14:12:58', NULL, 168, 191, 1, 2, NULL, '2018-06-14 14:12:58', '2018-06-14 19:03:28'),(378, 13, 200.00, 8.00, 220.00, 10.00, 'Traslado a la Terminal de Autobuses de Pasajeros Oriente (TAPO)', 'Traslado a la Terminal de Autobuses de Pasajeros Oriente (TAPO)', '2018-06-14 14:16:35', NULL, 168, 191, 1, 2, NULL, '2018-06-14 14:16:35', '2018-06-14 19:03:28'),(379, 13, 230.00, 8.00, 250.00, 10.00, 'Traslado a la Terminal de Autobuses Central del Sur (Taxquea)', 'Traslado a la Terminal de Autobuses Central del Sur (Taxquea)', '2018-06-14 14:19:12', NULL, 168, 191, 1, 2, NULL, '2018-06-14 14:19:12', '2018-06-14 19:03:29'),(380, 13, 100.00, 8.00, 130.00, 10.00, 'Traslado a la Terminal Central de Autobuses Poniente', 'Traslado a la Terminal Central de Autobuses Poniente', '2018-06-14 14:21:01', NULL, 168, 191, 1, 2, NULL, '2018-06-14 14:21:01', '2018-06-14 19:03:29'),(381, 13, 350.00, 8.00, 400.00, 10.00, 'Traslado al Aeropuerto Internacional CDMX T1 Origen Santa F', 'Traslado al AICM T1 Origen Santa F', '2018-06-14 14:23:27', NULL, 168, 191, 1, 2, NULL, '2018-06-14 14:23:27', '2018-06-14 19:03:29'),(382, 13, 350.00, 8.00, 400.00, 10.00, 'Traslado al Aeropuerto Internacional CDMX Origen Santa F', 'Traslado al AICM T2 Origen Santa F', '2018-06-14 14:24:55', NULL, 168, 191, 1, 2, NULL, '2018-06-14 14:24:55', '2018-06-14 19:03:30'),(383, 13, 400.00, 8.00, 500.00, 10.00, 'Recepcin en el Aeropuerto Internacional CDMX T1 destino a Santa F', 'Recepcin en el AICM T1 Destino a Santa F', '2018-06-14 14:26:33', NULL, 168, 191, 1, 2, NULL, '2018-06-14 14:26:33', '2018-06-14 19:03:30'),(384, 13, 400.00, 8.00, 500.00, 10.00, 'Recepcin en el Aeropuerto Internacional CDMX destino a Santa F', 'Recepcin en el AICM T2 Destino a Santa F', '2018-06-14 14:27:34', NULL, 168, 191, 1, 2, NULL, '2018-06-14 14:27:34', '2018-06-14 19:03:30'),(385, 13, 550.00, 8.00, 600.00, 10.00, 'Traslado al Aeropuerto Internacional de Toluca origen Polanco', 'Traslado al Aeropuerto Internacional de Toluca', '2018-06-14 14:29:37', NULL, 168, 191, 1, 2, NULL, '2018-06-14 14:29:37', '2018-06-14 19:03:31'),(386, 13, 700.00, 8.00, 800.00, 11.00, 'Recepcin AICM T1 o T2 destino Aeropuerto Internacional Toluca', 'Recepcin AICM T1 o T2 destino Aeropuerto Internacional Toluca', '2018-06-14 14:31:11', NULL, 168, 191, 1, 2, NULL, '2018-06-14 14:31:11', '2018-06-14 19:03:31'),(387, 13, 350.00, 9.00, 400.00, 12.00, 'Traslado Bilinge al Aeropuerto Internacional CDMX T1', 'Traslado Bilinge al AICM T1', '2018-06-14 14:39:34', NULL, 168, 190, 1, 2, NULL, '2018-06-14 14:39:34', '2018-06-14 19:03:31'),(388, 13, 350.00, 9.00, 400.00, 12.00, 'Traslado Bilinge al Aeropuerto Internacional CDMX T2', 'Traslado Bilinge al AICM T2', '2018-06-14 14:44:29', NULL, 168, 190, 1, 2, NULL, '2018-06-14 14:44:29', '2018-06-14 19:03:32'),(389, 13, 400.00, 9.00, 500.00, 12.00, 'Recepcin Bilinge en el Aeropuerto Internacional CDMX T1', 'Recepcin Bilinge en el AICM T1', '2018-06-14 14:46:55', NULL, 168, 190, 1, 2, NULL, '2018-06-14 14:46:55', '2018-06-14 19:03:32'),(390, 13, 400.00, 9.00, 500.00, 12.00, 'Recepcin Bilinge en el Aeropuerto Iinternacional CDMX T2', 'Recepcin Bilinge en el AICM T2', '2018-06-14 14:47:49', NULL, 168, 190, 1, 2, NULL, '2018-06-14 14:47:49', '2018-06-14 19:03:32'),(391, 13, 240.00, 9.00, 280.00, 12.00, 'Traslado Bilinge a la Terminal de Autobuses Central del Norte', 'Traslado Bilinge a la Terminal de Autobuses Central del Norte', '2018-06-14 14:49:13', NULL, 168, 190, 1, 2, NULL, '2018-06-14 14:49:13', '2018-06-14 19:03:33'),(392, 13, 280.00, 9.00, 320.00, 12.00, 'Traslado Bilinge a la Terminal de Autobuses de Pasajeros Oriente (TAPO)', 'Traslado Bilinge a la Terminal de Autobuses de Pasajeros Oriente (TAPO)', '2018-06-14 14:50:33', NULL, 168, 190, 1, 2, NULL, '2018-06-14 14:50:33', '2018-06-14 19:03:33'),(393, 13, 310.00, 9.00, 350.00, 12.00, 'Traslado Bilinge a la Terminal de Autobuses Central del Sur (Taxquea)', 'Traslado Bilinge a la Terminal de Autobuses Central del Sur (Taxquea)', '2018-06-14 14:51:43', NULL, 168, 190, 1, 2, NULL, '2018-06-14 14:51:43', '2018-06-14 19:03:33'),(394, 13, 200.00, 9.00, 230.00, 12.00, 'Traslado Bilinge a la Terminal Central de Autobuses Poniente', 'Traslado Bilinge a la Terminal Central de Autobuses Poniente', '2018-06-14 14:52:32', NULL, 168, 190, 1, 2, NULL, '2018-06-14 14:52:32', '2018-06-14 19:03:34'),(395, 13, 400.00, 9.00, 500.00, 12.00, 'Traslado Bilinge al Aeropuerto Internacional CDMX T1 Origen Santa F', 'Traslado Bilinge al AICM T1 Origen Santa F', '2018-06-14 14:55:26', NULL, 168, 190, 1, 2, NULL, '2018-06-14 14:55:26', '2018-06-14 19:03:34'),(396, 13, 400.00, 9.00, 500.00, 12.00, 'Traslado Bilinge al AICM T2 Origen Santa F', 'Traslado Bilinge al AICM T2 Origen Santa F', '2018-06-14 14:56:08', NULL, 168, 190, 1, 2, NULL, '2018-06-14 14:56:08', '2018-06-14 19:03:34'),(397, 13, 500.00, 9.00, 600.00, 12.00, 'Recepcin Bilinge en el AICM T1 destino Santa F', 'Recepcin Bilinge en el AICM T1 destino Santa F', '2018-06-14 15:03:46', NULL, 168, 190, 1, 2, NULL, '2018-06-14 15:03:46', '2018-06-14 19:03:35'),(398, 13, 500.00, 9.00, 600.00, 12.00, 'Recepcin Bilinge en el AICM T2 destino Santa F', 'Recepcin Bilinge en el AICM T2 destino Santa F', '2018-06-14 15:04:22', NULL, 168, 190, 1, 2, NULL, '2018-06-14 15:04:22', '2018-06-14 19:03:35'),(399, 13, 650.00, 9.00, 800.00, 12.00, 'Traslado Bilinge al Aeropuerto Internacional de Toluca origen Polanco', 'Traslado Bilinge al Aeropuerto Internacional de Toluca', '2018-06-14 15:10:28', NULL, 168, 190, 1, 2, NULL, '2018-06-14 15:10:28', '2018-06-14 19:03:35'),(400, 13, 800.00, 9.00, 1000.00, 12.00, 'Recepcin Bilinge AICM T1 o T2 destino Aeropuerto Internacional Toluca', 'Recepcin Bilinge AICM T1 o T2 destino Aeropuerto Internacional Toluca', '2018-06-14 15:11:07', NULL, 168, 190, 1, 2, NULL, '2018-06-14 15:11:07', '2018-06-14 19:03:36'),(401, 13, 45.00, 8.00, 60.00, 10.00, 'Tarifa bsica para viajes en espaol para servicios no tabulados', 'Tarifa predeterminada', '2018-06-14 15:17:33', NULL, 168, 189, 0, 2, NULL, '2018-06-14 15:17:33', '2018-06-14 19:03:36'),(402, 13, 130.00, 9.00, 140.00, 12.00, 'Tarifa para viajes bilinges no tabulados', 'Tarifa viajes bilinges', '2018-06-14 15:20:18', NULL, 168, 190, 0, 2, NULL, '2018-06-14 15:20:18', '2018-06-14 19:03:36'),(403, 13, 45.00, 8.00, 65.00, 11.00, 'Traslados forneos para servicios no tabulados', 'Tarifa forneos', '2018-06-14 18:56:13', NULL, 168, 268, 0, 2, NULL, '2018-06-14 18:56:13', '2018-06-14 19:03:37'),(404, 14, 250.00, 8.00, 300.00, 10.00, 'Traslado al Aeropuerto Internacional CDMX T1', 'Traslado al AICM T1', '2018-06-14 13:39:33', NULL, 168, 191, 1, 2, NULL, '2018-06-14 13:39:33', '2018-06-14 19:03:27'),(405, 14, 250.00, 8.00, 300.00, 10.00, 'Traslado al Aeropuerto Internacional CDMX T2', 'Traslado al AICM T2', '2018-06-14 13:40:31', NULL, 168, 191, 1, 2, NULL, '2018-06-14 13:40:31', '2018-06-14 19:03:27'),(406, 14, 300.00, 8.00, 400.00, 10.00, 'Recepcin en el Aeropuerto Internacional CDMX T1', 'Recepcin en el AICM T1', '2018-06-14 13:46:20', NULL, 168, 191, 1, 2, NULL, '2018-06-14 13:46:20', '2018-06-14 19:03:27'),(407, 14, 300.00, 8.00, 400.00, 10.00, 'Recepcin en el Aeropuerto Internacional CDMX T2', 'Recepcin en el AICM T2', '2018-06-14 13:47:15', NULL, 168, 191, 1, 2, NULL, '2018-06-14 13:47:15', '2018-06-14 19:03:28'),(408, 14, 160.00, 8.00, 1.80, 10.00, 'Traslado a la Terminal de Autobuses Central del Norte', 'Traslado a la Terminal de Autobuses Central del Norte', '2018-06-14 14:12:58', NULL, 168, 191, 1, 2, NULL, '2018-06-14 14:12:58', '2018-06-14 19:03:28'),(409, 14, 200.00, 8.00, 220.00, 10.00, 'Traslado a la Terminal de Autobuses de Pasajeros Oriente (TAPO)', 'Traslado a la Terminal de Autobuses de Pasajeros Oriente (TAPO)', '2018-06-14 14:16:35', NULL, 168, 191, 1, 2, NULL, '2018-06-14 14:16:35', '2018-06-14 19:03:28'),(410, 14, 230.00, 8.00, 250.00, 10.00, 'Traslado a la Terminal de Autobuses Central del Sur (Taxquea)', 'Traslado a la Terminal de Autobuses Central del Sur (Taxquea)', '2018-06-14 14:19:12', NULL, 168, 191, 1, 2, NULL, '2018-06-14 14:19:12', '2018-06-14 19:03:29'),(411, 14, 100.00, 8.00, 130.00, 10.00, 'Traslado a la Terminal Central de Autobuses Poniente', 'Traslado a la Terminal Central de Autobuses Poniente', '2018-06-14 14:21:01', NULL, 168, 191, 1, 2, NULL, '2018-06-14 14:21:01', '2018-06-14 19:03:29'),(412, 14, 350.00, 8.00, 400.00, 10.00, 'Traslado al Aeropuerto Internacional CDMX T1 Origen Santa F', 'Traslado al AICM T1 Origen Santa F', '2018-06-14 14:23:27', NULL, 168, 191, 1, 2, NULL, '2018-06-14 14:23:27', '2018-06-14 19:03:29'),(413, 14, 350.00, 8.00, 400.00, 10.00, 'Traslado al Aeropuerto Internacional CDMX Origen Santa F', 'Traslado al AICM T2 Origen Santa F', '2018-06-14 14:24:55', NULL, 168, 191, 1, 2, NULL, '2018-06-14 14:24:55', '2018-06-14 19:03:30'),(414, 14, 400.00, 8.00, 500.00, 10.00, 'Recepcin en el Aeropuerto Internacional CDMX T1 destino a Santa F', 'Recepcin en el AICM T1 Destino a Santa F', '2018-06-14 14:26:33', NULL, 168, 191, 1, 2, NULL, '2018-06-14 14:26:33', '2018-06-14 19:03:30'),(415, 14, 400.00, 8.00, 500.00, 10.00, 'Recepcin en el Aeropuerto Internacional CDMX destino a Santa F', 'Recepcin en el AICM T2 Destino a Santa F', '2018-06-14 14:27:34', NULL, 168, 191, 1, 2, NULL, '2018-06-14 14:27:34', '2018-06-14 19:03:30'),(416, 14, 550.00, 8.00, 600.00, 10.00, 'Traslado al Aeropuerto Internacional de Toluca origen Polanco', 'Traslado al Aeropuerto Internacional de Toluca', '2018-06-14 14:29:37', NULL, 168, 191, 1, 2, NULL, '2018-06-14 14:29:37', '2018-06-14 19:03:31'),(417, 14, 700.00, 8.00, 800.00, 11.00, 'Recepcin AICM T1 o T2 destino Aeropuerto Internacional Toluca', 'Recepcin AICM T1 o T2 destino Aeropuerto Internacional Toluca', '2018-06-14 14:31:11', NULL, 168, 191, 1, 2, NULL, '2018-06-14 14:31:11', '2018-06-14 19:03:31'),(418, 14, 350.00, 9.00, 400.00, 12.00, 'Traslado Bilinge al Aeropuerto Internacional CDMX T1', 'Traslado Bilinge al AICM T1', '2018-06-14 14:39:34', NULL, 168, 190, 1, 2, NULL, '2018-06-14 14:39:34', '2018-06-14 19:03:31'),(419, 14, 350.00, 9.00, 400.00, 12.00, 'Traslado Bilinge al Aeropuerto Internacional CDMX T2', 'Traslado Bilinge al AICM T2', '2018-06-14 14:44:29', NULL, 168, 190, 1, 2, NULL, '2018-06-14 14:44:29', '2018-06-14 19:03:32'),(420, 14, 400.00, 9.00, 500.00, 12.00, 'Recepcin Bilinge en el Aeropuerto Internacional CDMX T1', 'Recepcin Bilinge en el AICM T1', '2018-06-14 14:46:55', NULL, 168, 190, 1, 2, NULL, '2018-06-14 14:46:55', '2018-06-14 19:03:32'),(421, 14, 400.00, 9.00, 500.00, 12.00, 'Recepcin Bilinge en el Aeropuerto Iinternacional CDMX T2', 'Recepcin Bilinge en el AICM T2', '2018-06-14 14:47:49', NULL, 168, 190, 1, 2, NULL, '2018-06-14 14:47:49', '2018-06-14 19:03:32'),(422, 14, 240.00, 9.00, 280.00, 12.00, 'Traslado Bilinge a la Terminal de Autobuses Central del Norte', 'Traslado Bilinge a la Terminal de Autobuses Central del Norte', '2018-06-14 14:49:13', NULL, 168, 190, 1, 2, NULL, '2018-06-14 14:49:13', '2018-06-14 19:03:33'),(423, 14, 280.00, 9.00, 320.00, 12.00, 'Traslado Bilinge a la Terminal de Autobuses de Pasajeros Oriente (TAPO)', 'Traslado Bilinge a la Terminal de Autobuses de Pasajeros Oriente (TAPO)', '2018-06-14 14:50:33', NULL, 168, 190, 1, 2, NULL, '2018-06-14 14:50:33', '2018-06-14 19:03:33'),(424, 14, 310.00, 9.00, 350.00, 12.00, 'Traslado Bilinge a la Terminal de Autobuses Central del Sur (Taxquea)', 'Traslado Bilinge a la Terminal de Autobuses Central del Sur (Taxquea)', '2018-06-14 14:51:43', NULL, 168, 190, 1, 2, NULL, '2018-06-14 14:51:43', '2018-06-14 19:03:33'),(425, 14, 200.00, 9.00, 230.00, 12.00, 'Traslado Bilinge a la Terminal Central de Autobuses Poniente', 'Traslado Bilinge a la Terminal Central de Autobuses Poniente', '2018-06-14 14:52:32', NULL, 168, 190, 1, 2, NULL, '2018-06-14 14:52:32', '2018-06-14 19:03:34'),(426, 14, 400.00, 9.00, 500.00, 12.00, 'Traslado Bilinge al Aeropuerto Internacional CDMX T1 Origen Santa F', 'Traslado Bilinge al AICM T1 Origen Santa F', '2018-06-14 14:55:26', NULL, 168, 190, 1, 2, NULL, '2018-06-14 14:55:26', '2018-06-14 19:03:34'),(427, 14, 400.00, 9.00, 500.00, 12.00, 'Traslado Bilinge al AICM T2 Origen Santa F', 'Traslado Bilinge al AICM T2 Origen Santa F', '2018-06-14 14:56:08', NULL, 168, 190, 1, 2, NULL, '2018-06-14 14:56:08', '2018-06-14 19:03:34'),(428, 14, 500.00, 9.00, 600.00, 12.00, 'Recepcin Bilinge en el AICM T1 destino Santa F', 'Recepcin Bilinge en el AICM T1 destino Santa F', '2018-06-14 15:03:46', NULL, 168, 190, 1, 2, NULL, '2018-06-14 15:03:46', '2018-06-14 19:03:35'),(429, 14, 500.00, 9.00, 600.00, 12.00, 'Recepcin Bilinge en el AICM T2 destino Santa F', 'Recepcin Bilinge en el AICM T2 destino Santa F', '2018-06-14 15:04:22', NULL, 168, 190, 1, 2, NULL, '2018-06-14 15:04:22', '2018-06-14 19:03:35'),(430, 14, 650.00, 9.00, 800.00, 12.00, 'Traslado Bilinge al Aeropuerto Internacional de Toluca origen Polanco', 'Traslado Bilinge al Aeropuerto Internacional de Toluca', '2018-06-14 15:10:28', NULL, 168, 190, 1, 2, NULL, '2018-06-14 15:10:28', '2018-06-14 19:03:35'),(431, 14, 800.00, 9.00, 1000.00, 12.00, 'Recepcin Bilinge AICM T1 o T2 destino Aeropuerto Internacional Toluca', 'Recepcin Bilinge AICM T1 o T2 destino Aeropuerto Internacional Toluca', '2018-06-14 15:11:07', NULL, 168, 190, 1, 2, NULL, '2018-06-14 15:11:07', '2018-06-14 19:03:36'),(432, 14, 45.00, 8.00, 60.00, 10.00, 'Tarifa bsica para viajes en espaol para servicios no tabulados', 'Tarifa predeterminada', '2018-06-14 15:17:33', NULL, 168, 189, 0, 2, NULL, '2018-06-14 15:17:33', '2018-06-14 19:03:36'),(433, 14, 130.00, 9.00, 140.00, 12.00, 'Tarifa para viajes bilinges no tabulados', 'Tarifa viajes bilinges', '2018-06-14 15:20:18', NULL, 168, 190, 0, 2, NULL, '2018-06-14 15:20:18', '2018-06-14 19:03:36'),(434, 14, 45.00, 8.00, 65.00, 11.00, 'Traslados forneos para servicios no tabulados', 'Tarifa forneos', '2018-06-14 18:56:13', NULL, 168, 268, 0, 2, NULL, '2018-06-14 18:56:13', '2018-06-14 19:03:37'),(435, 15, 250.00, 8.00, 300.00, 10.00, 'Traslado al Aeropuerto Internacional CDMX T1', 'Traslado al AICM T1', '2018-06-14 13:39:33', NULL, 168, 191, 1, 2, NULL, '2018-06-14 13:39:33', '2018-06-14 19:03:27'),(436, 15, 250.00, 8.00, 300.00, 10.00, 'Traslado al Aeropuerto Internacional CDMX T2', 'Traslado al AICM T2', '2018-06-14 13:40:31', NULL, 168, 191, 1, 2, NULL, '2018-06-14 13:40:31', '2018-06-14 19:03:27'),(437, 15, 300.00, 8.00, 400.00, 10.00, 'Recepcin en el Aeropuerto Internacional CDMX T1', 'Recepcin en el AICM T1', '2018-06-14 13:46:20', NULL, 168, 191, 1, 2, NULL, '2018-06-14 13:46:20', '2018-06-14 19:03:27'),(438, 15, 300.00, 8.00, 400.00, 10.00, 'Recepcin en el Aeropuerto Internacional CDMX T2', 'Recepcin en el AICM T2', '2018-06-14 13:47:15', NULL, 168, 191, 1, 2, NULL, '2018-06-14 13:47:15', '2018-06-14 19:03:28'),(439, 15, 160.00, 8.00, 1.80, 10.00, 'Traslado a la Terminal de Autobuses Central del Norte', 'Traslado a la Terminal de Autobuses Central del Norte', '2018-06-14 14:12:58', NULL, 168, 191, 1, 2, NULL, '2018-06-14 14:12:58', '2018-06-14 19:03:28'),(440, 15, 200.00, 8.00, 220.00, 10.00, 'Traslado a la Terminal de Autobuses de Pasajeros Oriente (TAPO)', 'Traslado a la Terminal de Autobuses de Pasajeros Oriente (TAPO)', '2018-06-14 14:16:35', NULL, 168, 191, 1, 2, NULL, '2018-06-14 14:16:35', '2018-06-14 19:03:28'),(441, 15, 230.00, 8.00, 250.00, 10.00, 'Traslado a la Terminal de Autobuses Central del Sur (Taxquea)', 'Traslado a la Terminal de Autobuses Central del Sur (Taxquea)', '2018-06-14 14:19:12', NULL, 168, 191, 1, 2, NULL, '2018-06-14 14:19:12', '2018-06-14 19:03:29'),(442, 15, 100.00, 8.00, 130.00, 10.00, 'Traslado a la Terminal Central de Autobuses Poniente', 'Traslado a la Terminal Central de Autobuses Poniente', '2018-06-14 14:21:01', NULL, 168, 191, 1, 2, NULL, '2018-06-14 14:21:01', '2018-06-14 19:03:29'),(443, 15, 350.00, 8.00, 400.00, 10.00, 'Traslado al Aeropuerto Internacional CDMX T1 Origen Santa F', 'Traslado al AICM T1 Origen Santa F', '2018-06-14 14:23:27', NULL, 168, 191, 1, 2, NULL, '2018-06-14 14:23:27', '2018-06-14 19:03:29'),(444, 15, 350.00, 8.00, 400.00, 10.00, 'Traslado al Aeropuerto Internacional CDMX Origen Santa F', 'Traslado al AICM T2 Origen Santa F', '2018-06-14 14:24:55', NULL, 168, 191, 1, 2, NULL, '2018-06-14 14:24:55', '2018-06-14 19:03:30'),(445, 15, 400.00, 8.00, 500.00, 10.00, 'Recepcin en el Aeropuerto Internacional CDMX T1 destino a Santa F', 'Recepcin en el AICM T1 Destino a Santa F', '2018-06-14 14:26:33', NULL, 168, 191, 1, 2, NULL, '2018-06-14 14:26:33', '2018-06-14 19:03:30'),(446, 15, 400.00, 8.00, 500.00, 10.00, 'Recepcin en el Aeropuerto Internacional CDMX destino a Santa F', 'Recepcin en el AICM T2 Destino a Santa F', '2018-06-14 14:27:34', NULL, 168, 191, 1, 2, NULL, '2018-06-14 14:27:34', '2018-06-14 19:03:30'),(447, 15, 550.00, 8.00, 600.00, 10.00, 'Traslado al Aeropuerto Internacional de Toluca origen Polanco', 'Traslado al Aeropuerto Internacional de Toluca', '2018-06-14 14:29:37', NULL, 168, 191, 1, 2, NULL, '2018-06-14 14:29:37', '2018-06-14 19:03:31'),(448, 15, 700.00, 8.00, 800.00, 11.00, 'Recepcin AICM T1 o T2 destino Aeropuerto Internacional Toluca', 'Recepcin AICM T1 o T2 destino Aeropuerto Internacional Toluca', '2018-06-14 14:31:11', NULL, 168, 191, 1, 2, NULL, '2018-06-14 14:31:11', '2018-06-14 19:03:31'),(449, 15, 350.00, 9.00, 400.00, 12.00, 'Traslado Bilinge al Aeropuerto Internacional CDMX T1', 'Traslado Bilinge al AICM T1', '2018-06-14 14:39:34', NULL, 168, 190, 1, 2, NULL, '2018-06-14 14:39:34', '2018-06-14 19:03:31'),(450, 15, 350.00, 9.00, 400.00, 12.00, 'Traslado Bilinge al Aeropuerto Internacional CDMX T2', 'Traslado Bilinge al AICM T2', '2018-06-14 14:44:29', NULL, 168, 190, 1, 2, NULL, '2018-06-14 14:44:29', '2018-06-14 19:03:32'),(451, 15, 400.00, 9.00, 500.00, 12.00, 'Recepcin Bilinge en el Aeropuerto Internacional CDMX T1', 'Recepcin Bilinge en el AICM T1', '2018-06-14 14:46:55', NULL, 168, 190, 1, 2, NULL, '2018-06-14 14:46:55', '2018-06-14 19:03:32'),(452, 15, 400.00, 9.00, 500.00, 12.00, 'Recepcin Bilinge en el Aeropuerto Iinternacional CDMX T2', 'Recepcin Bilinge en el AICM T2', '2018-06-14 14:47:49', NULL, 168, 190, 1, 2, NULL, '2018-06-14 14:47:49', '2018-06-14 19:03:32'),(453, 15, 240.00, 9.00, 280.00, 12.00, 'Traslado Bilinge a la Terminal de Autobuses Central del Norte', 'Traslado Bilinge a la Terminal de Autobuses Central del Norte', '2018-06-14 14:49:13', NULL, 168, 190, 1, 2, NULL, '2018-06-14 14:49:13', '2018-06-14 19:03:33'),(454, 15, 280.00, 9.00, 320.00, 12.00, 'Traslado Bilinge a la Terminal de Autobuses de Pasajeros Oriente (TAPO)', 'Traslado Bilinge a la Terminal de Autobuses de Pasajeros Oriente (TAPO)', '2018-06-14 14:50:33', NULL, 168, 190, 1, 2, NULL, '2018-06-14 14:50:33', '2018-06-14 19:03:33'),(455, 15, 310.00, 9.00, 350.00, 12.00, 'Traslado Bilinge a la Terminal de Autobuses Central del Sur (Taxquea)', 'Traslado Bilinge a la Terminal de Autobuses Central del Sur (Taxquea)', '2018-06-14 14:51:43', NULL, 168, 190, 1, 2, NULL, '2018-06-14 14:51:43', '2018-06-14 19:03:33'),(456, 15, 200.00, 9.00, 230.00, 12.00, 'Traslado Bilinge a la Terminal Central de Autobuses Poniente', 'Traslado Bilinge a la Terminal Central de Autobuses Poniente', '2018-06-14 14:52:32', NULL, 168, 190, 1, 2, NULL, '2018-06-14 14:52:32', '2018-06-14 19:03:34'),(457, 15, 400.00, 9.00, 500.00, 12.00, 'Traslado Bilinge al Aeropuerto Internacional CDMX T1 Origen Santa F', 'Traslado Bilinge al AICM T1 Origen Santa F', '2018-06-14 14:55:26', NULL, 168, 190, 1, 2, NULL, '2018-06-14 14:55:26', '2018-06-14 19:03:34'),(458, 15, 400.00, 9.00, 500.00, 12.00, 'Traslado Bilinge al AICM T2 Origen Santa F', 'Traslado Bilinge al AICM T2 Origen Santa F', '2018-06-14 14:56:08', NULL, 168, 190, 1, 2, NULL, '2018-06-14 14:56:08', '2018-06-14 19:03:34'),(459, 15, 500.00, 9.00, 600.00, 12.00, 'Recepcin Bilinge en el AICM T1 destino Santa F', 'Recepcin Bilinge en el AICM T1 destino Santa F', '2018-06-14 15:03:46', NULL, 168, 190, 1, 2, NULL, '2018-06-14 15:03:46', '2018-06-14 19:03:35'),(460, 15, 500.00, 9.00, 600.00, 12.00, 'Recepcin Bilinge en el AICM T2 destino Santa F', 'Recepcin Bilinge en el AICM T2 destino Santa F', '2018-06-14 15:04:22', NULL, 168, 190, 1, 2, NULL, '2018-06-14 15:04:22', '2018-06-14 19:03:35'),(461, 15, 650.00, 9.00, 800.00, 12.00, 'Traslado Bilinge al Aeropuerto Internacional de Toluca origen Polanco', 'Traslado Bilinge al Aeropuerto Internacional de Toluca', '2018-06-14 15:10:28', NULL, 168, 190, 1, 2, NULL, '2018-06-14 15:10:28', '2018-06-14 19:03:35'),(462, 15, 800.00, 9.00, 1000.00, 12.00, 'Recepcin Bilinge AICM T1 o T2 destino Aeropuerto Internacional Toluca', 'Recepcin Bilinge AICM T1 o T2 destino Aeropuerto Internacional Toluca', '2018-06-14 15:11:07', NULL, 168, 190, 1, 2, NULL, '2018-06-14 15:11:07', '2018-06-14 19:03:36'),(463, 15, 45.00, 8.00, 60.00, 10.00, 'Tarifa bsica para viajes en espaol para servicios no tabulados', 'Tarifa predeterminada', '2018-06-14 15:17:33', NULL, 168, 189, 0, 2, NULL, '2018-06-14 15:17:33', '2018-06-14 19:03:36'),(464, 15, 130.00, 9.00, 140.00, 12.00, 'Tarifa para viajes bilinges no tabulados', 'Tarifa viajes bilinges', '2018-06-14 15:20:18', NULL, 168, 190, 0, 2, NULL, '2018-06-14 15:20:18', '2018-06-14 19:03:36'),(465, 15, 45.00, 8.00, 65.00, 11.00, 'Traslados forneos para servicios no tabulados', 'Tarifa forneos', '2018-06-14 18:56:13', NULL, 168, 268, 0, 2, NULL, '2018-06-14 18:56:13', '2018-06-14 19:03:37'),(466, 16, 250.00, 8.00, 300.00, 10.00, 'Traslado al Aeropuerto Internacional CDMX T1', 'Traslado al AICM T1', '2018-06-14 13:39:33', NULL, 168, 191, 1, 2, NULL, '2018-06-14 13:39:33', '2018-06-14 19:03:27'),(467, 16, 250.00, 8.00, 300.00, 10.00, 'Traslado al Aeropuerto Internacional CDMX T2', 'Traslado al AICM T2', '2018-06-14 13:40:31', NULL, 168, 191, 1, 2, NULL, '2018-06-14 13:40:31', '2018-06-14 19:03:27'),(468, 16, 300.00, 8.00, 400.00, 10.00, 'Recepcin en el Aeropuerto Internacional CDMX T1', 'Recepcin en el AICM T1', '2018-06-14 13:46:20', NULL, 168, 191, 1, 2, NULL, '2018-06-14 13:46:20', '2018-06-14 19:03:27'),(469, 16, 300.00, 8.00, 400.00, 10.00, 'Recepcin en el Aeropuerto Internacional CDMX T2', 'Recepcin en el AICM T2', '2018-06-14 13:47:15', NULL, 168, 191, 1, 2, NULL, '2018-06-14 13:47:15', '2018-06-14 19:03:28'),(470, 16, 160.00, 8.00, 1.80, 10.00, 'Traslado a la Terminal de Autobuses Central del Norte', 'Traslado a la Terminal de Autobuses Central del Norte', '2018-06-14 14:12:58', NULL, 168, 191, 1, 2, NULL, '2018-06-14 14:12:58', '2018-06-14 19:03:28'),(471, 16, 200.00, 8.00, 220.00, 10.00, 'Traslado a la Terminal de Autobuses de Pasajeros Oriente (TAPO)', 'Traslado a la Terminal de Autobuses de Pasajeros Oriente (TAPO)', '2018-06-14 14:16:35', NULL, 168, 191, 1, 2, NULL, '2018-06-14 14:16:35', '2018-06-14 19:03:28'),(472, 16, 230.00, 8.00, 250.00, 10.00, 'Traslado a la Terminal de Autobuses Central del Sur (Taxquea)', 'Traslado a la Terminal de Autobuses Central del Sur (Taxquea)', '2018-06-14 14:19:12', NULL, 168, 191, 1, 2, NULL, '2018-06-14 14:19:12', '2018-06-14 19:03:29'),(473, 16, 100.00, 8.00, 130.00, 10.00, 'Traslado a la Terminal Central de Autobuses Poniente', 'Traslado a la Terminal Central de Autobuses Poniente', '2018-06-14 14:21:01', NULL, 168, 191, 1, 2, NULL, '2018-06-14 14:21:01', '2018-06-14 19:03:29'),(474, 16, 350.00, 8.00, 400.00, 10.00, 'Traslado al Aeropuerto Internacional CDMX T1 Origen Santa F', 'Traslado al AICM T1 Origen Santa F', '2018-06-14 14:23:27', NULL, 168, 191, 1, 2, NULL, '2018-06-14 14:23:27', '2018-06-14 19:03:29'),(475, 16, 350.00, 8.00, 400.00, 10.00, 'Traslado al Aeropuerto Internacional CDMX Origen Santa F', 'Traslado al AICM T2 Origen Santa F', '2018-06-14 14:24:55', NULL, 168, 191, 1, 2, NULL, '2018-06-14 14:24:55', '2018-06-14 19:03:30'),(476, 16, 400.00, 8.00, 500.00, 10.00, 'Recepcin en el Aeropuerto Internacional CDMX T1 destino a Santa F', 'Recepcin en el AICM T1 Destino a Santa F', '2018-06-14 14:26:33', NULL, 168, 191, 1, 2, NULL, '2018-06-14 14:26:33', '2018-06-14 19:03:30'),(477, 16, 400.00, 8.00, 500.00, 10.00, 'Recepcin en el Aeropuerto Internacional CDMX destino a Santa F', 'Recepcin en el AICM T2 Destino a Santa F', '2018-06-14 14:27:34', NULL, 168, 191, 1, 2, NULL, '2018-06-14 14:27:34', '2018-06-14 19:03:30'),(478, 16, 550.00, 8.00, 600.00, 10.00, 'Traslado al Aeropuerto Internacional de Toluca origen Polanco', 'Traslado al Aeropuerto Internacional de Toluca', '2018-06-14 14:29:37', NULL, 168, 191, 1, 2, NULL, '2018-06-14 14:29:37', '2018-06-14 19:03:31'),(479, 16, 700.00, 8.00, 800.00, 11.00, 'Recepcin AICM T1 o T2 destino Aeropuerto Internacional Toluca', 'Recepcin AICM T1 o T2 destino Aeropuerto Internacional Toluca', '2018-06-14 14:31:11', NULL, 168, 191, 1, 2, NULL, '2018-06-14 14:31:11', '2018-06-14 19:03:31'),(480, 16, 350.00, 9.00, 400.00, 12.00, 'Traslado Bilinge al Aeropuerto Internacional CDMX T1', 'Traslado Bilinge al AICM T1', '2018-06-14 14:39:34', NULL, 168, 190, 1, 2, NULL, '2018-06-14 14:39:34', '2018-06-14 19:03:31'),(481, 16, 350.00, 9.00, 400.00, 12.00, 'Traslado Bilinge al Aeropuerto Internacional CDMX T2', 'Traslado Bilinge al AICM T2', '2018-06-14 14:44:29', NULL, 168, 190, 1, 2, NULL, '2018-06-14 14:44:29', '2018-06-14 19:03:32'),(482, 16, 400.00, 9.00, 500.00, 12.00, 'Recepcin Bilinge en el Aeropuerto Internacional CDMX T1', 'Recepcin Bilinge en el AICM T1', '2018-06-14 14:46:55', NULL, 168, 190, 1, 2, NULL, '2018-06-14 14:46:55', '2018-06-14 19:03:32'),(483, 16, 400.00, 9.00, 500.00, 12.00, 'Recepcin Bilinge en el Aeropuerto Iinternacional CDMX T2', 'Recepcin Bilinge en el AICM T2', '2018-06-14 14:47:49', NULL, 168, 190, 1, 2, NULL, '2018-06-14 14:47:49', '2018-06-14 19:03:32'),(484, 16, 240.00, 9.00, 280.00, 12.00, 'Traslado Bilinge a la Terminal de Autobuses Central del Norte', 'Traslado Bilinge a la Terminal de Autobuses Central del Norte', '2018-06-14 14:49:13', NULL, 168, 190, 1, 2, NULL, '2018-06-14 14:49:13', '2018-06-14 19:03:33'),(485, 16, 280.00, 9.00, 320.00, 12.00, 'Traslado Bilinge a la Terminal de Autobuses de Pasajeros Oriente (TAPO)', 'Traslado Bilinge a la Terminal de Autobuses de Pasajeros Oriente (TAPO)', '2018-06-14 14:50:33', NULL, 168, 190, 1, 2, NULL, '2018-06-14 14:50:33', '2018-06-14 19:03:33'),(486, 16, 310.00, 9.00, 350.00, 12.00, 'Traslado Bilinge a la Terminal de Autobuses Central del Sur (Taxquea)', 'Traslado Bilinge a la Terminal de Autobuses Central del Sur (Taxquea)', '2018-06-14 14:51:43', NULL, 168, 190, 1, 2, NULL, '2018-06-14 14:51:43', '2018-06-14 19:03:33'),(487, 16, 200.00, 9.00, 230.00, 12.00, 'Traslado Bilinge a la Terminal Central de Autobuses Poniente', 'Traslado Bilinge a la Terminal Central de Autobuses Poniente', '2018-06-14 14:52:32', NULL, 168, 190, 1, 2, NULL, '2018-06-14 14:52:32', '2018-06-14 19:03:34'),(488, 16, 400.00, 9.00, 500.00, 12.00, 'Traslado Bilinge al Aeropuerto Internacional CDMX T1 Origen Santa F', 'Traslado Bilinge al AICM T1 Origen Santa F', '2018-06-14 14:55:26', NULL, 168, 190, 1, 2, NULL, '2018-06-14 14:55:26', '2018-06-14 19:03:34'),(489, 16, 400.00, 9.00, 500.00, 12.00, 'Traslado Bilinge al AICM T2 Origen Santa F', 'Traslado Bilinge al AICM T2 Origen Santa F', '2018-06-14 14:56:08', NULL, 168, 190, 1, 2, NULL, '2018-06-14 14:56:08', '2018-06-14 19:03:34'),(490, 16, 500.00, 9.00, 600.00, 12.00, 'Recepcin Bilinge en el AICM T1 destino Santa F', 'Recepcin Bilinge en el AICM T1 destino Santa F', '2018-06-14 15:03:46', NULL, 168, 190, 1, 2, NULL, '2018-06-14 15:03:46', '2018-06-14 19:03:35'),(491, 16, 500.00, 9.00, 600.00, 12.00, 'Recepcin Bilinge en el AICM T2 destino Santa F', 'Recepcin Bilinge en el AICM T2 destino Santa F', '2018-06-14 15:04:22', NULL, 168, 190, 1, 2, NULL, '2018-06-14 15:04:22', '2018-06-14 19:03:35'),(492, 16, 650.00, 9.00, 800.00, 12.00, 'Traslado Bilinge al Aeropuerto Internacional de Toluca origen Polanco', 'Traslado Bilinge al Aeropuerto Internacional de Toluca', '2018-06-14 15:10:28', NULL, 168, 190, 1, 2, NULL, '2018-06-14 15:10:28', '2018-06-14 19:03:35'),(493, 16, 800.00, 9.00, 1000.00, 12.00, 'Recepcin Bilinge AICM T1 o T2 destino Aeropuerto Internacional Toluca', 'Recepcin Bilinge AICM T1 o T2 destino Aeropuerto Internacional Toluca', '2018-06-14 15:11:07', NULL, 168, 190, 1, 2, NULL, '2018-06-14 15:11:07', '2018-06-14 19:03:36'),(494, 16, 45.00, 8.00, 60.00, 10.00, 'Tarifa bsica para viajes en espaol para servicios no tabulados', 'Tarifa predeterminada', '2018-06-14 15:17:33', NULL, 168, 189, 0, 2, NULL, '2018-06-14 15:17:33', '2018-06-14 19:03:36'),(495, 16, 130.00, 9.00, 140.00, 12.00, 'Tarifa para viajes bilinges no tabulados', 'Tarifa viajes bilinges', '2018-06-14 15:20:18', NULL, 168, 190, 0, 2, NULL, '2018-06-14 15:20:18', '2018-06-14 19:03:36'),(496, 16, 45.00, 8.00, 65.00, 11.00, 'Traslados forneos para servicios no tabulados', 'Tarifa forneos', '2018-06-14 18:56:13', NULL, 168, 268, 0, 2, NULL, '2018-06-14 18:56:13', '2018-06-14 19:03:37'),(497, 17, 250.00, 8.00, 300.00, 10.00, 'Traslado al Aeropuerto Internacional CDMX T1', 'Traslado al AICM T1', '2018-06-14 13:39:33', NULL, 168, 191, 1, 2, NULL, '2018-06-14 13:39:33', '2018-06-14 19:03:27'),(498, 17, 250.00, 8.00, 300.00, 10.00, 'Traslado al Aeropuerto Internacional CDMX T2', 'Traslado al AICM T2', '2018-06-14 13:40:31', NULL, 168, 191, 1, 2, NULL, '2018-06-14 13:40:31', '2018-06-14 19:03:27'),(499, 17, 300.00, 8.00, 400.00, 10.00, 'Recepcin en el Aeropuerto Internacional CDMX T1', 'Recepcin en el AICM T1', '2018-06-14 13:46:20', NULL, 168, 191, 1, 2, NULL, '2018-06-14 13:46:20', '2018-06-14 19:03:27'),(500, 17, 300.00, 8.00, 400.00, 10.00, 'Recepcin en el Aeropuerto Internacional CDMX T2', 'Recepcin en el AICM T2', '2018-06-14 13:47:15', NULL, 168, 191, 1, 2, NULL, '2018-06-14 13:47:15', '2018-06-14 19:03:28'),(501, 17, 160.00, 8.00, 1.80, 10.00, 'Traslado a la Terminal de Autobuses Central del Norte', 'Traslado a la Terminal de Autobuses Central del Norte', '2018-06-14 14:12:58', NULL, 168, 191, 1, 2, NULL, '2018-06-14 14:12:58', '2018-06-14 19:03:28'),(502, 17, 200.00, 8.00, 220.00, 10.00, 'Traslado a la Terminal de Autobuses de Pasajeros Oriente (TAPO)', 'Traslado a la Terminal de Autobuses de Pasajeros Oriente (TAPO)', '2018-06-14 14:16:35', NULL, 168, 191, 1, 2, NULL, '2018-06-14 14:16:35', '2018-06-14 19:03:28'),(503, 17, 230.00, 8.00, 250.00, 10.00, 'Traslado a la Terminal de Autobuses Central del Sur (Taxquea)', 'Traslado a la Terminal de Autobuses Central del Sur (Taxquea)', '2018-06-14 14:19:12', NULL, 168, 191, 1, 2, NULL, '2018-06-14 14:19:12', '2018-06-14 19:03:29'),(504, 17, 100.00, 8.00, 130.00, 10.00, 'Traslado a la Terminal Central de Autobuses Poniente', 'Traslado a la Terminal Central de Autobuses Poniente', '2018-06-14 14:21:01', NULL, 168, 191, 1, 2, NULL, '2018-06-14 14:21:01', '2018-06-14 19:03:29'),(505, 17, 350.00, 8.00, 400.00, 10.00, 'Traslado al Aeropuerto Internacional CDMX T1 Origen Santa F', 'Traslado al AICM T1 Origen Santa F', '2018-06-14 14:23:27', NULL, 168, 191, 1, 2, NULL, '2018-06-14 14:23:27', '2018-06-14 19:03:29'),(506, 17, 350.00, 8.00, 400.00, 10.00, 'Traslado al Aeropuerto Internacional CDMX Origen Santa F', 'Traslado al AICM T2 Origen Santa F', '2018-06-14 14:24:55', NULL, 168, 191, 1, 2, NULL, '2018-06-14 14:24:55', '2018-06-14 19:03:30'),(507, 17, 400.00, 8.00, 500.00, 10.00, 'Recepcin en el Aeropuerto Internacional CDMX T1 destino a Santa F', 'Recepcin en el AICM T1 Destino a Santa F', '2018-06-14 14:26:33', NULL, 168, 191, 1, 2, NULL, '2018-06-14 14:26:33', '2018-06-14 19:03:30'),(508, 17, 400.00, 8.00, 500.00, 10.00, 'Recepcin en el Aeropuerto Internacional CDMX destino a Santa F', 'Recepcin en el AICM T2 Destino a Santa F', '2018-06-14 14:27:34', NULL, 168, 191, 1, 2, NULL, '2018-06-14 14:27:34', '2018-06-14 19:03:30'),(509, 17, 550.00, 8.00, 600.00, 10.00, 'Traslado al Aeropuerto Internacional de Toluca origen Polanco', 'Traslado al Aeropuerto Internacional de Toluca', '2018-06-14 14:29:37', NULL, 168, 191, 1, 2, NULL, '2018-06-14 14:29:37', '2018-06-14 19:03:31'),(510, 17, 700.00, 8.00, 800.00, 11.00, 'Recepcin AICM T1 o T2 destino Aeropuerto Internacional Toluca', 'Recepcin AICM T1 o T2 destino Aeropuerto Internacional Toluca', '2018-06-14 14:31:11', NULL, 168, 191, 1, 2, NULL, '2018-06-14 14:31:11', '2018-06-14 19:03:31'),(511, 17, 350.00, 9.00, 400.00, 12.00, 'Traslado Bilinge al Aeropuerto Internacional CDMX T1', 'Traslado Bilinge al AICM T1', '2018-06-14 14:39:34', NULL, 168, 190, 1, 2, NULL, '2018-06-14 14:39:34', '2018-06-14 19:03:31'),(512, 17, 350.00, 9.00, 400.00, 12.00, 'Traslado Bilinge al Aeropuerto Internacional CDMX T2', 'Traslado Bilinge al AICM T2', '2018-06-14 14:44:29', NULL, 168, 190, 1, 2, NULL, '2018-06-14 14:44:29', '2018-06-14 19:03:32'),(513, 17, 400.00, 9.00, 500.00, 12.00, 'Recepcin Bilinge en el Aeropuerto Internacional CDMX T1', 'Recepcin Bilinge en el AICM T1', '2018-06-14 14:46:55', NULL, 168, 190, 1, 2, NULL, '2018-06-14 14:46:55', '2018-06-14 19:03:32'),(514, 17, 400.00, 9.00, 500.00, 12.00, 'Recepcin Bilinge en el Aeropuerto Iinternacional CDMX T2', 'Recepcin Bilinge en el AICM T2', '2018-06-14 14:47:49', NULL, 168, 190, 1, 2, NULL, '2018-06-14 14:47:49', '2018-06-14 19:03:32'),(515, 17, 240.00, 9.00, 280.00, 12.00, 'Traslado Bilinge a la Terminal de Autobuses Central del Norte', 'Traslado Bilinge a la Terminal de Autobuses Central del Norte', '2018-06-14 14:49:13', NULL, 168, 190, 1, 2, NULL, '2018-06-14 14:49:13', '2018-06-14 19:03:33'),(516, 17, 280.00, 9.00, 320.00, 12.00, 'Traslado Bilinge a la Terminal de Autobuses de Pasajeros Oriente (TAPO)', 'Traslado Bilinge a la Terminal de Autobuses de Pasajeros Oriente (TAPO)', '2018-06-14 14:50:33', NULL, 168, 190, 1, 2, NULL, '2018-06-14 14:50:33', '2018-06-14 19:03:33'),(517, 17, 310.00, 9.00, 350.00, 12.00, 'Traslado Bilinge a la Terminal de Autobuses Central del Sur (Taxquea)', 'Traslado Bilinge a la Terminal de Autobuses Central del Sur (Taxquea)', '2018-06-14 14:51:43', NULL, 168, 190, 1, 2, NULL, '2018-06-14 14:51:43', '2018-06-14 19:03:33'),(518, 17, 200.00, 9.00, 230.00, 12.00, 'Traslado Bilinge a la Terminal Central de Autobuses Poniente', 'Traslado Bilinge a la Terminal Central de Autobuses Poniente', '2018-06-14 14:52:32', NULL, 168, 190, 1, 2, NULL, '2018-06-14 14:52:32', '2018-06-14 19:03:34'),(519, 17, 400.00, 9.00, 500.00, 12.00, 'Traslado Bilinge al Aeropuerto Internacional CDMX T1 Origen Santa F', 'Traslado Bilinge al AICM T1 Origen Santa F', '2018-06-14 14:55:26', NULL, 168, 190, 1, 2, NULL, '2018-06-14 14:55:26', '2018-06-14 19:03:34'),(520, 17, 400.00, 9.00, 500.00, 12.00, 'Traslado Bilinge al AICM T2 Origen Santa F', 'Traslado Bilinge al AICM T2 Origen Santa F', '2018-06-14 14:56:08', NULL, 168, 190, 1, 2, NULL, '2018-06-14 14:56:08', '2018-06-14 19:03:34'),(521, 17, 500.00, 9.00, 600.00, 12.00, 'Recepcin Bilinge en el AICM T1 destino Santa F', 'Recepcin Bilinge en el AICM T1 destino Santa F', '2018-06-14 15:03:46', NULL, 168, 190, 1, 2, NULL, '2018-06-14 15:03:46', '2018-06-14 19:03:35'),(522, 17, 500.00, 9.00, 600.00, 12.00, 'Recepcin Bilinge en el AICM T2 destino Santa F', 'Recepcin Bilinge en el AICM T2 destino Santa F', '2018-06-14 15:04:22', NULL, 168, 190, 1, 2, NULL, '2018-06-14 15:04:22', '2018-06-14 19:03:35'),(523, 17, 650.00, 9.00, 800.00, 12.00, 'Traslado Bilinge al Aeropuerto Internacional de Toluca origen Polanco', 'Traslado Bilinge al Aeropuerto Internacional de Toluca', '2018-06-14 15:10:28', NULL, 168, 190, 1, 2, NULL, '2018-06-14 15:10:28', '2018-06-14 19:03:35'),(524, 17, 800.00, 9.00, 1000.00, 12.00, 'Recepcin Bilinge AICM T1 o T2 destino Aeropuerto Internacional Toluca', 'Recepcin Bilinge AICM T1 o T2 destino Aeropuerto Internacional Toluca', '2018-06-14 15:11:07', NULL, 168, 190, 1, 2, NULL, '2018-06-14 15:11:07', '2018-06-14 19:03:36'),(525, 17, 45.00, 8.00, 60.00, 10.00, 'Tarifa bsica para viajes en espaol para servicios no tabulados', 'Tarifa predeterminada', '2018-06-14 15:17:33', NULL, 168, 189, 0, 2, NULL, '2018-06-14 15:17:33', '2018-06-14 19:03:36'),(526, 17, 130.00, 9.00, 140.00, 12.00, 'Tarifa para viajes bilinges no tabulados', 'Tarifa viajes bilinges', '2018-06-14 15:20:18', NULL, 168, 190, 0, 2, NULL, '2018-06-14 15:20:18', '2018-06-14 19:03:36'),(527, 17, 45.00, 8.00, 65.00, 11.00, 'Traslados forneos para servicios no tabulados', 'Tarifa forneos', '2018-06-14 18:56:13', NULL, 168, 268, 0, 2, NULL, '2018-06-14 18:56:13', '2018-06-14 19:03:37'),(528, 18, 250.00, 8.00, 300.00, 10.00, 'Traslado al Aeropuerto Internacional CDMX T1', 'Traslado al AICM T1', '2018-06-14 13:39:33', NULL, 168, 191, 1, 2, NULL, '2018-06-14 13:39:33', '2018-06-14 19:03:27'),(529, 18, 250.00, 8.00, 300.00, 10.00, 'Traslado al Aeropuerto Internacional CDMX T2', 'Traslado al AICM T2', '2018-06-14 13:40:31', NULL, 168, 191, 1, 2, NULL, '2018-06-14 13:40:31', '2018-06-14 19:03:27'),(530, 18, 300.00, 8.00, 400.00, 10.00, 'Recepcin en el Aeropuerto Internacional CDMX T1', 'Recepcin en el AICM T1', '2018-06-14 13:46:20', NULL, 168, 191, 1, 2, NULL, '2018-06-14 13:46:20', '2018-06-14 19:03:27'),(531, 18, 300.00, 8.00, 400.00, 10.00, 'Recepcin en el Aeropuerto Internacional CDMX T2', 'Recepcin en el AICM T2', '2018-06-14 13:47:15', NULL, 168, 191, 1, 2, NULL, '2018-06-14 13:47:15', '2018-06-14 19:03:28'),(532, 18, 160.00, 8.00, 1.80, 10.00, 'Traslado a la Terminal de Autobuses Central del Norte', 'Traslado a la Terminal de Autobuses Central del Norte', '2018-06-14 14:12:58', NULL, 168, 191, 1, 2, NULL, '2018-06-14 14:12:58', '2018-06-14 19:03:28'),(533, 18, 200.00, 8.00, 220.00, 10.00, 'Traslado a la Terminal de Autobuses de Pasajeros Oriente (TAPO)', 'Traslado a la Terminal de Autobuses de Pasajeros Oriente (TAPO)', '2018-06-14 14:16:35', NULL, 168, 191, 1, 2, NULL, '2018-06-14 14:16:35', '2018-06-14 19:03:28'),(534, 18, 230.00, 8.00, 250.00, 10.00, 'Traslado a la Terminal de Autobuses Central del Sur (Taxquea)', 'Traslado a la Terminal de Autobuses Central del Sur (Taxquea)', '2018-06-14 14:19:12', NULL, 168, 191, 1, 2, NULL, '2018-06-14 14:19:12', '2018-06-14 19:03:29'),(535, 18, 100.00, 8.00, 130.00, 10.00, 'Traslado a la Terminal Central de Autobuses Poniente', 'Traslado a la Terminal Central de Autobuses Poniente', '2018-06-14 14:21:01', NULL, 168, 191, 1, 2, NULL, '2018-06-14 14:21:01', '2018-06-14 19:03:29'),(536, 18, 350.00, 8.00, 400.00, 10.00, 'Traslado al Aeropuerto Internacional CDMX T1 Origen Santa F', 'Traslado al AICM T1 Origen Santa F', '2018-06-14 14:23:27', NULL, 168, 191, 1, 2, NULL, '2018-06-14 14:23:27', '2018-06-14 19:03:29'),(537, 18, 350.00, 8.00, 400.00, 10.00, 'Traslado al Aeropuerto Internacional CDMX Origen Santa F', 'Traslado al AICM T2 Origen Santa F', '2018-06-14 14:24:55', NULL, 168, 191, 1, 2, NULL, '2018-06-14 14:24:55', '2018-06-14 19:03:30'),(538, 18, 400.00, 8.00, 500.00, 10.00, 'Recepcin en el Aeropuerto Internacional CDMX T1 destino a Santa F', 'Recepcin en el AICM T1 Destino a Santa F', '2018-06-14 14:26:33', NULL, 168, 191, 1, 2, NULL, '2018-06-14 14:26:33', '2018-06-14 19:03:30'),(539, 18, 400.00, 8.00, 500.00, 10.00, 'Recepcin en el Aeropuerto Internacional CDMX destino a Santa F', 'Recepcin en el AICM T2 Destino a Santa F', '2018-06-14 14:27:34', NULL, 168, 191, 1, 2, NULL, '2018-06-14 14:27:34', '2018-06-14 19:03:30'),(540, 18, 550.00, 8.00, 600.00, 10.00, 'Traslado al Aeropuerto Internacional de Toluca origen Polanco', 'Traslado al Aeropuerto Internacional de Toluca', '2018-06-14 14:29:37', NULL, 168, 191, 1, 2, NULL, '2018-06-14 14:29:37', '2018-06-14 19:03:31'),(541, 18, 700.00, 8.00, 800.00, 11.00, 'Recepcin AICM T1 o T2 destino Aeropuerto Internacional Toluca', 'Recepcin AICM T1 o T2 destino Aeropuerto Internacional Toluca', '2018-06-14 14:31:11', NULL, 168, 191, 1, 2, NULL, '2018-06-14 14:31:11', '2018-06-14 19:03:31'),(542, 18, 350.00, 9.00, 400.00, 12.00, 'Traslado Bilinge al Aeropuerto Internacional CDMX T1', 'Traslado Bilinge al AICM T1', '2018-06-14 14:39:34', NULL, 168, 190, 1, 2, NULL, '2018-06-14 14:39:34', '2018-06-14 19:03:31'),(543, 18, 350.00, 9.00, 400.00, 12.00, 'Traslado Bilinge al Aeropuerto Internacional CDMX T2', 'Traslado Bilinge al AICM T2', '2018-06-14 14:44:29', NULL, 168, 190, 1, 2, NULL, '2018-06-14 14:44:29', '2018-06-14 19:03:32'),(544, 18, 400.00, 9.00, 500.00, 12.00, 'Recepcin Bilinge en el Aeropuerto Internacional CDMX T1', 'Recepcin Bilinge en el AICM T1', '2018-06-14 14:46:55', NULL, 168, 190, 1, 2, NULL, '2018-06-14 14:46:55', '2018-06-14 19:03:32'),(545, 18, 400.00, 9.00, 500.00, 12.00, 'Recepcin Bilinge en el Aeropuerto Iinternacional CDMX T2', 'Recepcin Bilinge en el AICM T2', '2018-06-14 14:47:49', NULL, 168, 190, 1, 2, NULL, '2018-06-14 14:47:49', '2018-06-14 19:03:32'),(546, 18, 240.00, 9.00, 280.00, 12.00, 'Traslado Bilinge a la Terminal de Autobuses Central del Norte', 'Traslado Bilinge a la Terminal de Autobuses Central del Norte', '2018-06-14 14:49:13', NULL, 168, 190, 1, 2, NULL, '2018-06-14 14:49:13', '2018-06-14 19:03:33'),(547, 18, 280.00, 9.00, 320.00, 12.00, 'Traslado Bilinge a la Terminal de Autobuses de Pasajeros Oriente (TAPO)', 'Traslado Bilinge a la Terminal de Autobuses de Pasajeros Oriente (TAPO)', '2018-06-14 14:50:33', NULL, 168, 190, 1, 2, NULL, '2018-06-14 14:50:33', '2018-06-14 19:03:33'),(548, 18, 310.00, 9.00, 350.00, 12.00, 'Traslado Bilinge a la Terminal de Autobuses Central del Sur (Taxquea)', 'Traslado Bilinge a la Terminal de Autobuses Central del Sur (Taxquea)', '2018-06-14 14:51:43', NULL, 168, 190, 1, 2, NULL, '2018-06-14 14:51:43', '2018-06-14 19:03:33'),(549, 18, 200.00, 9.00, 230.00, 12.00, 'Traslado Bilinge a la Terminal Central de Autobuses Poniente', 'Traslado Bilinge a la Terminal Central de Autobuses Poniente', '2018-06-14 14:52:32', NULL, 168, 190, 1, 2, NULL, '2018-06-14 14:52:32', '2018-06-14 19:03:34'),(550, 18, 400.00, 9.00, 500.00, 12.00, 'Traslado Bilinge al Aeropuerto Internacional CDMX T1 Origen Santa F', 'Traslado Bilinge al AICM T1 Origen Santa F', '2018-06-14 14:55:26', NULL, 168, 190, 1, 2, NULL, '2018-06-14 14:55:26', '2018-06-14 19:03:34'),(551, 18, 400.00, 9.00, 500.00, 12.00, 'Traslado Bilinge al AICM T2 Origen Santa F', 'Traslado Bilinge al AICM T2 Origen Santa F', '2018-06-14 14:56:08', NULL, 168, 190, 1, 2, NULL, '2018-06-14 14:56:08', '2018-06-14 19:03:34'),(552, 18, 500.00, 9.00, 600.00, 12.00, 'Recepcin Bilinge en el AICM T1 destino Santa F', 'Recepcin Bilinge en el AICM T1 destino Santa F', '2018-06-14 15:03:46', NULL, 168, 190, 1, 2, NULL, '2018-06-14 15:03:46', '2018-06-14 19:03:35'),(553, 18, 500.00, 9.00, 600.00, 12.00, 'Recepcin Bilinge en el AICM T2 destino Santa F', 'Recepcin Bilinge en el AICM T2 destino Santa F', '2018-06-14 15:04:22', NULL, 168, 190, 1, 2, NULL, '2018-06-14 15:04:22', '2018-06-14 19:03:35'),(554, 18, 650.00, 9.00, 800.00, 12.00, 'Traslado Bilinge al Aeropuerto Internacional de Toluca origen Polanco', 'Traslado Bilinge al Aeropuerto Internacional de Toluca', '2018-06-14 15:10:28', NULL, 168, 190, 1, 2, NULL, '2018-06-14 15:10:28', '2018-06-14 19:03:35'),(555, 18, 800.00, 9.00, 1000.00, 12.00, 'Recepcin Bilinge AICM T1 o T2 destino Aeropuerto Internacional Toluca', 'Recepcin Bilinge AICM T1 o T2 destino Aeropuerto Internacional Toluca', '2018-06-14 15:11:07', NULL, 168, 190, 1, 2, NULL, '2018-06-14 15:11:07', '2018-06-14 19:03:36'),(556, 18, 45.00, 8.00, 60.00, 10.00, 'Tarifa bsica para viajes en espaol para servicios no tabulados', 'Tarifa predeterminada', '2018-06-14 15:17:33', NULL, 168, 189, 0, 2, NULL, '2018-06-14 15:17:33', '2018-06-14 19:03:36'),(557, 18, 130.00, 9.00, 140.00, 12.00, 'Tarifa para viajes bilinges no tabulados', 'Tarifa viajes bilinges', '2018-06-14 15:20:18', NULL, 168, 190, 0, 2, NULL, '2018-06-14 15:20:18', '2018-06-14 19:03:36'),(558, 18, 45.00, 8.00, 65.00, 11.00, 'Traslados forneos para servicios no tabulados', 'Tarifa forneos', '2018-06-14 18:56:13', NULL, 168, 268, 0, 2, NULL, '2018-06-14 18:56:13', '2018-06-14 19:03:37'),(559, 19, 250.00, 8.00, 300.00, 10.00, 'Traslado al Aeropuerto Internacional CDMX T1', 'Traslado al AICM T1', '2018-06-14 13:39:33', NULL, 168, 191, 1, 2, NULL, '2018-06-14 13:39:33', '2018-06-14 19:03:27'),(560, 19, 250.00, 8.00, 300.00, 10.00, 'Traslado al Aeropuerto Internacional CDMX T2', 'Traslado al AICM T2', '2018-06-14 13:40:31', NULL, 168, 191, 1, 2, NULL, '2018-06-14 13:40:31', '2018-06-14 19:03:27'),(561, 19, 300.00, 8.00, 400.00, 10.00, 'Recepcin en el Aeropuerto Internacional CDMX T1', 'Recepcin en el AICM T1', '2018-06-14 13:46:20', NULL, 168, 191, 1, 2, NULL, '2018-06-14 13:46:20', '2018-06-14 19:03:27'),(562, 19, 300.00, 8.00, 400.00, 10.00, 'Recepcin en el Aeropuerto Internacional CDMX T2', 'Recepcin en el AICM T2', '2018-06-14 13:47:15', NULL, 168, 191, 1, 2, NULL, '2018-06-14 13:47:15', '2018-06-14 19:03:28'),(563, 19, 160.00, 8.00, 1.80, 10.00, 'Traslado a la Terminal de Autobuses Central del Norte', 'Traslado a la Terminal de Autobuses Central del Norte', '2018-06-14 14:12:58', NULL, 168, 191, 1, 2, NULL, '2018-06-14 14:12:58', '2018-06-14 19:03:28'),(564, 19, 200.00, 8.00, 220.00, 10.00, 'Traslado a la Terminal de Autobuses de Pasajeros Oriente (TAPO)', 'Traslado a la Terminal de Autobuses de Pasajeros Oriente (TAPO)', '2018-06-14 14:16:35', NULL, 168, 191, 1, 2, NULL, '2018-06-14 14:16:35', '2018-06-14 19:03:28'),(565, 19, 230.00, 8.00, 250.00, 10.00, 'Traslado a la Terminal de Autobuses Central del Sur (Taxquea)', 'Traslado a la Terminal de Autobuses Central del Sur (Taxquea)', '2018-06-14 14:19:12', NULL, 168, 191, 1, 2, NULL, '2018-06-14 14:19:12', '2018-06-14 19:03:29'),(566, 19, 100.00, 8.00, 130.00, 10.00, 'Traslado a la Terminal Central de Autobuses Poniente', 'Traslado a la Terminal Central de Autobuses Poniente', '2018-06-14 14:21:01', NULL, 168, 191, 1, 2, NULL, '2018-06-14 14:21:01', '2018-06-14 19:03:29'),(567, 19, 350.00, 8.00, 400.00, 10.00, 'Traslado al Aeropuerto Internacional CDMX T1 Origen Santa F', 'Traslado al AICM T1 Origen Santa F', '2018-06-14 14:23:27', NULL, 168, 191, 1, 2, NULL, '2018-06-14 14:23:27', '2018-06-14 19:03:29'),(568, 19, 350.00, 8.00, 400.00, 10.00, 'Traslado al Aeropuerto Internacional CDMX Origen Santa F', 'Traslado al AICM T2 Origen Santa F', '2018-06-14 14:24:55', NULL, 168, 191, 1, 2, NULL, '2018-06-14 14:24:55', '2018-06-14 19:03:30'),(569, 19, 400.00, 8.00, 500.00, 10.00, 'Recepcin en el Aeropuerto Internacional CDMX T1 destino a Santa F', 'Recepcin en el AICM T1 Destino a Santa F', '2018-06-14 14:26:33', NULL, 168, 191, 1, 2, NULL, '2018-06-14 14:26:33', '2018-06-14 19:03:30'),(570, 19, 400.00, 8.00, 500.00, 10.00, 'Recepcin en el Aeropuerto Internacional CDMX destino a Santa F', 'Recepcin en el AICM T2 Destino a Santa F', '2018-06-14 14:27:34', NULL, 168, 191, 1, 2, NULL, '2018-06-14 14:27:34', '2018-06-14 19:03:30'),(571, 19, 550.00, 8.00, 600.00, 10.00, 'Traslado al Aeropuerto Internacional de Toluca origen Polanco', 'Traslado al Aeropuerto Internacional de Toluca', '2018-06-14 14:29:37', NULL, 168, 191, 1, 2, NULL, '2018-06-14 14:29:37', '2018-06-14 19:03:31'),(572, 19, 700.00, 8.00, 800.00, 11.00, 'Recepcin AICM T1 o T2 destino Aeropuerto Internacional Toluca', 'Recepcin AICM T1 o T2 destino Aeropuerto Internacional Toluca', '2018-06-14 14:31:11', NULL, 168, 191, 1, 2, NULL, '2018-06-14 14:31:11', '2018-06-14 19:03:31'),(573, 19, 350.00, 9.00, 400.00, 12.00, 'Traslado Bilinge al Aeropuerto Internacional CDMX T1', 'Traslado Bilinge al AICM T1', '2018-06-14 14:39:34', NULL, 168, 190, 1, 2, NULL, '2018-06-14 14:39:34', '2018-06-14 19:03:31'),(574, 19, 350.00, 9.00, 400.00, 12.00, 'Traslado Bilinge al Aeropuerto Internacional CDMX T2', 'Traslado Bilinge al AICM T2', '2018-06-14 14:44:29', NULL, 168, 190, 1, 2, NULL, '2018-06-14 14:44:29', '2018-06-14 19:03:32'),(575, 19, 400.00, 9.00, 500.00, 12.00, 'Recepcin Bilinge en el Aeropuerto Internacional CDMX T1', 'Recepcin Bilinge en el AICM T1', '2018-06-14 14:46:55', NULL, 168, 190, 1, 2, NULL, '2018-06-14 14:46:55', '2018-06-14 19:03:32'),(576, 19, 400.00, 9.00, 500.00, 12.00, 'Recepcin Bilinge en el Aeropuerto Iinternacional CDMX T2', 'Recepcin Bilinge en el AICM T2', '2018-06-14 14:47:49', NULL, 168, 190, 1, 2, NULL, '2018-06-14 14:47:49', '2018-06-14 19:03:32'),(577, 19, 240.00, 9.00, 280.00, 12.00, 'Traslado Bilinge a la Terminal de Autobuses Central del Norte', 'Traslado Bilinge a la Terminal de Autobuses Central del Norte', '2018-06-14 14:49:13', NULL, 168, 190, 1, 2, NULL, '2018-06-14 14:49:13', '2018-06-14 19:03:33'),(578, 19, 280.00, 9.00, 320.00, 12.00, 'Traslado Bilinge a la Terminal de Autobuses de Pasajeros Oriente (TAPO)', 'Traslado Bilinge a la Terminal de Autobuses de Pasajeros Oriente (TAPO)', '2018-06-14 14:50:33', NULL, 168, 190, 1, 2, NULL, '2018-06-14 14:50:33', '2018-06-14 19:03:33'),(579, 19, 310.00, 9.00, 350.00, 12.00, 'Traslado Bilinge a la Terminal de Autobuses Central del Sur (Taxquea)', 'Traslado Bilinge a la Terminal de Autobuses Central del Sur (Taxquea)', '2018-06-14 14:51:43', NULL, 168, 190, 1, 2, NULL, '2018-06-14 14:51:43', '2018-06-14 19:03:33'),(580, 19, 200.00, 9.00, 230.00, 12.00, 'Traslado Bilinge a la Terminal Central de Autobuses Poniente', 'Traslado Bilinge a la Terminal Central de Autobuses Poniente', '2018-06-14 14:52:32', NULL, 168, 190, 1, 2, NULL, '2018-06-14 14:52:32', '2018-06-14 19:03:34'),(581, 19, 400.00, 9.00, 500.00, 12.00, 'Traslado Bilinge al Aeropuerto Internacional CDMX T1 Origen Santa F', 'Traslado Bilinge al AICM T1 Origen Santa F', '2018-06-14 14:55:26', NULL, 168, 190, 1, 2, NULL, '2018-06-14 14:55:26', '2018-06-14 19:03:34'),(582, 19, 400.00, 9.00, 500.00, 12.00, 'Traslado Bilinge al AICM T2 Origen Santa F', 'Traslado Bilinge al AICM T2 Origen Santa F', '2018-06-14 14:56:08', NULL, 168, 190, 1, 2, NULL, '2018-06-14 14:56:08', '2018-06-14 19:03:34'),(583, 19, 500.00, 9.00, 600.00, 12.00, 'Recepcin Bilinge en el AICM T1 destino Santa F', 'Recepcin Bilinge en el AICM T1 destino Santa F', '2018-06-14 15:03:46', NULL, 168, 190, 1, 2, NULL, '2018-06-14 15:03:46', '2018-06-14 19:03:35'),(584, 19, 500.00, 9.00, 600.00, 12.00, 'Recepcin Bilinge en el AICM T2 destino Santa F', 'Recepcin Bilinge en el AICM T2 destino Santa F', '2018-06-14 15:04:22', NULL, 168, 190, 1, 2, NULL, '2018-06-14 15:04:22', '2018-06-14 19:03:35'),(585, 19, 650.00, 9.00, 800.00, 12.00, 'Traslado Bilinge al Aeropuerto Internacional de Toluca origen Polanco', 'Traslado Bilinge al Aeropuerto Internacional de Toluca', '2018-06-14 15:10:28', NULL, 168, 190, 1, 2, NULL, '2018-06-14 15:10:28', '2018-06-14 19:03:35'),(586, 19, 800.00, 9.00, 1000.00, 12.00, 'Recepcin Bilinge AICM T1 o T2 destino Aeropuerto Internacional Toluca', 'Recepcin Bilinge AICM T1 o T2 destino Aeropuerto Internacional Toluca', '2018-06-14 15:11:07', NULL, 168, 190, 1, 2, NULL, '2018-06-14 15:11:07', '2018-06-14 19:03:36'),(587, 19, 45.00, 8.00, 60.00, 10.00, 'Tarifa bsica para viajes en espaol para servicios no tabulados', 'Tarifa predeterminada', '2018-06-14 15:17:33', NULL, 168, 189, 0, 2, NULL, '2018-06-14 15:17:33', '2018-06-14 19:03:36'),(588, 19, 130.00, 9.00, 140.00, 12.00, 'Tarifa para viajes bilinges no tabulados', 'Tarifa viajes bilinges', '2018-06-14 15:20:18', NULL, 168, 190, 0, 2, NULL, '2018-06-14 15:20:18', '2018-06-14 19:03:36'),(589, 19, 45.00, 8.00, 65.00, 11.00, 'Traslados forneos para servicios no tabulados', 'Tarifa forneos', '2018-06-14 18:56:13', NULL, 168, 268, 0, 2, NULL, '2018-06-14 18:56:13', '2018-06-14 19:03:37'),(590, 20, 250.00, 8.00, 300.00, 10.00, 'Traslado al Aeropuerto Internacional CDMX T1', 'Traslado al AICM T1', '2018-06-14 13:39:33', NULL, 168, 191, 1, 2, NULL, '2018-06-14 13:39:33', '2018-06-14 19:03:27'),(591, 20, 250.00, 8.00, 300.00, 10.00, 'Traslado al Aeropuerto Internacional CDMX T2', 'Traslado al AICM T2', '2018-06-14 13:40:31', NULL, 168, 191, 1, 2, NULL, '2018-06-14 13:40:31', '2018-06-14 19:03:27'),(592, 20, 300.00, 8.00, 400.00, 10.00, 'Recepcin en el Aeropuerto Internacional CDMX T1', 'Recepcin en el AICM T1', '2018-06-14 13:46:20', NULL, 168, 191, 1, 2, NULL, '2018-06-14 13:46:20', '2018-06-14 19:03:27'),(593, 20, 300.00, 8.00, 400.00, 10.00, 'Recepcin en el Aeropuerto Internacional CDMX T2', 'Recepcin en el AICM T2', '2018-06-14 13:47:15', NULL, 168, 191, 1, 2, NULL, '2018-06-14 13:47:15', '2018-06-14 19:03:28'),(594, 20, 160.00, 8.00, 1.80, 10.00, 'Traslado a la Terminal de Autobuses Central del Norte', 'Traslado a la Terminal de Autobuses Central del Norte', '2018-06-14 14:12:58', NULL, 168, 191, 1, 2, NULL, '2018-06-14 14:12:58', '2018-06-14 19:03:28'),(595, 20, 200.00, 8.00, 220.00, 10.00, 'Traslado a la Terminal de Autobuses de Pasajeros Oriente (TAPO)', 'Traslado a la Terminal de Autobuses de Pasajeros Oriente (TAPO)', '2018-06-14 14:16:35', NULL, 168, 191, 1, 2, NULL, '2018-06-14 14:16:35', '2018-06-14 19:03:28'),(596, 20, 230.00, 8.00, 250.00, 10.00, 'Traslado a la Terminal de Autobuses Central del Sur (Taxquea)', 'Traslado a la Terminal de Autobuses Central del Sur (Taxquea)', '2018-06-14 14:19:12', NULL, 168, 191, 1, 2, NULL, '2018-06-14 14:19:12', '2018-06-14 19:03:29'),(597, 20, 100.00, 8.00, 130.00, 10.00, 'Traslado a la Terminal Central de Autobuses Poniente', 'Traslado a la Terminal Central de Autobuses Poniente', '2018-06-14 14:21:01', NULL, 168, 191, 1, 2, NULL, '2018-06-14 14:21:01', '2018-06-14 19:03:29'),(598, 20, 350.00, 8.00, 400.00, 10.00, 'Traslado al Aeropuerto Internacional CDMX T1 Origen Santa F', 'Traslado al AICM T1 Origen Santa F', '2018-06-14 14:23:27', NULL, 168, 191, 1, 2, NULL, '2018-06-14 14:23:27', '2018-06-14 19:03:29'),(599, 20, 350.00, 8.00, 400.00, 10.00, 'Traslado al Aeropuerto Internacional CDMX Origen Santa F', 'Traslado al AICM T2 Origen Santa F', '2018-06-14 14:24:55', NULL, 168, 191, 1, 2, NULL, '2018-06-14 14:24:55', '2018-06-14 19:03:30'),(600, 20, 400.00, 8.00, 500.00, 10.00, 'Recepcin en el Aeropuerto Internacional CDMX T1 destino a Santa F', 'Recepcin en el AICM T1 Destino a Santa F', '2018-06-14 14:26:33', NULL, 168, 191, 1, 2, NULL, '2018-06-14 14:26:33', '2018-06-14 19:03:30'),(601, 20, 400.00, 8.00, 500.00, 10.00, 'Recepcin en el Aeropuerto Internacional CDMX destino a Santa F', 'Recepcin en el AICM T2 Destino a Santa F', '2018-06-14 14:27:34', NULL, 168, 191, 1, 2, NULL, '2018-06-14 14:27:34', '2018-06-14 19:03:30'),(602, 20, 550.00, 8.00, 600.00, 10.00, 'Traslado al Aeropuerto Internacional de Toluca origen Polanco', 'Traslado al Aeropuerto Internacional de Toluca', '2018-06-14 14:29:37', NULL, 168, 191, 1, 2, NULL, '2018-06-14 14:29:37', '2018-06-14 19:03:31'),(603, 20, 700.00, 8.00, 800.00, 11.00, 'Recepcin AICM T1 o T2 destino Aeropuerto Internacional Toluca', 'Recepcin AICM T1 o T2 destino Aeropuerto Internacional Toluca', '2018-06-14 14:31:11', NULL, 168, 191, 1, 2, NULL, '2018-06-14 14:31:11', '2018-06-14 19:03:31'),(604, 20, 350.00, 9.00, 400.00, 12.00, 'Traslado Bilinge al Aeropuerto Internacional CDMX T1', 'Traslado Bilinge al AICM T1', '2018-06-14 14:39:34', NULL, 168, 190, 1, 2, NULL, '2018-06-14 14:39:34', '2018-06-14 19:03:31'),(605, 20, 350.00, 9.00, 400.00, 12.00, 'Traslado Bilinge al Aeropuerto Internacional CDMX T2', 'Traslado Bilinge al AICM T2', '2018-06-14 14:44:29', NULL, 168, 190, 1, 2, NULL, '2018-06-14 14:44:29', '2018-06-14 19:03:32'),(606, 20, 400.00, 9.00, 500.00, 12.00, 'Recepcin Bilinge en el Aeropuerto Internacional CDMX T1', 'Recepcin Bilinge en el AICM T1', '2018-06-14 14:46:55', NULL, 168, 190, 1, 2, NULL, '2018-06-14 14:46:55', '2018-06-14 19:03:32'),(607, 20, 400.00, 9.00, 500.00, 12.00, 'Recepcin Bilinge en el Aeropuerto Iinternacional CDMX T2', 'Recepcin Bilinge en el AICM T2', '2018-06-14 14:47:49', NULL, 168, 190, 1, 2, NULL, '2018-06-14 14:47:49', '2018-06-14 19:03:32'),(608, 20, 240.00, 9.00, 280.00, 12.00, 'Traslado Bilinge a la Terminal de Autobuses Central del Norte', 'Traslado Bilinge a la Terminal de Autobuses Central del Norte', '2018-06-14 14:49:13', NULL, 168, 190, 1, 2, NULL, '2018-06-14 14:49:13', '2018-06-14 19:03:33'),(609, 20, 280.00, 9.00, 320.00, 12.00, 'Traslado Bilinge a la Terminal de Autobuses de Pasajeros Oriente (TAPO)', 'Traslado Bilinge a la Terminal de Autobuses de Pasajeros Oriente (TAPO)', '2018-06-14 14:50:33', NULL, 168, 190, 1, 2, NULL, '2018-06-14 14:50:33', '2018-06-14 19:03:33'),(610, 20, 310.00, 9.00, 350.00, 12.00, 'Traslado Bilinge a la Terminal de Autobuses Central del Sur (Taxquea)', 'Traslado Bilinge a la Terminal de Autobuses Central del Sur (Taxquea)', '2018-06-14 14:51:43', NULL, 168, 190, 1, 2, NULL, '2018-06-14 14:51:43', '2018-06-14 19:03:33'),(611, 20, 200.00, 9.00, 230.00, 12.00, 'Traslado Bilinge a la Terminal Central de Autobuses Poniente', 'Traslado Bilinge a la Terminal Central de Autobuses Poniente', '2018-06-14 14:52:32', NULL, 168, 190, 1, 2, NULL, '2018-06-14 14:52:32', '2018-06-14 19:03:34'),(612, 20, 400.00, 9.00, 500.00, 12.00, 'Traslado Bilinge al Aeropuerto Internacional CDMX T1 Origen Santa F', 'Traslado Bilinge al AICM T1 Origen Santa F', '2018-06-14 14:55:26', NULL, 168, 190, 1, 2, NULL, '2018-06-14 14:55:26', '2018-06-14 19:03:34'),(613, 20, 400.00, 9.00, 500.00, 12.00, 'Traslado Bilinge al AICM T2 Origen Santa F', 'Traslado Bilinge al AICM T2 Origen Santa F', '2018-06-14 14:56:08', NULL, 168, 190, 1, 2, NULL, '2018-06-14 14:56:08', '2018-06-14 19:03:34'),(614, 20, 500.00, 9.00, 600.00, 12.00, 'Recepcin Bilinge en el AICM T1 destino Santa F', 'Recepcin Bilinge en el AICM T1 destino Santa F', '2018-06-14 15:03:46', NULL, 168, 190, 1, 2, NULL, '2018-06-14 15:03:46', '2018-06-14 19:03:35'),(615, 20, 500.00, 9.00, 600.00, 12.00, 'Recepcin Bilinge en el AICM T2 destino Santa F', 'Recepcin Bilinge en el AICM T2 destino Santa F', '2018-06-14 15:04:22', NULL, 168, 190, 1, 2, NULL, '2018-06-14 15:04:22', '2018-06-14 19:03:35'),(616, 20, 650.00, 9.00, 800.00, 12.00, 'Traslado Bilinge al Aeropuerto Internacional de Toluca origen Polanco', 'Traslado Bilinge al Aeropuerto Internacional de Toluca', '2018-06-14 15:10:28', NULL, 168, 190, 1, 2, NULL, '2018-06-14 15:10:28', '2018-06-14 19:03:35'),(617, 20, 800.00, 9.00, 1000.00, 12.00, 'Recepcin Bilinge AICM T1 o T2 destino Aeropuerto Internacional Toluca', 'Recepcin Bilinge AICM T1 o T2 destino Aeropuerto Internacional Toluca', '2018-06-14 15:11:07', NULL, 168, 190, 1, 2, NULL, '2018-06-14 15:11:07', '2018-06-14 19:03:36'),(618, 20, 45.00, 8.00, 60.00, 10.00, 'Tarifa bsica para viajes en espaol para servicios no tabulados', 'Tarifa predeterminada', '2018-06-14 15:17:33', NULL, 168, 189, 0, 2, NULL, '2018-06-14 15:17:33', '2018-06-14 19:03:36'),(619, 20, 130.00, 9.00, 140.00, 12.00, 'Tarifa para viajes bilinges no tabulados', 'Tarifa viajes bilinges', '2018-06-14 15:20:18', NULL, 168, 190, 0, 2, NULL, '2018-06-14 15:20:18', '2018-06-14 19:03:36'),(620, 20, 45.00, 8.00, 65.00, 11.00, 'Traslados forneos para servicios no tabulados', 'Tarifa forneos', '2018-06-14 18:56:13', NULL, 168, 268, 0, 2, NULL, '2018-06-14 18:56:13', '2018-06-14 19:03:37'),(621, 21, 250.00, 8.00, 300.00, 10.00, 'Traslado al Aeropuerto Internacional CDMX T1', 'Traslado al AICM T1', '2018-06-14 13:39:33', NULL, 168, 191, 1, 2, NULL, '2018-06-14 13:39:33', '2018-06-14 19:03:27'),(622, 21, 250.00, 8.00, 300.00, 10.00, 'Traslado al Aeropuerto Internacional CDMX T2', 'Traslado al AICM T2', '2018-06-14 13:40:31', NULL, 168, 191, 1, 2, NULL, '2018-06-14 13:40:31', '2018-06-14 19:03:27'),(623, 21, 300.00, 8.00, 400.00, 10.00, 'Recepcin en el Aeropuerto Internacional CDMX T1', 'Recepcin en el AICM T1', '2018-06-14 13:46:20', NULL, 168, 191, 1, 2, NULL, '2018-06-14 13:46:20', '2018-06-14 19:03:27'),(624, 21, 300.00, 8.00, 400.00, 10.00, 'Recepcin en el Aeropuerto Internacional CDMX T2', 'Recepcin en el AICM T2', '2018-06-14 13:47:15', NULL, 168, 191, 1, 2, NULL, '2018-06-14 13:47:15', '2018-06-14 19:03:28'),(625, 21, 160.00, 8.00, 1.80, 10.00, 'Traslado a la Terminal de Autobuses Central del Norte', 'Traslado a la Terminal de Autobuses Central del Norte', '2018-06-14 14:12:58', NULL, 168, 191, 1, 2, NULL, '2018-06-14 14:12:58', '2018-06-14 19:03:28'),(626, 21, 200.00, 8.00, 220.00, 10.00, 'Traslado a la Terminal de Autobuses de Pasajeros Oriente (TAPO)', 'Traslado a la Terminal de Autobuses de Pasajeros Oriente (TAPO)', '2018-06-14 14:16:35', NULL, 168, 191, 1, 2, NULL, '2018-06-14 14:16:35', '2018-06-14 19:03:28'),(627, 21, 230.00, 8.00, 250.00, 10.00, 'Traslado a la Terminal de Autobuses Central del Sur (Taxquea)', 'Traslado a la Terminal de Autobuses Central del Sur (Taxquea)', '2018-06-14 14:19:12', NULL, 168, 191, 1, 2, NULL, '2018-06-14 14:19:12', '2018-06-14 19:03:29'),(628, 21, 100.00, 8.00, 130.00, 10.00, 'Traslado a la Terminal Central de Autobuses Poniente', 'Traslado a la Terminal Central de Autobuses Poniente', '2018-06-14 14:21:01', NULL, 168, 191, 1, 2, NULL, '2018-06-14 14:21:01', '2018-06-14 19:03:29'),(629, 21, 350.00, 8.00, 400.00, 10.00, 'Traslado al Aeropuerto Internacional CDMX T1 Origen Santa F', 'Traslado al AICM T1 Origen Santa F', '2018-06-14 14:23:27', NULL, 168, 191, 1, 2, NULL, '2018-06-14 14:23:27', '2018-06-14 19:03:29'),(630, 21, 350.00, 8.00, 400.00, 10.00, 'Traslado al Aeropuerto Internacional CDMX Origen Santa F', 'Traslado al AICM T2 Origen Santa F', '2018-06-14 14:24:55', NULL, 168, 191, 1, 2, NULL, '2018-06-14 14:24:55', '2018-06-14 19:03:30'),(631, 21, 400.00, 8.00, 500.00, 10.00, 'Recepcin en el Aeropuerto Internacional CDMX T1 destino a Santa F', 'Recepcin en el AICM T1 Destino a Santa F', '2018-06-14 14:26:33', NULL, 168, 191, 1, 2, NULL, '2018-06-14 14:26:33', '2018-06-14 19:03:30'),(632, 21, 400.00, 8.00, 500.00, 10.00, 'Recepcin en el Aeropuerto Internacional CDMX destino a Santa F', 'Recepcin en el AICM T2 Destino a Santa F', '2018-06-14 14:27:34', NULL, 168, 191, 1, 2, NULL, '2018-06-14 14:27:34', '2018-06-14 19:03:30'),(633, 21, 550.00, 8.00, 600.00, 10.00, 'Traslado al Aeropuerto Internacional de Toluca origen Polanco', 'Traslado al Aeropuerto Internacional de Toluca', '2018-06-14 14:29:37', NULL, 168, 191, 1, 2, NULL, '2018-06-14 14:29:37', '2018-06-14 19:03:31'),(634, 21, 700.00, 8.00, 800.00, 11.00, 'Recepcin AICM T1 o T2 destino Aeropuerto Internacional Toluca', 'Recepcin AICM T1 o T2 destino Aeropuerto Internacional Toluca', '2018-06-14 14:31:11', NULL, 168, 191, 1, 2, NULL, '2018-06-14 14:31:11', '2018-06-14 19:03:31'),(635, 21, 350.00, 9.00, 400.00, 12.00, 'Traslado Bilinge al Aeropuerto Internacional CDMX T1', 'Traslado Bilinge al AICM T1', '2018-06-14 14:39:34', NULL, 168, 190, 1, 2, NULL, '2018-06-14 14:39:34', '2018-06-14 19:03:31'),(636, 21, 350.00, 9.00, 400.00, 12.00, 'Traslado Bilinge al Aeropuerto Internacional CDMX T2', 'Traslado Bilinge al AICM T2', '2018-06-14 14:44:29', NULL, 168, 190, 1, 2, NULL, '2018-06-14 14:44:29', '2018-06-14 19:03:32'),(637, 21, 400.00, 9.00, 500.00, 12.00, 'Recepcin Bilinge en el Aeropuerto Internacional CDMX T1', 'Recepcin Bilinge en el AICM T1', '2018-06-14 14:46:55', NULL, 168, 190, 1, 2, NULL, '2018-06-14 14:46:55', '2018-06-14 19:03:32'),(638, 21, 400.00, 9.00, 500.00, 12.00, 'Recepcin Bilinge en el Aeropuerto Iinternacional CDMX T2', 'Recepcin Bilinge en el AICM T2', '2018-06-14 14:47:49', NULL, 168, 190, 1, 2, NULL, '2018-06-14 14:47:49', '2018-06-14 19:03:32'),(639, 21, 240.00, 9.00, 280.00, 12.00, 'Traslado Bilinge a la Terminal de Autobuses Central del Norte', 'Traslado Bilinge a la Terminal de Autobuses Central del Norte', '2018-06-14 14:49:13', NULL, 168, 190, 1, 2, NULL, '2018-06-14 14:49:13', '2018-06-14 19:03:33'),(640, 21, 280.00, 9.00, 320.00, 12.00, 'Traslado Bilinge a la Terminal de Autobuses de Pasajeros Oriente (TAPO)', 'Traslado Bilinge a la Terminal de Autobuses de Pasajeros Oriente (TAPO)', '2018-06-14 14:50:33', NULL, 168, 190, 1, 2, NULL, '2018-06-14 14:50:33', '2018-06-14 19:03:33'),(641, 21, 310.00, 9.00, 350.00, 12.00, 'Traslado Bilinge a la Terminal de Autobuses Central del Sur (Taxquea)', 'Traslado Bilinge a la Terminal de Autobuses Central del Sur (Taxquea)', '2018-06-14 14:51:43', NULL, 168, 190, 1, 2, NULL, '2018-06-14 14:51:43', '2018-06-14 19:03:33'),(642, 21, 200.00, 9.00, 230.00, 12.00, 'Traslado Bilinge a la Terminal Central de Autobuses Poniente', 'Traslado Bilinge a la Terminal Central de Autobuses Poniente', '2018-06-14 14:52:32', NULL, 168, 190, 1, 2, NULL, '2018-06-14 14:52:32', '2018-06-14 19:03:34'),(643, 21, 400.00, 9.00, 500.00, 12.00, 'Traslado Bilinge al Aeropuerto Internacional CDMX T1 Origen Santa F', 'Traslado Bilinge al AICM T1 Origen Santa F', '2018-06-14 14:55:26', NULL, 168, 190, 1, 2, NULL, '2018-06-14 14:55:26', '2018-06-14 19:03:34'),(644, 21, 400.00, 9.00, 500.00, 12.00, 'Traslado Bilinge al AICM T2 Origen Santa F', 'Traslado Bilinge al AICM T2 Origen Santa F', '2018-06-14 14:56:08', NULL, 168, 190, 1, 2, NULL, '2018-06-14 14:56:08', '2018-06-14 19:03:34'),(645, 21, 500.00, 9.00, 600.00, 12.00, 'Recepcin Bilinge en el AICM T1 destino Santa F', 'Recepcin Bilinge en el AICM T1 destino Santa F', '2018-06-14 15:03:46', NULL, 168, 190, 1, 2, NULL, '2018-06-14 15:03:46', '2018-06-14 19:03:35'),(646, 21, 500.00, 9.00, 600.00, 12.00, 'Recepcin Bilinge en el AICM T2 destino Santa F', 'Recepcin Bilinge en el AICM T2 destino Santa F', '2018-06-14 15:04:22', NULL, 168, 190, 1, 2, NULL, '2018-06-14 15:04:22', '2018-06-14 19:03:35'),(647, 21, 650.00, 9.00, 800.00, 12.00, 'Traslado Bilinge al Aeropuerto Internacional de Toluca origen Polanco', 'Traslado Bilinge al Aeropuerto Internacional de Toluca', '2018-06-14 15:10:28', NULL, 168, 190, 1, 2, NULL, '2018-06-14 15:10:28', '2018-06-14 19:03:35'),(648, 21, 800.00, 9.00, 1000.00, 12.00, 'Recepcin Bilinge AICM T1 o T2 destino Aeropuerto Internacional Toluca', 'Recepcin Bilinge AICM T1 o T2 destino Aeropuerto Internacional Toluca', '2018-06-14 15:11:07', NULL, 168, 190, 1, 2, NULL, '2018-06-14 15:11:07', '2018-06-14 19:03:36'),(649, 21, 45.00, 8.00, 60.00, 10.00, 'Tarifa bsica para viajes en espaol para servicios no tabulados', 'Tarifa predeterminada', '2018-06-14 15:17:33', NULL, 168, 189, 0, 2, NULL, '2018-06-14 15:17:33', '2018-06-14 19:03:36'),(650, 21, 130.00, 9.00, 140.00, 12.00, 'Tarifa para viajes bilinges no tabulados', 'Tarifa viajes bilinges', '2018-06-14 15:20:18', NULL, 168, 190, 0, 2, NULL, '2018-06-14 15:20:18', '2018-06-14 19:03:36'),(651, 21, 45.00, 8.00, 65.00, 11.00, 'Traslados forneos para servicios no tabulados', 'Tarifa forneos', '2018-06-14 18:56:13', NULL, 168, 268, 0, 2, NULL, '2018-06-14 18:56:13', '2018-06-14 19:03:37'),(652, 22, 250.00, 8.00, 300.00, 10.00, 'Traslado al Aeropuerto Internacional CDMX T1', 'Traslado al AICM T1', '2018-06-14 13:39:33', NULL, 168, 191, 1, 2, NULL, '2018-06-14 13:39:33', '2018-06-14 19:03:27'),(653, 22, 250.00, 8.00, 300.00, 10.00, 'Traslado al Aeropuerto Internacional CDMX T2', 'Traslado al AICM T2', '2018-06-14 13:40:31', NULL, 168, 191, 1, 2, NULL, '2018-06-14 13:40:31', '2018-06-14 19:03:27'),(654, 22, 300.00, 8.00, 400.00, 10.00, 'Recepcin en el Aeropuerto Internacional CDMX T1', 'Recepcin en el AICM T1', '2018-06-14 13:46:20', NULL, 168, 191, 1, 2, NULL, '2018-06-14 13:46:20', '2018-06-14 19:03:27'),(655, 22, 300.00, 8.00, 400.00, 10.00, 'Recepcin en el Aeropuerto Internacional CDMX T2', 'Recepcin en el AICM T2', '2018-06-14 13:47:15', NULL, 168, 191, 1, 2, NULL, '2018-06-14 13:47:15', '2018-06-14 19:03:28'),(656, 22, 160.00, 8.00, 1.80, 10.00, 'Traslado a la Terminal de Autobuses Central del Norte', 'Traslado a la Terminal de Autobuses Central del Norte', '2018-06-14 14:12:58', NULL, 168, 191, 1, 2, NULL, '2018-06-14 14:12:58', '2018-06-14 19:03:28'),(657, 22, 200.00, 8.00, 220.00, 10.00, 'Traslado a la Terminal de Autobuses de Pasajeros Oriente (TAPO)', 'Traslado a la Terminal de Autobuses de Pasajeros Oriente (TAPO)', '2018-06-14 14:16:35', NULL, 168, 191, 1, 2, NULL, '2018-06-14 14:16:35', '2018-06-14 19:03:28'),(658, 22, 230.00, 8.00, 250.00, 10.00, 'Traslado a la Terminal de Autobuses Central del Sur (Taxquea)', 'Traslado a la Terminal de Autobuses Central del Sur (Taxquea)', '2018-06-14 14:19:12', NULL, 168, 191, 1, 2, NULL, '2018-06-14 14:19:12', '2018-06-14 19:03:29'),(659, 22, 100.00, 8.00, 130.00, 10.00, 'Traslado a la Terminal Central de Autobuses Poniente', 'Traslado a la Terminal Central de Autobuses Poniente', '2018-06-14 14:21:01', NULL, 168, 191, 1, 2, NULL, '2018-06-14 14:21:01', '2018-06-14 19:03:29'),(660, 22, 350.00, 8.00, 400.00, 10.00, 'Traslado al Aeropuerto Internacional CDMX T1 Origen Santa F', 'Traslado al AICM T1 Origen Santa F', '2018-06-14 14:23:27', NULL, 168, 191, 1, 2, NULL, '2018-06-14 14:23:27', '2018-06-14 19:03:29'),(661, 22, 350.00, 8.00, 400.00, 10.00, 'Traslado al Aeropuerto Internacional CDMX Origen Santa F', 'Traslado al AICM T2 Origen Santa F', '2018-06-14 14:24:55', NULL, 168, 191, 1, 2, NULL, '2018-06-14 14:24:55', '2018-06-14 19:03:30'),(662, 22, 400.00, 8.00, 500.00, 10.00, 'Recepcin en el Aeropuerto Internacional CDMX T1 destino a Santa F', 'Recepcin en el AICM T1 Destino a Santa F', '2018-06-14 14:26:33', NULL, 168, 191, 1, 2, NULL, '2018-06-14 14:26:33', '2018-06-14 19:03:30'),(663, 22, 400.00, 8.00, 500.00, 10.00, 'Recepcin en el Aeropuerto Internacional CDMX destino a Santa F', 'Recepcin en el AICM T2 Destino a Santa F', '2018-06-14 14:27:34', NULL, 168, 191, 1, 2, NULL, '2018-06-14 14:27:34', '2018-06-14 19:03:30'),(664, 22, 550.00, 8.00, 600.00, 10.00, 'Traslado al Aeropuerto Internacional de Toluca origen Polanco', 'Traslado al Aeropuerto Internacional de Toluca', '2018-06-14 14:29:37', NULL, 168, 191, 1, 2, NULL, '2018-06-14 14:29:37', '2018-06-14 19:03:31'),(665, 22, 700.00, 8.00, 800.00, 11.00, 'Recepcin AICM T1 o T2 destino Aeropuerto Internacional Toluca', 'Recepcin AICM T1 o T2 destino Aeropuerto Internacional Toluca', '2018-06-14 14:31:11', NULL, 168, 191, 1, 2, NULL, '2018-06-14 14:31:11', '2018-06-14 19:03:31'),(666, 22, 350.00, 9.00, 400.00, 12.00, 'Traslado Bilinge al Aeropuerto Internacional CDMX T1', 'Traslado Bilinge al AICM T1', '2018-06-14 14:39:34', NULL, 168, 190, 1, 2, NULL, '2018-06-14 14:39:34', '2018-06-14 19:03:31'),(667, 22, 350.00, 9.00, 400.00, 12.00, 'Traslado Bilinge al Aeropuerto Internacional CDMX T2', 'Traslado Bilinge al AICM T2', '2018-06-14 14:44:29', NULL, 168, 190, 1, 2, NULL, '2018-06-14 14:44:29', '2018-06-14 19:03:32'),(668, 22, 400.00, 9.00, 500.00, 12.00, 'Recepcin Bilinge en el Aeropuerto Internacional CDMX T1', 'Recepcin Bilinge en el AICM T1', '2018-06-14 14:46:55', NULL, 168, 190, 1, 2, NULL, '2018-06-14 14:46:55', '2018-06-14 19:03:32'),(669, 22, 400.00, 9.00, 500.00, 12.00, 'Recepcin Bilinge en el Aeropuerto Iinternacional CDMX T2', 'Recepcin Bilinge en el AICM T2', '2018-06-14 14:47:49', NULL, 168, 190, 1, 2, NULL, '2018-06-14 14:47:49', '2018-06-14 19:03:32'),(670, 22, 240.00, 9.00, 280.00, 12.00, 'Traslado Bilinge a la Terminal de Autobuses Central del Norte', 'Traslado Bilinge a la Terminal de Autobuses Central del Norte', '2018-06-14 14:49:13', NULL, 168, 190, 1, 2, NULL, '2018-06-14 14:49:13', '2018-06-14 19:03:33'),(671, 22, 280.00, 9.00, 320.00, 12.00, 'Traslado Bilinge a la Terminal de Autobuses de Pasajeros Oriente (TAPO)', 'Traslado Bilinge a la Terminal de Autobuses de Pasajeros Oriente (TAPO)', '2018-06-14 14:50:33', NULL, 168, 190, 1, 2, NULL, '2018-06-14 14:50:33', '2018-06-14 19:03:33'),(672, 22, 310.00, 9.00, 350.00, 12.00, 'Traslado Bilinge a la Terminal de Autobuses Central del Sur (Taxquea)', 'Traslado Bilinge a la Terminal de Autobuses Central del Sur (Taxquea)', '2018-06-14 14:51:43', NULL, 168, 190, 1, 2, NULL, '2018-06-14 14:51:43', '2018-06-14 19:03:33'),(673, 22, 200.00, 9.00, 230.00, 12.00, 'Traslado Bilinge a la Terminal Central de Autobuses Poniente', 'Traslado Bilinge a la Terminal Central de Autobuses Poniente', '2018-06-14 14:52:32', NULL, 168, 190, 1, 2, NULL, '2018-06-14 14:52:32', '2018-06-14 19:03:34'),(674, 22, 400.00, 9.00, 500.00, 12.00, 'Traslado Bilinge al Aeropuerto Internacional CDMX T1 Origen Santa F', 'Traslado Bilinge al AICM T1 Origen Santa F', '2018-06-14 14:55:26', NULL, 168, 190, 1, 2, NULL, '2018-06-14 14:55:26', '2018-06-14 19:03:34'),(675, 22, 400.00, 9.00, 500.00, 12.00, 'Traslado Bilinge al AICM T2 Origen Santa F', 'Traslado Bilinge al AICM T2 Origen Santa F', '2018-06-14 14:56:08', NULL, 168, 190, 1, 2, NULL, '2018-06-14 14:56:08', '2018-06-14 19:03:34'),(676, 22, 500.00, 9.00, 600.00, 12.00, 'Recepcin Bilinge en el AICM T1 destino Santa F', 'Recepcin Bilinge en el AICM T1 destino Santa F', '2018-06-14 15:03:46', NULL, 168, 190, 1, 2, NULL, '2018-06-14 15:03:46', '2018-06-14 19:03:35'),(677, 22, 500.00, 9.00, 600.00, 12.00, 'Recepcin Bilinge en el AICM T2 destino Santa F', 'Recepcin Bilinge en el AICM T2 destino Santa F', '2018-06-14 15:04:22', NULL, 168, 190, 1, 2, NULL, '2018-06-14 15:04:22', '2018-06-14 19:03:35'),(678, 22, 650.00, 9.00, 800.00, 12.00, 'Traslado Bilinge al Aeropuerto Internacional de Toluca origen Polanco', 'Traslado Bilinge al Aeropuerto Internacional de Toluca', '2018-06-14 15:10:28', NULL, 168, 190, 1, 2, NULL, '2018-06-14 15:10:28', '2018-06-14 19:03:35'),(679, 22, 800.00, 9.00, 1000.00, 12.00, 'Recepcin Bilinge AICM T1 o T2 destino Aeropuerto Internacional Toluca', 'Recepcin Bilinge AICM T1 o T2 destino Aeropuerto Internacional Toluca', '2018-06-14 15:11:07', NULL, 168, 190, 1, 2, NULL, '2018-06-14 15:11:07', '2018-06-14 19:03:36'),(680, 22, 45.00, 8.00, 60.00, 10.00, 'Tarifa bsica para viajes en espaol para servicios no tabulados', 'Tarifa predeterminada', '2018-06-14 15:17:33', NULL, 168, 189, 0, 2, NULL, '2018-06-14 15:17:33', '2018-06-14 19:03:36'),(681, 22, 130.00, 9.00, 140.00, 12.00, 'Tarifa para viajes bilinges no tabulados', 'Tarifa viajes bilinges', '2018-06-14 15:20:18', NULL, 168, 190, 0, 2, NULL, '2018-06-14 15:20:18', '2018-06-14 19:03:36'),(682, 22, 45.00, 8.00, 65.00, 11.00, 'Traslados forneos para servicios no tabulados', 'Tarifa forneos', '2018-06-14 18:56:13', NULL, 168, 268, 0, 2, NULL, '2018-06-14 18:56:13', '2018-06-14 19:03:37'),(683, 23, 250.00, 8.00, 300.00, 10.00, 'Traslado al Aeropuerto Internacional CDMX T1', 'Traslado al AICM T1', '2018-06-14 13:39:33', NULL, 168, 191, 1, 2, NULL, '2018-06-14 13:39:33', '2018-06-14 19:03:27'),(684, 23, 250.00, 8.00, 300.00, 10.00, 'Traslado al Aeropuerto Internacional CDMX T2', 'Traslado al AICM T2', '2018-06-14 13:40:31', NULL, 168, 191, 1, 2, NULL, '2018-06-14 13:40:31', '2018-06-14 19:03:27'),(685, 23, 300.00, 8.00, 400.00, 10.00, 'Recepcin en el Aeropuerto Internacional CDMX T1', 'Recepcin en el AICM T1', '2018-06-14 13:46:20', NULL, 168, 191, 1, 2, NULL, '2018-06-14 13:46:20', '2018-06-14 19:03:27'),(686, 23, 300.00, 8.00, 400.00, 10.00, 'Recepcin en el Aeropuerto Internacional CDMX T2', 'Recepcin en el AICM T2', '2018-06-14 13:47:15', NULL, 168, 191, 1, 2, NULL, '2018-06-14 13:47:15', '2018-06-14 19:03:28'),(687, 23, 160.00, 8.00, 1.80, 10.00, 'Traslado a la Terminal de Autobuses Central del Norte', 'Traslado a la Terminal de Autobuses Central del Norte', '2018-06-14 14:12:58', NULL, 168, 191, 1, 2, NULL, '2018-06-14 14:12:58', '2018-06-14 19:03:28'),(688, 23, 200.00, 8.00, 220.00, 10.00, 'Traslado a la Terminal de Autobuses de Pasajeros Oriente (TAPO)', 'Traslado a la Terminal de Autobuses de Pasajeros Oriente (TAPO)', '2018-06-14 14:16:35', NULL, 168, 191, 1, 2, NULL, '2018-06-14 14:16:35', '2018-06-14 19:03:28'),(689, 23, 230.00, 8.00, 250.00, 10.00, 'Traslado a la Terminal de Autobuses Central del Sur (Taxquea)', 'Traslado a la Terminal de Autobuses Central del Sur (Taxquea)', '2018-06-14 14:19:12', NULL, 168, 191, 1, 2, NULL, '2018-06-14 14:19:12', '2018-06-14 19:03:29'),(690, 23, 100.00, 8.00, 130.00, 10.00, 'Traslado a la Terminal Central de Autobuses Poniente', 'Traslado a la Terminal Central de Autobuses Poniente', '2018-06-14 14:21:01', NULL, 168, 191, 1, 2, NULL, '2018-06-14 14:21:01', '2018-06-14 19:03:29'),(691, 23, 350.00, 8.00, 400.00, 10.00, 'Traslado al Aeropuerto Internacional CDMX T1 Origen Santa F', 'Traslado al AICM T1 Origen Santa F', '2018-06-14 14:23:27', NULL, 168, 191, 1, 2, NULL, '2018-06-14 14:23:27', '2018-06-14 19:03:29'),(692, 23, 350.00, 8.00, 400.00, 10.00, 'Traslado al Aeropuerto Internacional CDMX Origen Santa F', 'Traslado al AICM T2 Origen Santa F', '2018-06-14 14:24:55', NULL, 168, 191, 1, 2, NULL, '2018-06-14 14:24:55', '2018-06-14 19:03:30'),(693, 23, 400.00, 8.00, 500.00, 10.00, 'Recepcin en el Aeropuerto Internacional CDMX T1 destino a Santa F', 'Recepcin en el AICM T1 Destino a Santa F', '2018-06-14 14:26:33', NULL, 168, 191, 1, 2, NULL, '2018-06-14 14:26:33', '2018-06-14 19:03:30'),(694, 23, 400.00, 8.00, 500.00, 10.00, 'Recepcin en el Aeropuerto Internacional CDMX destino a Santa F', 'Recepcin en el AICM T2 Destino a Santa F', '2018-06-14 14:27:34', NULL, 168, 191, 1, 2, NULL, '2018-06-14 14:27:34', '2018-06-14 19:03:30'),(695, 23, 550.00, 8.00, 600.00, 10.00, 'Traslado al Aeropuerto Internacional de Toluca origen Polanco', 'Traslado al Aeropuerto Internacional de Toluca', '2018-06-14 14:29:37', NULL, 168, 191, 1, 2, NULL, '2018-06-14 14:29:37', '2018-06-14 19:03:31'),(696, 23, 700.00, 8.00, 800.00, 11.00, 'Recepcin AICM T1 o T2 destino Aeropuerto Internacional Toluca', 'Recepcin AICM T1 o T2 destino Aeropuerto Internacional Toluca', '2018-06-14 14:31:11', NULL, 168, 191, 1, 2, NULL, '2018-06-14 14:31:11', '2018-06-14 19:03:31'),(697, 23, 350.00, 9.00, 400.00, 12.00, 'Traslado Bilinge al Aeropuerto Internacional CDMX T1', 'Traslado Bilinge al AICM T1', '2018-06-14 14:39:34', NULL, 168, 190, 1, 2, NULL, '2018-06-14 14:39:34', '2018-06-14 19:03:31'),(698, 23, 350.00, 9.00, 400.00, 12.00, 'Traslado Bilinge al Aeropuerto Internacional CDMX T2', 'Traslado Bilinge al AICM T2', '2018-06-14 14:44:29', NULL, 168, 190, 1, 2, NULL, '2018-06-14 14:44:29', '2018-06-14 19:03:32'),(699, 23, 400.00, 9.00, 500.00, 12.00, 'Recepcin Bilinge en el Aeropuerto Internacional CDMX T1', 'Recepcin Bilinge en el AICM T1', '2018-06-14 14:46:55', NULL, 168, 190, 1, 2, NULL, '2018-06-14 14:46:55', '2018-06-14 19:03:32'),(700, 23, 400.00, 9.00, 500.00, 12.00, 'Recepcin Bilinge en el Aeropuerto Iinternacional CDMX T2', 'Recepcin Bilinge en el AICM T2', '2018-06-14 14:47:49', NULL, 168, 190, 1, 2, NULL, '2018-06-14 14:47:49', '2018-06-14 19:03:32'),(701, 23, 240.00, 9.00, 280.00, 12.00, 'Traslado Bilinge a la Terminal de Autobuses Central del Norte', 'Traslado Bilinge a la Terminal de Autobuses Central del Norte', '2018-06-14 14:49:13', NULL, 168, 190, 1, 2, NULL, '2018-06-14 14:49:13', '2018-06-14 19:03:33'),(702, 23, 280.00, 9.00, 320.00, 12.00, 'Traslado Bilinge a la Terminal de Autobuses de Pasajeros Oriente (TAPO)', 'Traslado Bilinge a la Terminal de Autobuses de Pasajeros Oriente (TAPO)', '2018-06-14 14:50:33', NULL, 168, 190, 1, 2, NULL, '2018-06-14 14:50:33', '2018-06-14 19:03:33'),(703, 23, 310.00, 9.00, 350.00, 12.00, 'Traslado Bilinge a la Terminal de Autobuses Central del Sur (Taxquea)', 'Traslado Bilinge a la Terminal de Autobuses Central del Sur (Taxquea)', '2018-06-14 14:51:43', NULL, 168, 190, 1, 2, NULL, '2018-06-14 14:51:43', '2018-06-14 19:03:33'),(704, 23, 200.00, 9.00, 230.00, 12.00, 'Traslado Bilinge a la Terminal Central de Autobuses Poniente', 'Traslado Bilinge a la Terminal Central de Autobuses Poniente', '2018-06-14 14:52:32', NULL, 168, 190, 1, 2, NULL, '2018-06-14 14:52:32', '2018-06-14 19:03:34'),(705, 23, 400.00, 9.00, 500.00, 12.00, 'Traslado Bilinge al Aeropuerto Internacional CDMX T1 Origen Santa F', 'Traslado Bilinge al AICM T1 Origen Santa F', '2018-06-14 14:55:26', NULL, 168, 190, 1, 2, NULL, '2018-06-14 14:55:26', '2018-06-14 19:03:34'),(706, 23, 400.00, 9.00, 500.00, 12.00, 'Traslado Bilinge al AICM T2 Origen Santa F', 'Traslado Bilinge al AICM T2 Origen Santa F', '2018-06-14 14:56:08', NULL, 168, 190, 1, 2, NULL, '2018-06-14 14:56:08', '2018-06-14 19:03:34'),(707, 23, 500.00, 9.00, 600.00, 12.00, 'Recepcin Bilinge en el AICM T1 destino Santa F', 'Recepcin Bilinge en el AICM T1 destino Santa F', '2018-06-14 15:03:46', NULL, 168, 190, 1, 2, NULL, '2018-06-14 15:03:46', '2018-06-14 19:03:35'),(708, 23, 500.00, 9.00, 600.00, 12.00, 'Recepcin Bilinge en el AICM T2 destino Santa F', 'Recepcin Bilinge en el AICM T2 destino Santa F', '2018-06-14 15:04:22', NULL, 168, 190, 1, 2, NULL, '2018-06-14 15:04:22', '2018-06-14 19:03:35'),(709, 23, 650.00, 9.00, 800.00, 12.00, 'Traslado Bilinge al Aeropuerto Internacional de Toluca origen Polanco', 'Traslado Bilinge al Aeropuerto Internacional de Toluca', '2018-06-14 15:10:28', NULL, 168, 190, 1, 2, NULL, '2018-06-14 15:10:28', '2018-06-14 19:03:35'),(710, 23, 800.00, 9.00, 1000.00, 12.00, 'Recepcin Bilinge AICM T1 o T2 destino Aeropuerto Internacional Toluca', 'Recepcin Bilinge AICM T1 o T2 destino Aeropuerto Internacional Toluca', '2018-06-14 15:11:07', NULL, 168, 190, 1, 2, NULL, '2018-06-14 15:11:07', '2018-06-14 19:03:36'),(711, 23, 45.00, 8.00, 60.00, 10.00, 'Tarifa bsica para viajes en espaol para servicios no tabulados', 'Tarifa predeterminada', '2018-06-14 15:17:33', NULL, 168, 189, 0, 2, NULL, '2018-06-14 15:17:33', '2018-06-14 19:03:36'),(712, 23, 130.00, 9.00, 140.00, 12.00, 'Tarifa para viajes bilinges no tabulados', 'Tarifa viajes bilinges', '2018-06-14 15:20:18', NULL, 168, 190, 0, 2, NULL, '2018-06-14 15:20:18', '2018-06-14 19:03:36'),(713, 23, 45.00, 8.00, 65.00, 11.00, 'Traslados forneos para servicios no tabulados', 'Tarifa forneos', '2018-06-14 18:56:13', NULL, 168, 268, 0, 2, NULL, '2018-06-14 18:56:13', '2018-06-14 19:03:37'),(714, 24, 250.00, 8.00, 300.00, 10.00, 'Traslado al Aeropuerto Internacional CDMX T1', 'Traslado al AICM T1', '2018-06-14 13:39:33', NULL, 168, 191, 1, 2, NULL, '2018-06-14 13:39:33', '2018-06-14 19:03:27'),(715, 24, 250.00, 8.00, 300.00, 10.00, 'Traslado al Aeropuerto Internacional CDMX T2', 'Traslado al AICM T2', '2018-06-14 13:40:31', NULL, 168, 191, 1, 2, NULL, '2018-06-14 13:40:31', '2018-06-14 19:03:27'),(716, 24, 300.00, 8.00, 400.00, 10.00, 'Recepcin en el Aeropuerto Internacional CDMX T1', 'Recepcin en el AICM T1', '2018-06-14 13:46:20', NULL, 168, 191, 1, 2, NULL, '2018-06-14 13:46:20', '2018-06-14 19:03:27'),(717, 24, 300.00, 8.00, 400.00, 10.00, 'Recepcin en el Aeropuerto Internacional CDMX T2', 'Recepcin en el AICM T2', '2018-06-14 13:47:15', NULL, 168, 191, 1, 2, NULL, '2018-06-14 13:47:15', '2018-06-14 19:03:28'),(718, 24, 160.00, 8.00, 1.80, 10.00, 'Traslado a la Terminal de Autobuses Central del Norte', 'Traslado a la Terminal de Autobuses Central del Norte', '2018-06-14 14:12:58', NULL, 168, 191, 1, 2, NULL, '2018-06-14 14:12:58', '2018-06-14 19:03:28'),(719, 24, 200.00, 8.00, 220.00, 10.00, 'Traslado a la Terminal de Autobuses de Pasajeros Oriente (TAPO)', 'Traslado a la Terminal de Autobuses de Pasajeros Oriente (TAPO)', '2018-06-14 14:16:35', NULL, 168, 191, 1, 2, NULL, '2018-06-14 14:16:35', '2018-06-14 19:03:28'),(720, 24, 230.00, 8.00, 250.00, 10.00, 'Traslado a la Terminal de Autobuses Central del Sur (Taxquea)', 'Traslado a la Terminal de Autobuses Central del Sur (Taxquea)', '2018-06-14 14:19:12', NULL, 168, 191, 1, 2, NULL, '2018-06-14 14:19:12', '2018-06-14 19:03:29'),(721, 24, 100.00, 8.00, 130.00, 10.00, 'Traslado a la Terminal Central de Autobuses Poniente', 'Traslado a la Terminal Central de Autobuses Poniente', '2018-06-14 14:21:01', NULL, 168, 191, 1, 2, NULL, '2018-06-14 14:21:01', '2018-06-14 19:03:29'),(722, 24, 350.00, 8.00, 400.00, 10.00, 'Traslado al Aeropuerto Internacional CDMX T1 Origen Santa F', 'Traslado al AICM T1 Origen Santa F', '2018-06-14 14:23:27', NULL, 168, 191, 1, 2, NULL, '2018-06-14 14:23:27', '2018-06-14 19:03:29'),(723, 24, 350.00, 8.00, 400.00, 10.00, 'Traslado al Aeropuerto Internacional CDMX Origen Santa F', 'Traslado al AICM T2 Origen Santa F', '2018-06-14 14:24:55', NULL, 168, 191, 1, 2, NULL, '2018-06-14 14:24:55', '2018-06-14 19:03:30'),(724, 24, 400.00, 8.00, 500.00, 10.00, 'Recepcin en el Aeropuerto Internacional CDMX T1 destino a Santa F', 'Recepcin en el AICM T1 Destino a Santa F', '2018-06-14 14:26:33', NULL, 168, 191, 1, 2, NULL, '2018-06-14 14:26:33', '2018-06-14 19:03:30'),(725, 24, 400.00, 8.00, 500.00, 10.00, 'Recepcin en el Aeropuerto Internacional CDMX destino a Santa F', 'Recepcin en el AICM T2 Destino a Santa F', '2018-06-14 14:27:34', NULL, 168, 191, 1, 2, NULL, '2018-06-14 14:27:34', '2018-06-14 19:03:30'),(726, 24, 550.00, 8.00, 600.00, 10.00, 'Traslado al Aeropuerto Internacional de Toluca origen Polanco', 'Traslado al Aeropuerto Internacional de Toluca', '2018-06-14 14:29:37', NULL, 168, 191, 1, 2, NULL, '2018-06-14 14:29:37', '2018-06-14 19:03:31'),(727, 24, 700.00, 8.00, 800.00, 11.00, 'Recepcin AICM T1 o T2 destino Aeropuerto Internacional Toluca', 'Recepcin AICM T1 o T2 destino Aeropuerto Internacional Toluca', '2018-06-14 14:31:11', NULL, 168, 191, 1, 2, NULL, '2018-06-14 14:31:11', '2018-06-14 19:03:31'),(728, 24, 350.00, 9.00, 400.00, 12.00, 'Traslado Bilinge al Aeropuerto Internacional CDMX T1', 'Traslado Bilinge al AICM T1', '2018-06-14 14:39:34', NULL, 168, 190, 1, 2, NULL, '2018-06-14 14:39:34', '2018-06-14 19:03:31'),(729, 24, 350.00, 9.00, 400.00, 12.00, 'Traslado Bilinge al Aeropuerto Internacional CDMX T2', 'Traslado Bilinge al AICM T2', '2018-06-14 14:44:29', NULL, 168, 190, 1, 2, NULL, '2018-06-14 14:44:29', '2018-06-14 19:03:32'),(730, 24, 400.00, 9.00, 500.00, 12.00, 'Recepcin Bilinge en el Aeropuerto Internacional CDMX T1', 'Recepcin Bilinge en el AICM T1', '2018-06-14 14:46:55', NULL, 168, 190, 1, 2, NULL, '2018-06-14 14:46:55', '2018-06-14 19:03:32'),(731, 24, 400.00, 9.00, 500.00, 12.00, 'Recepcin Bilinge en el Aeropuerto Iinternacional CDMX T2', 'Recepcin Bilinge en el AICM T2', '2018-06-14 14:47:49', NULL, 168, 190, 1, 2, NULL, '2018-06-14 14:47:49', '2018-06-14 19:03:32'),(732, 24, 240.00, 9.00, 280.00, 12.00, 'Traslado Bilinge a la Terminal de Autobuses Central del Norte', 'Traslado Bilinge a la Terminal de Autobuses Central del Norte', '2018-06-14 14:49:13', NULL, 168, 190, 1, 2, NULL, '2018-06-14 14:49:13', '2018-06-14 19:03:33'),(733, 24, 280.00, 9.00, 320.00, 12.00, 'Traslado Bilinge a la Terminal de Autobuses de Pasajeros Oriente (TAPO)', 'Traslado Bilinge a la Terminal de Autobuses de Pasajeros Oriente (TAPO)', '2018-06-14 14:50:33', NULL, 168, 190, 1, 2, NULL, '2018-06-14 14:50:33', '2018-06-14 19:03:33'),(734, 24, 310.00, 9.00, 350.00, 12.00, 'Traslado Bilinge a la Terminal de Autobuses Central del Sur (Taxquea)', 'Traslado Bilinge a la Terminal de Autobuses Central del Sur (Taxquea)', '2018-06-14 14:51:43', NULL, 168, 190, 1, 2, NULL, '2018-06-14 14:51:43', '2018-06-14 19:03:33'),(735, 24, 200.00, 9.00, 230.00, 12.00, 'Traslado Bilinge a la Terminal Central de Autobuses Poniente', 'Traslado Bilinge a la Terminal Central de Autobuses Poniente', '2018-06-14 14:52:32', NULL, 168, 190, 1, 2, NULL, '2018-06-14 14:52:32', '2018-06-14 19:03:34'),(736, 24, 400.00, 9.00, 500.00, 12.00, 'Traslado Bilinge al Aeropuerto Internacional CDMX T1 Origen Santa F', 'Traslado Bilinge al AICM T1 Origen Santa F', '2018-06-14 14:55:26', NULL, 168, 190, 1, 2, NULL, '2018-06-14 14:55:26', '2018-06-14 19:03:34'),(737, 24, 400.00, 9.00, 500.00, 12.00, 'Traslado Bilinge al AICM T2 Origen Santa F', 'Traslado Bilinge al AICM T2 Origen Santa F', '2018-06-14 14:56:08', NULL, 168, 190, 1, 2, NULL, '2018-06-14 14:56:08', '2018-06-14 19:03:34'),(738, 24, 500.00, 9.00, 600.00, 12.00, 'Recepcin Bilinge en el AICM T1 destino Santa F', 'Recepcin Bilinge en el AICM T1 destino Santa F', '2018-06-14 15:03:46', NULL, 168, 190, 1, 2, NULL, '2018-06-14 15:03:46', '2018-06-14 19:03:35'),(739, 24, 500.00, 9.00, 600.00, 12.00, 'Recepcin Bilinge en el AICM T2 destino Santa F', 'Recepcin Bilinge en el AICM T2 destino Santa F', '2018-06-14 15:04:22', NULL, 168, 190, 1, 2, NULL, '2018-06-14 15:04:22', '2018-06-14 19:03:35'),(740, 24, 650.00, 9.00, 800.00, 12.00, 'Traslado Bilinge al Aeropuerto Internacional de Toluca origen Polanco', 'Traslado Bilinge al Aeropuerto Internacional de Toluca', '2018-06-14 15:10:28', NULL, 168, 190, 1, 2, NULL, '2018-06-14 15:10:28', '2018-06-14 19:03:35'),(741, 24, 800.00, 9.00, 1000.00, 12.00, 'Recepcin Bilinge AICM T1 o T2 destino Aeropuerto Internacional Toluca', 'Recepcin Bilinge AICM T1 o T2 destino Aeropuerto Internacional Toluca', '2018-06-14 15:11:07', NULL, 168, 190, 1, 2, NULL, '2018-06-14 15:11:07', '2018-06-14 19:03:36'),(742, 24, 45.00, 8.00, 60.00, 10.00, 'Tarifa bsica para viajes en espaol para servicios no tabulados', 'Tarifa predeterminada', '2018-06-14 15:17:33', NULL, 168, 189, 0, 2, NULL, '2018-06-14 15:17:33', '2018-06-14 19:03:36'),(743, 24, 130.00, 9.00, 140.00, 12.00, 'Tarifa para viajes bilinges no tabulados', 'Tarifa viajes bilinges', '2018-06-14 15:20:18', NULL, 168, 190, 0, 2, NULL, '2018-06-14 15:20:18', '2018-06-14 19:03:36'),(744, 24, 45.00, 8.00, 65.00, 11.00, 'Traslados forneos para servicios no tabulados', 'Tarifa forneos', '2018-06-14 18:56:13', NULL, 168, 268, 0, 2, NULL, '2018-06-14 18:56:13', '2018-06-14 19:03:37'),(745, 25, 250.00, 8.00, 300.00, 10.00, 'Traslado al Aeropuerto Internacional CDMX T1', 'Traslado al AICM T1', '2018-06-14 13:39:33', NULL, 168, 191, 1, 2, NULL, '2018-06-14 13:39:33', '2018-06-14 19:03:27'),(746, 25, 250.00, 8.00, 300.00, 10.00, 'Traslado al Aeropuerto Internacional CDMX T2', 'Traslado al AICM T2', '2018-06-14 13:40:31', NULL, 168, 191, 1, 2, NULL, '2018-06-14 13:40:31', '2018-06-14 19:03:27'),(747, 25, 300.00, 8.00, 400.00, 10.00, 'Recepcin en el Aeropuerto Internacional CDMX T1', 'Recepcin en el AICM T1', '2018-06-14 13:46:20', NULL, 168, 191, 1, 2, NULL, '2018-06-14 13:46:20', '2018-06-14 19:03:27'),(748, 25, 300.00, 8.00, 400.00, 10.00, 'Recepcin en el Aeropuerto Internacional CDMX T2', 'Recepcin en el AICM T2', '2018-06-14 13:47:15', NULL, 168, 191, 1, 2, NULL, '2018-06-14 13:47:15', '2018-06-14 19:03:28'),(749, 25, 160.00, 8.00, 1.80, 10.00, 'Traslado a la Terminal de Autobuses Central del Norte', 'Traslado a la Terminal de Autobuses Central del Norte', '2018-06-14 14:12:58', NULL, 168, 191, 1, 2, NULL, '2018-06-14 14:12:58', '2018-06-14 19:03:28'),(750, 25, 200.00, 8.00, 220.00, 10.00, 'Traslado a la Terminal de Autobuses de Pasajeros Oriente (TAPO)', 'Traslado a la Terminal de Autobuses de Pasajeros Oriente (TAPO)', '2018-06-14 14:16:35', NULL, 168, 191, 1, 2, NULL, '2018-06-14 14:16:35', '2018-06-14 19:03:28'),(751, 25, 230.00, 8.00, 250.00, 10.00, 'Traslado a la Terminal de Autobuses Central del Sur (Taxquea)', 'Traslado a la Terminal de Autobuses Central del Sur (Taxquea)', '2018-06-14 14:19:12', NULL, 168, 191, 1, 2, NULL, '2018-06-14 14:19:12', '2018-06-14 19:03:29'),(752, 25, 100.00, 8.00, 130.00, 10.00, 'Traslado a la Terminal Central de Autobuses Poniente', 'Traslado a la Terminal Central de Autobuses Poniente', '2018-06-14 14:21:01', NULL, 168, 191, 1, 2, NULL, '2018-06-14 14:21:01', '2018-06-14 19:03:29'),(753, 25, 350.00, 8.00, 400.00, 10.00, 'Traslado al Aeropuerto Internacional CDMX T1 Origen Santa F', 'Traslado al AICM T1 Origen Santa F', '2018-06-14 14:23:27', NULL, 168, 191, 1, 2, NULL, '2018-06-14 14:23:27', '2018-06-14 19:03:29'),(754, 25, 350.00, 8.00, 400.00, 10.00, 'Traslado al Aeropuerto Internacional CDMX Origen Santa F', 'Traslado al AICM T2 Origen Santa F', '2018-06-14 14:24:55', NULL, 168, 191, 1, 2, NULL, '2018-06-14 14:24:55', '2018-06-14 19:03:30'),(755, 25, 400.00, 8.00, 500.00, 10.00, 'Recepcin en el Aeropuerto Internacional CDMX T1 destino a Santa F', 'Recepcin en el AICM T1 Destino a Santa F', '2018-06-14 14:26:33', NULL, 168, 191, 1, 2, NULL, '2018-06-14 14:26:33', '2018-06-14 19:03:30'),(756, 25, 400.00, 8.00, 500.00, 10.00, 'Recepcin en el Aeropuerto Internacional CDMX destino a Santa F', 'Recepcin en el AICM T2 Destino a Santa F', '2018-06-14 14:27:34', NULL, 168, 191, 1, 2, NULL, '2018-06-14 14:27:34', '2018-06-14 19:03:30'),(757, 25, 550.00, 8.00, 600.00, 10.00, 'Traslado al Aeropuerto Internacional de Toluca origen Polanco', 'Traslado al Aeropuerto Internacional de Toluca', '2018-06-14 14:29:37', NULL, 168, 191, 1, 2, NULL, '2018-06-14 14:29:37', '2018-06-14 19:03:31'),(758, 25, 700.00, 8.00, 800.00, 11.00, 'Recepcin AICM T1 o T2 destino Aeropuerto Internacional Toluca', 'Recepcin AICM T1 o T2 destino Aeropuerto Internacional Toluca', '2018-06-14 14:31:11', NULL, 168, 191, 1, 2, NULL, '2018-06-14 14:31:11', '2018-06-14 19:03:31'),(759, 25, 350.00, 9.00, 400.00, 12.00, 'Traslado Bilinge al Aeropuerto Internacional CDMX T1', 'Traslado Bilinge al AICM T1', '2018-06-14 14:39:34', NULL, 168, 190, 1, 2, NULL, '2018-06-14 14:39:34', '2018-06-14 19:03:31'),(760, 25, 350.00, 9.00, 400.00, 12.00, 'Traslado Bilinge al Aeropuerto Internacional CDMX T2', 'Traslado Bilinge al AICM T2', '2018-06-14 14:44:29', NULL, 168, 190, 1, 2, NULL, '2018-06-14 14:44:29', '2018-06-14 19:03:32'),(761, 25, 400.00, 9.00, 500.00, 12.00, 'Recepcin Bilinge en el Aeropuerto Internacional CDMX T1', 'Recepcin Bilinge en el AICM T1', '2018-06-14 14:46:55', NULL, 168, 190, 1, 2, NULL, '2018-06-14 14:46:55', '2018-06-14 19:03:32'),(762, 25, 400.00, 9.00, 500.00, 12.00, 'Recepcin Bilinge en el Aeropuerto Iinternacional CDMX T2', 'Recepcin Bilinge en el AICM T2', '2018-06-14 14:47:49', NULL, 168, 190, 1, 2, NULL, '2018-06-14 14:47:49', '2018-06-14 19:03:32'),(763, 25, 240.00, 9.00, 280.00, 12.00, 'Traslado Bilinge a la Terminal de Autobuses Central del Norte', 'Traslado Bilinge a la Terminal de Autobuses Central del Norte', '2018-06-14 14:49:13', NULL, 168, 190, 1, 2, NULL, '2018-06-14 14:49:13', '2018-06-14 19:03:33'),(764, 25, 280.00, 9.00, 320.00, 12.00, 'Traslado Bilinge a la Terminal de Autobuses de Pasajeros Oriente (TAPO)', 'Traslado Bilinge a la Terminal de Autobuses de Pasajeros Oriente (TAPO)', '2018-06-14 14:50:33', NULL, 168, 190, 1, 2, NULL, '2018-06-14 14:50:33', '2018-06-14 19:03:33'),(765, 25, 310.00, 9.00, 350.00, 12.00, 'Traslado Bilinge a la Terminal de Autobuses Central del Sur (Taxquea)', 'Traslado Bilinge a la Terminal de Autobuses Central del Sur (Taxquea)', '2018-06-14 14:51:43', NULL, 168, 190, 1, 2, NULL, '2018-06-14 14:51:43', '2018-06-14 19:03:33'),(766, 25, 200.00, 9.00, 230.00, 12.00, 'Traslado Bilinge a la Terminal Central de Autobuses Poniente', 'Traslado Bilinge a la Terminal Central de Autobuses Poniente', '2018-06-14 14:52:32', NULL, 168, 190, 1, 2, NULL, '2018-06-14 14:52:32', '2018-06-14 19:03:34'),(767, 25, 400.00, 9.00, 500.00, 12.00, 'Traslado Bilinge al Aeropuerto Internacional CDMX T1 Origen Santa F', 'Traslado Bilinge al AICM T1 Origen Santa F', '2018-06-14 14:55:26', NULL, 168, 190, 1, 2, NULL, '2018-06-14 14:55:26', '2018-06-14 19:03:34'),(768, 25, 400.00, 9.00, 500.00, 12.00, 'Traslado Bilinge al AICM T2 Origen Santa F', 'Traslado Bilinge al AICM T2 Origen Santa F', '2018-06-14 14:56:08', NULL, 168, 190, 1, 2, NULL, '2018-06-14 14:56:08', '2018-06-14 19:03:34'),(769, 25, 500.00, 9.00, 600.00, 12.00, 'Recepcin Bilinge en el AICM T1 destino Santa F', 'Recepcin Bilinge en el AICM T1 destino Santa F', '2018-06-14 15:03:46', NULL, 168, 190, 1, 2, NULL, '2018-06-14 15:03:46', '2018-06-14 19:03:35'),(770, 25, 500.00, 9.00, 600.00, 12.00, 'Recepcin Bilinge en el AICM T2 destino Santa F', 'Recepcin Bilinge en el AICM T2 destino Santa F', '2018-06-14 15:04:22', NULL, 168, 190, 1, 2, NULL, '2018-06-14 15:04:22', '2018-06-14 19:03:35'),(771, 25, 650.00, 9.00, 800.00, 12.00, 'Traslado Bilinge al Aeropuerto Internacional de Toluca origen Polanco', 'Traslado Bilinge al Aeropuerto Internacional de Toluca', '2018-06-14 15:10:28', NULL, 168, 190, 1, 2, NULL, '2018-06-14 15:10:28', '2018-06-14 19:03:35'),(772, 25, 800.00, 9.00, 1000.00, 12.00, 'Recepcin Bilinge AICM T1 o T2 destino Aeropuerto Internacional Toluca', 'Recepcin Bilinge AICM T1 o T2 destino Aeropuerto Internacional Toluca', '2018-06-14 15:11:07', NULL, 168, 190, 1, 2, NULL, '2018-06-14 15:11:07', '2018-06-14 19:03:36'),(773, 25, 45.00, 8.00, 60.00, 10.00, 'Tarifa bsica para viajes en espaol para servicios no tabulados', 'Tarifa predeterminada', '2018-06-14 15:17:33', NULL, 168, 189, 0, 2, NULL, '2018-06-14 15:17:33', '2018-06-14 19:03:36'),(774, 25, 130.00, 9.00, 140.00, 12.00, 'Tarifa para viajes bilinges no tabulados', 'Tarifa viajes bilinges', '2018-06-14 15:20:18', NULL, 168, 190, 0, 2, NULL, '2018-06-14 15:20:18', '2018-06-14 19:03:36'),(775, 25, 45.00, 8.00, 65.00, 11.00, 'Traslados forneos para servicios no tabulados', 'Tarifa forneos', '2018-06-14 18:56:13', NULL, 168, 268, 0, 2, NULL, '2018-06-14 18:56:13', '2018-06-14 19:03:37'),(776, 26, 250.00, 8.00, 300.00, 10.00, 'Traslado al Aeropuerto Internacional CDMX T1', 'Traslado al AICM T1', '2018-06-14 13:39:33', NULL, 168, 191, 1, 2, NULL, '2018-06-14 13:39:33', '2018-06-14 19:03:27'),(777, 26, 250.00, 8.00, 300.00, 10.00, 'Traslado al Aeropuerto Internacional CDMX T2', 'Traslado al AICM T2', '2018-06-14 13:40:31', NULL, 168, 191, 1, 2, NULL, '2018-06-14 13:40:31', '2018-06-14 19:03:27'),(778, 26, 300.00, 8.00, 400.00, 10.00, 'Recepcin en el Aeropuerto Internacional CDMX T1', 'Recepcin en el AICM T1', '2018-06-14 13:46:20', NULL, 168, 191, 1, 2, NULL, '2018-06-14 13:46:20', '2018-06-14 19:03:27'),(779, 26, 300.00, 8.00, 400.00, 10.00, 'Recepcin en el Aeropuerto Internacional CDMX T2', 'Recepcin en el AICM T2', '2018-06-14 13:47:15', NULL, 168, 191, 1, 2, NULL, '2018-06-14 13:47:15', '2018-06-14 19:03:28'),(780, 26, 160.00, 8.00, 1.80, 10.00, 'Traslado a la Terminal de Autobuses Central del Norte', 'Traslado a la Terminal de Autobuses Central del Norte', '2018-06-14 14:12:58', NULL, 168, 191, 1, 2, NULL, '2018-06-14 14:12:58', '2018-06-14 19:03:28'),(781, 26, 200.00, 8.00, 220.00, 10.00, 'Traslado a la Terminal de Autobuses de Pasajeros Oriente (TAPO)', 'Traslado a la Terminal de Autobuses de Pasajeros Oriente (TAPO)', '2018-06-14 14:16:35', NULL, 168, 191, 1, 2, NULL, '2018-06-14 14:16:35', '2018-06-14 19:03:28'),(782, 26, 230.00, 8.00, 250.00, 10.00, 'Traslado a la Terminal de Autobuses Central del Sur (Taxquea)', 'Traslado a la Terminal de Autobuses Central del Sur (Taxquea)', '2018-06-14 14:19:12', NULL, 168, 191, 1, 2, NULL, '2018-06-14 14:19:12', '2018-06-14 19:03:29'),(783, 26, 100.00, 8.00, 130.00, 10.00, 'Traslado a la Terminal Central de Autobuses Poniente', 'Traslado a la Terminal Central de Autobuses Poniente', '2018-06-14 14:21:01', NULL, 168, 191, 1, 2, NULL, '2018-06-14 14:21:01', '2018-06-14 19:03:29'),(784, 26, 350.00, 8.00, 400.00, 10.00, 'Traslado al Aeropuerto Internacional CDMX T1 Origen Santa F', 'Traslado al AICM T1 Origen Santa F', '2018-06-14 14:23:27', NULL, 168, 191, 1, 2, NULL, '2018-06-14 14:23:27', '2018-06-14 19:03:29'),(785, 26, 350.00, 8.00, 400.00, 10.00, 'Traslado al Aeropuerto Internacional CDMX Origen Santa F', 'Traslado al AICM T2 Origen Santa F', '2018-06-14 14:24:55', NULL, 168, 191, 1, 2, NULL, '2018-06-14 14:24:55', '2018-06-14 19:03:30'),(786, 26, 400.00, 8.00, 500.00, 10.00, 'Recepcin en el Aeropuerto Internacional CDMX T1 destino a Santa F', 'Recepcin en el AICM T1 Destino a Santa F', '2018-06-14 14:26:33', NULL, 168, 191, 1, 2, NULL, '2018-06-14 14:26:33', '2018-06-14 19:03:30'),(787, 26, 400.00, 8.00, 500.00, 10.00, 'Recepcin en el Aeropuerto Internacional CDMX destino a Santa F', 'Recepcin en el AICM T2 Destino a Santa F', '2018-06-14 14:27:34', NULL, 168, 191, 1, 2, NULL, '2018-06-14 14:27:34', '2018-06-14 19:03:30'),(788, 26, 550.00, 8.00, 600.00, 10.00, 'Traslado al Aeropuerto Internacional de Toluca origen Polanco', 'Traslado al Aeropuerto Internacional de Toluca', '2018-06-14 14:29:37', NULL, 168, 191, 1, 2, NULL, '2018-06-14 14:29:37', '2018-06-14 19:03:31'),(789, 26, 700.00, 8.00, 800.00, 11.00, 'Recepcin AICM T1 o T2 destino Aeropuerto Internacional Toluca', 'Recepcin AICM T1 o T2 destino Aeropuerto Internacional Toluca', '2018-06-14 14:31:11', NULL, 168, 191, 1, 2, NULL, '2018-06-14 14:31:11', '2018-06-14 19:03:31'),(790, 26, 350.00, 9.00, 400.00, 12.00, 'Traslado Bilinge al Aeropuerto Internacional CDMX T1', 'Traslado Bilinge al AICM T1', '2018-06-14 14:39:34', NULL, 168, 190, 1, 2, NULL, '2018-06-14 14:39:34', '2018-06-14 19:03:31'),(791, 26, 350.00, 9.00, 400.00, 12.00, 'Traslado Bilinge al Aeropuerto Internacional CDMX T2', 'Traslado Bilinge al AICM T2', '2018-06-14 14:44:29', NULL, 168, 190, 1, 2, NULL, '2018-06-14 14:44:29', '2018-06-14 19:03:32'),(792, 26, 400.00, 9.00, 500.00, 12.00, 'Recepcin Bilinge en el Aeropuerto Internacional CDMX T1', 'Recepcin Bilinge en el AICM T1', '2018-06-14 14:46:55', NULL, 168, 190, 1, 2, NULL, '2018-06-14 14:46:55', '2018-06-14 19:03:32'),(793, 26, 400.00, 9.00, 500.00, 12.00, 'Recepcin Bilinge en el Aeropuerto Iinternacional CDMX T2', 'Recepcin Bilinge en el AICM T2', '2018-06-14 14:47:49', NULL, 168, 190, 1, 2, NULL, '2018-06-14 14:47:49', '2018-06-14 19:03:32'),(794, 26, 240.00, 9.00, 280.00, 12.00, 'Traslado Bilinge a la Terminal de Autobuses Central del Norte', 'Traslado Bilinge a la Terminal de Autobuses Central del Norte', '2018-06-14 14:49:13', NULL, 168, 190, 1, 2, NULL, '2018-06-14 14:49:13', '2018-06-14 19:03:33'),(795, 26, 280.00, 9.00, 320.00, 12.00, 'Traslado Bilinge a la Terminal de Autobuses de Pasajeros Oriente (TAPO)', 'Traslado Bilinge a la Terminal de Autobuses de Pasajeros Oriente (TAPO)', '2018-06-14 14:50:33', NULL, 168, 190, 1, 2, NULL, '2018-06-14 14:50:33', '2018-06-14 19:03:33'),(796, 26, 310.00, 9.00, 350.00, 12.00, 'Traslado Bilinge a la Terminal de Autobuses Central del Sur (Taxquea)', 'Traslado Bilinge a la Terminal de Autobuses Central del Sur (Taxquea)', '2018-06-14 14:51:43', NULL, 168, 190, 1, 2, NULL, '2018-06-14 14:51:43', '2018-06-14 19:03:33'),(797, 26, 200.00, 9.00, 230.00, 12.00, 'Traslado Bilinge a la Terminal Central de Autobuses Poniente', 'Traslado Bilinge a la Terminal Central de Autobuses Poniente', '2018-06-14 14:52:32', NULL, 168, 190, 1, 2, NULL, '2018-06-14 14:52:32', '2018-06-14 19:03:34'),(798, 26, 400.00, 9.00, 500.00, 12.00, 'Traslado Bilinge al Aeropuerto Internacional CDMX T1 Origen Santa F', 'Traslado Bilinge al AICM T1 Origen Santa F', '2018-06-14 14:55:26', NULL, 168, 190, 1, 2, NULL, '2018-06-14 14:55:26', '2018-06-14 19:03:34'),(799, 26, 400.00, 9.00, 500.00, 12.00, 'Traslado Bilinge al AICM T2 Origen Santa F', 'Traslado Bilinge al AICM T2 Origen Santa F', '2018-06-14 14:56:08', NULL, 168, 190, 1, 2, NULL, '2018-06-14 14:56:08', '2018-06-14 19:03:34'),(800, 26, 500.00, 9.00, 600.00, 12.00, 'Recepcin Bilinge en el AICM T1 destino Santa F', 'Recepcin Bilinge en el AICM T1 destino Santa F', '2018-06-14 15:03:46', NULL, 168, 190, 1, 2, NULL, '2018-06-14 15:03:46', '2018-06-14 19:03:35'),(801, 26, 500.00, 9.00, 600.00, 12.00, 'Recepcin Bilinge en el AICM T2 destino Santa F', 'Recepcin Bilinge en el AICM T2 destino Santa F', '2018-06-14 15:04:22', NULL, 168, 190, 1, 2, NULL, '2018-06-14 15:04:22', '2018-06-14 19:03:35'),(802, 26, 650.00, 9.00, 800.00, 12.00, 'Traslado Bilinge al Aeropuerto Internacional de Toluca origen Polanco', 'Traslado Bilinge al Aeropuerto Internacional de Toluca', '2018-06-14 15:10:28', NULL, 168, 190, 1, 2, NULL, '2018-06-14 15:10:28', '2018-06-14 19:03:35'),(803, 26, 800.00, 9.00, 1000.00, 12.00, 'Recepcin Bilinge AICM T1 o T2 destino Aeropuerto Internacional Toluca', 'Recepcin Bilinge AICM T1 o T2 destino Aeropuerto Internacional Toluca', '2018-06-14 15:11:07', NULL, 168, 190, 1, 2, NULL, '2018-06-14 15:11:07', '2018-06-14 19:03:36'),(804, 26, 45.00, 8.00, 60.00, 10.00, 'Tarifa bsica para viajes en espaol para servicios no tabulados', 'Tarifa predeterminada', '2018-06-14 15:17:33', NULL, 168, 189, 0, 2, NULL, '2018-06-14 15:17:33', '2018-06-14 19:03:36'),(805, 26, 130.00, 9.00, 140.00, 12.00, 'Tarifa para viajes bilinges no tabulados', 'Tarifa viajes bilinges', '2018-06-14 15:20:18', NULL, 168, 190, 0, 2, NULL, '2018-06-14 15:20:18', '2018-06-14 19:03:36'),(806, 26, 45.00, 8.00, 65.00, 11.00, 'Traslados forneos para servicios no tabulados', 'Tarifa forneos', '2018-06-14 18:56:13', NULL, 168, 268, 0, 2, NULL, '2018-06-14 18:56:13', '2018-06-14 19:03:37'),(807, 27, 250.00, 8.00, 300.00, 10.00, 'Traslado al Aeropuerto Internacional CDMX T1', 'Traslado al AICM T1', '2018-06-14 13:39:33', NULL, 168, 191, 1, 2, NULL, '2018-06-14 13:39:33', '2018-06-14 19:03:27'),(808, 27, 250.00, 8.00, 300.00, 10.00, 'Traslado al Aeropuerto Internacional CDMX T2', 'Traslado al AICM T2', '2018-06-14 13:40:31', NULL, 168, 191, 1, 2, NULL, '2018-06-14 13:40:31', '2018-06-14 19:03:27'),(809, 27, 300.00, 8.00, 400.00, 10.00, 'Recepcin en el Aeropuerto Internacional CDMX T1', 'Recepcin en el AICM T1', '2018-06-14 13:46:20', NULL, 168, 191, 1, 2, NULL, '2018-06-14 13:46:20', '2018-06-14 19:03:27'),(810, 27, 300.00, 8.00, 400.00, 10.00, 'Recepcin en el Aeropuerto Internacional CDMX T2', 'Recepcin en el AICM T2', '2018-06-14 13:47:15', NULL, 168, 191, 1, 2, NULL, '2018-06-14 13:47:15', '2018-06-14 19:03:28'),(811, 27, 160.00, 8.00, 1.80, 10.00, 'Traslado a la Terminal de Autobuses Central del Norte', 'Traslado a la Terminal de Autobuses Central del Norte', '2018-06-14 14:12:58', NULL, 168, 191, 1, 2, NULL, '2018-06-14 14:12:58', '2018-06-14 19:03:28'),(812, 27, 200.00, 8.00, 220.00, 10.00, 'Traslado a la Terminal de Autobuses de Pasajeros Oriente (TAPO)', 'Traslado a la Terminal de Autobuses de Pasajeros Oriente (TAPO)', '2018-06-14 14:16:35', NULL, 168, 191, 1, 2, NULL, '2018-06-14 14:16:35', '2018-06-14 19:03:28'),(813, 27, 230.00, 8.00, 250.00, 10.00, 'Traslado a la Terminal de Autobuses Central del Sur (Taxquea)', 'Traslado a la Terminal de Autobuses Central del Sur (Taxquea)', '2018-06-14 14:19:12', NULL, 168, 191, 1, 2, NULL, '2018-06-14 14:19:12', '2018-06-14 19:03:29'),(814, 27, 100.00, 8.00, 130.00, 10.00, 'Traslado a la Terminal Central de Autobuses Poniente', 'Traslado a la Terminal Central de Autobuses Poniente', '2018-06-14 14:21:01', NULL, 168, 191, 1, 2, NULL, '2018-06-14 14:21:01', '2018-06-14 19:03:29'),(815, 27, 350.00, 8.00, 400.00, 10.00, 'Traslado al Aeropuerto Internacional CDMX T1 Origen Santa F', 'Traslado al AICM T1 Origen Santa F', '2018-06-14 14:23:27', NULL, 168, 191, 1, 2, NULL, '2018-06-14 14:23:27', '2018-06-14 19:03:29'),(816, 27, 350.00, 8.00, 400.00, 10.00, 'Traslado al Aeropuerto Internacional CDMX Origen Santa F', 'Traslado al AICM T2 Origen Santa F', '2018-06-14 14:24:55', NULL, 168, 191, 1, 2, NULL, '2018-06-14 14:24:55', '2018-06-14 19:03:30'),(817, 27, 400.00, 8.00, 500.00, 10.00, 'Recepcin en el Aeropuerto Internacional CDMX T1 destino a Santa F', 'Recepcin en el AICM T1 Destino a Santa F', '2018-06-14 14:26:33', NULL, 168, 191, 1, 2, NULL, '2018-06-14 14:26:33', '2018-06-14 19:03:30'),(818, 27, 400.00, 8.00, 500.00, 10.00, 'Recepcin en el Aeropuerto Internacional CDMX destino a Santa F', 'Recepcin en el AICM T2 Destino a Santa F', '2018-06-14 14:27:34', NULL, 168, 191, 1, 2, NULL, '2018-06-14 14:27:34', '2018-06-14 19:03:30'),(819, 27, 550.00, 8.00, 600.00, 10.00, 'Traslado al Aeropuerto Internacional de Toluca origen Polanco', 'Traslado al Aeropuerto Internacional de Toluca', '2018-06-14 14:29:37', NULL, 168, 191, 1, 2, NULL, '2018-06-14 14:29:37', '2018-06-14 19:03:31'),(820, 27, 700.00, 8.00, 800.00, 11.00, 'Recepcin AICM T1 o T2 destino Aeropuerto Internacional Toluca', 'Recepcin AICM T1 o T2 destino Aeropuerto Internacional Toluca', '2018-06-14 14:31:11', NULL, 168, 191, 1, 2, NULL, '2018-06-14 14:31:11', '2018-06-14 19:03:31'),(821, 27, 350.00, 9.00, 400.00, 12.00, 'Traslado Bilinge al Aeropuerto Internacional CDMX T1', 'Traslado Bilinge al AICM T1', '2018-06-14 14:39:34', NULL, 168, 190, 1, 2, NULL, '2018-06-14 14:39:34', '2018-06-14 19:03:31'),(822, 27, 350.00, 9.00, 400.00, 12.00, 'Traslado Bilinge al Aeropuerto Internacional CDMX T2', 'Traslado Bilinge al AICM T2', '2018-06-14 14:44:29', NULL, 168, 190, 1, 2, NULL, '2018-06-14 14:44:29', '2018-06-14 19:03:32'),(823, 27, 400.00, 9.00, 500.00, 12.00, 'Recepcin Bilinge en el Aeropuerto Internacional CDMX T1', 'Recepcin Bilinge en el AICM T1', '2018-06-14 14:46:55', NULL, 168, 190, 1, 2, NULL, '2018-06-14 14:46:55', '2018-06-14 19:03:32'),(824, 27, 400.00, 9.00, 500.00, 12.00, 'Recepcin Bilinge en el Aeropuerto Iinternacional CDMX T2', 'Recepcin Bilinge en el AICM T2', '2018-06-14 14:47:49', NULL, 168, 190, 1, 2, NULL, '2018-06-14 14:47:49', '2018-06-14 19:03:32'),(825, 27, 240.00, 9.00, 280.00, 12.00, 'Traslado Bilinge a la Terminal de Autobuses Central del Norte', 'Traslado Bilinge a la Terminal de Autobuses Central del Norte', '2018-06-14 14:49:13', NULL, 168, 190, 1, 2, NULL, '2018-06-14 14:49:13', '2018-06-14 19:03:33'),(826, 27, 280.00, 9.00, 320.00, 12.00, 'Traslado Bilinge a la Terminal de Autobuses de Pasajeros Oriente (TAPO)', 'Traslado Bilinge a la Terminal de Autobuses de Pasajeros Oriente (TAPO)', '2018-06-14 14:50:33', NULL, 168, 190, 1, 2, NULL, '2018-06-14 14:50:33', '2018-06-14 19:03:33'),(827, 27, 310.00, 9.00, 350.00, 12.00, 'Traslado Bilinge a la Terminal de Autobuses Central del Sur (Taxquea)', 'Traslado Bilinge a la Terminal de Autobuses Central del Sur (Taxquea)', '2018-06-14 14:51:43', NULL, 168, 190, 1, 2, NULL, '2018-06-14 14:51:43', '2018-06-14 19:03:33'),(828, 27, 200.00, 9.00, 230.00, 12.00, 'Traslado Bilinge a la Terminal Central de Autobuses Poniente', 'Traslado Bilinge a la Terminal Central de Autobuses Poniente', '2018-06-14 14:52:32', NULL, 168, 190, 1, 2, NULL, '2018-06-14 14:52:32', '2018-06-14 19:03:34'),(829, 27, 400.00, 9.00, 500.00, 12.00, 'Traslado Bilinge al Aeropuerto Internacional CDMX T1 Origen Santa F', 'Traslado Bilinge al AICM T1 Origen Santa F', '2018-06-14 14:55:26', NULL, 168, 190, 1, 2, NULL, '2018-06-14 14:55:26', '2018-06-14 19:03:34'),(830, 27, 400.00, 9.00, 500.00, 12.00, 'Traslado Bilinge al AICM T2 Origen Santa F', 'Traslado Bilinge al AICM T2 Origen Santa F', '2018-06-14 14:56:08', NULL, 168, 190, 1, 2, NULL, '2018-06-14 14:56:08', '2018-06-14 19:03:34'),(831, 27, 500.00, 9.00, 600.00, 12.00, 'Recepcin Bilinge en el AICM T1 destino Santa F', 'Recepcin Bilinge en el AICM T1 destino Santa F', '2018-06-14 15:03:46', NULL, 168, 190, 1, 2, NULL, '2018-06-14 15:03:46', '2018-06-14 19:03:35'),(832, 27, 500.00, 9.00, 600.00, 12.00, 'Recepcin Bilinge en el AICM T2 destino Santa F', 'Recepcin Bilinge en el AICM T2 destino Santa F', '2018-06-14 15:04:22', NULL, 168, 190, 1, 2, NULL, '2018-06-14 15:04:22', '2018-06-14 19:03:35'),(833, 27, 650.00, 9.00, 800.00, 12.00, 'Traslado Bilinge al Aeropuerto Internacional de Toluca origen Polanco', 'Traslado Bilinge al Aeropuerto Internacional de Toluca', '2018-06-14 15:10:28', NULL, 168, 190, 1, 2, NULL, '2018-06-14 15:10:28', '2018-06-14 19:03:35'),(834, 27, 800.00, 9.00, 1000.00, 12.00, 'Recepcin Bilinge AICM T1 o T2 destino Aeropuerto Internacional Toluca', 'Recepcin Bilinge AICM T1 o T2 destino Aeropuerto Internacional Toluca', '2018-06-14 15:11:07', NULL, 168, 190, 1, 2, NULL, '2018-06-14 15:11:07', '2018-06-14 19:03:36'),(835, 27, 45.00, 8.00, 60.00, 10.00, 'Tarifa bsica para viajes en espaol para servicios no tabulados', 'Tarifa predeterminada', '2018-06-14 15:17:33', NULL, 168, 189, 0, 2, NULL, '2018-06-14 15:17:33', '2018-06-14 19:03:36'),(836, 27, 130.00, 9.00, 140.00, 12.00, 'Tarifa para viajes bilinges no tabulados', 'Tarifa viajes bilinges', '2018-06-14 15:20:18', NULL, 168, 190, 0, 2, NULL, '2018-06-14 15:20:18', '2018-06-14 19:03:36'),(837, 27, 45.00, 8.00, 65.00, 11.00, 'Traslados forneos para servicios no tabulados', 'Tarifa forneos', '2018-06-14 18:56:13', NULL, 168, 268, 0, 2, NULL, '2018-06-14 18:56:13', '2018-06-14 19:03:37'),(838, 28, 250.00, 8.00, 300.00, 10.00, 'Traslado al Aeropuerto Internacional CDMX T1', 'Traslado al AICM T1', '2018-06-14 13:39:33', NULL, 168, 191, 1, 2, NULL, '2018-06-14 13:39:33', '2018-06-14 19:03:27'),(839, 28, 250.00, 8.00, 300.00, 10.00, 'Traslado al Aeropuerto Internacional CDMX T2', 'Traslado al AICM T2', '2018-06-14 13:40:31', NULL, 168, 191, 1, 2, NULL, '2018-06-14 13:40:31', '2018-06-14 19:03:27'),(840, 28, 300.00, 8.00, 400.00, 10.00, 'Recepcin en el Aeropuerto Internacional CDMX T1', 'Recepcin en el AICM T1', '2018-06-14 13:46:20', NULL, 168, 191, 1, 2, NULL, '2018-06-14 13:46:20', '2018-06-14 19:03:27'),(841, 28, 300.00, 8.00, 400.00, 10.00, 'Recepcin en el Aeropuerto Internacional CDMX T2', 'Recepcin en el AICM T2', '2018-06-14 13:47:15', NULL, 168, 191, 1, 2, NULL, '2018-06-14 13:47:15', '2018-06-14 19:03:28'),(842, 28, 160.00, 8.00, 1.80, 10.00, 'Traslado a la Terminal de Autobuses Central del Norte', 'Traslado a la Terminal de Autobuses Central del Norte', '2018-06-14 14:12:58', NULL, 168, 191, 1, 2, NULL, '2018-06-14 14:12:58', '2018-06-14 19:03:28'),(843, 28, 200.00, 8.00, 220.00, 10.00, 'Traslado a la Terminal de Autobuses de Pasajeros Oriente (TAPO)', 'Traslado a la Terminal de Autobuses de Pasajeros Oriente (TAPO)', '2018-06-14 14:16:35', NULL, 168, 191, 1, 2, NULL, '2018-06-14 14:16:35', '2018-06-14 19:03:28'),(844, 28, 230.00, 8.00, 250.00, 10.00, 'Traslado a la Terminal de Autobuses Central del Sur (Taxquea)', 'Traslado a la Terminal de Autobuses Central del Sur (Taxquea)', '2018-06-14 14:19:12', NULL, 168, 191, 1, 2, NULL, '2018-06-14 14:19:12', '2018-06-14 19:03:29'),(845, 28, 100.00, 8.00, 130.00, 10.00, 'Traslado a la Terminal Central de Autobuses Poniente', 'Traslado a la Terminal Central de Autobuses Poniente', '2018-06-14 14:21:01', NULL, 168, 191, 1, 2, NULL, '2018-06-14 14:21:01', '2018-06-14 19:03:29'),(846, 28, 350.00, 8.00, 400.00, 10.00, 'Traslado al Aeropuerto Internacional CDMX T1 Origen Santa F', 'Traslado al AICM T1 Origen Santa F', '2018-06-14 14:23:27', NULL, 168, 191, 1, 2, NULL, '2018-06-14 14:23:27', '2018-06-14 19:03:29'),(847, 28, 350.00, 8.00, 400.00, 10.00, 'Traslado al Aeropuerto Internacional CDMX Origen Santa F', 'Traslado al AICM T2 Origen Santa F', '2018-06-14 14:24:55', NULL, 168, 191, 1, 2, NULL, '2018-06-14 14:24:55', '2018-06-14 19:03:30'),(848, 28, 400.00, 8.00, 500.00, 10.00, 'Recepcin en el Aeropuerto Internacional CDMX T1 destino a Santa F', 'Recepcin en el AICM T1 Destino a Santa F', '2018-06-14 14:26:33', NULL, 168, 191, 1, 2, NULL, '2018-06-14 14:26:33', '2018-06-14 19:03:30'),(849, 28, 400.00, 8.00, 500.00, 10.00, 'Recepcin en el Aeropuerto Internacional CDMX destino a Santa F', 'Recepcin en el AICM T2 Destino a Santa F', '2018-06-14 14:27:34', NULL, 168, 191, 1, 2, NULL, '2018-06-14 14:27:34', '2018-06-14 19:03:30'),(850, 28, 550.00, 8.00, 600.00, 10.00, 'Traslado al Aeropuerto Internacional de Toluca origen Polanco', 'Traslado al Aeropuerto Internacional de Toluca', '2018-06-14 14:29:37', NULL, 168, 191, 1, 2, NULL, '2018-06-14 14:29:37', '2018-06-14 19:03:31'),(851, 28, 700.00, 8.00, 800.00, 11.00, 'Recepcin AICM T1 o T2 destino Aeropuerto Internacional Toluca', 'Recepcin AICM T1 o T2 destino Aeropuerto Internacional Toluca', '2018-06-14 14:31:11', NULL, 168, 191, 1, 2, NULL, '2018-06-14 14:31:11', '2018-06-14 19:03:31'),(852, 28, 350.00, 9.00, 400.00, 12.00, 'Traslado Bilinge al Aeropuerto Internacional CDMX T1', 'Traslado Bilinge al AICM T1', '2018-06-14 14:39:34', NULL, 168, 190, 1, 2, NULL, '2018-06-14 14:39:34', '2018-06-14 19:03:31'),(853, 28, 350.00, 9.00, 400.00, 12.00, 'Traslado Bilinge al Aeropuerto Internacional CDMX T2', 'Traslado Bilinge al AICM T2', '2018-06-14 14:44:29', NULL, 168, 190, 1, 2, NULL, '2018-06-14 14:44:29', '2018-06-14 19:03:32'),(854, 28, 400.00, 9.00, 500.00, 12.00, 'Recepcin Bilinge en el Aeropuerto Internacional CDMX T1', 'Recepcin Bilinge en el AICM T1', '2018-06-14 14:46:55', NULL, 168, 190, 1, 2, NULL, '2018-06-14 14:46:55', '2018-06-14 19:03:32'),(855, 28, 400.00, 9.00, 500.00, 12.00, 'Recepcin Bilinge en el Aeropuerto Iinternacional CDMX T2', 'Recepcin Bilinge en el AICM T2', '2018-06-14 14:47:49', NULL, 168, 190, 1, 2, NULL, '2018-06-14 14:47:49', '2018-06-14 19:03:32'),(856, 28, 240.00, 9.00, 280.00, 12.00, 'Traslado Bilinge a la Terminal de Autobuses Central del Norte', 'Traslado Bilinge a la Terminal de Autobuses Central del Norte', '2018-06-14 14:49:13', NULL, 168, 190, 1, 2, NULL, '2018-06-14 14:49:13', '2018-06-14 19:03:33'),(857, 28, 280.00, 9.00, 320.00, 12.00, 'Traslado Bilinge a la Terminal de Autobuses de Pasajeros Oriente (TAPO)', 'Traslado Bilinge a la Terminal de Autobuses de Pasajeros Oriente (TAPO)', '2018-06-14 14:50:33', NULL, 168, 190, 1, 2, NULL, '2018-06-14 14:50:33', '2018-06-14 19:03:33'),(858, 28, 310.00, 9.00, 350.00, 12.00, 'Traslado Bilinge a la Terminal de Autobuses Central del Sur (Taxquea)', 'Traslado Bilinge a la Terminal de Autobuses Central del Sur (Taxquea)', '2018-06-14 14:51:43', NULL, 168, 190, 1, 2, NULL, '2018-06-14 14:51:43', '2018-06-14 19:03:33'),(859, 28, 200.00, 9.00, 230.00, 12.00, 'Traslado Bilinge a la Terminal Central de Autobuses Poniente', 'Traslado Bilinge a la Terminal Central de Autobuses Poniente', '2018-06-14 14:52:32', NULL, 168, 190, 1, 2, NULL, '2018-06-14 14:52:32', '2018-06-14 19:03:34'),(860, 28, 400.00, 9.00, 500.00, 12.00, 'Traslado Bilinge al Aeropuerto Internacional CDMX T1 Origen Santa F', 'Traslado Bilinge al AICM T1 Origen Santa F', '2018-06-14 14:55:26', NULL, 168, 190, 1, 2, NULL, '2018-06-14 14:55:26', '2018-06-14 19:03:34'),(861, 28, 400.00, 9.00, 500.00, 12.00, 'Traslado Bilinge al AICM T2 Origen Santa F', 'Traslado Bilinge al AICM T2 Origen Santa F', '2018-06-14 14:56:08', NULL, 168, 190, 1, 2, NULL, '2018-06-14 14:56:08', '2018-06-14 19:03:34'),(862, 28, 500.00, 9.00, 600.00, 12.00, 'Recepcin Bilinge en el AICM T1 destino Santa F', 'Recepcin Bilinge en el AICM T1 destino Santa F', '2018-06-14 15:03:46', NULL, 168, 190, 1, 2, NULL, '2018-06-14 15:03:46', '2018-06-14 19:03:35'),(863, 28, 500.00, 9.00, 600.00, 12.00, 'Recepcin Bilinge en el AICM T2 destino Santa F', 'Recepcin Bilinge en el AICM T2 destino Santa F', '2018-06-14 15:04:22', NULL, 168, 190, 1, 2, NULL, '2018-06-14 15:04:22', '2018-06-14 19:03:35'),(864, 28, 650.00, 9.00, 800.00, 12.00, 'Traslado Bilinge al Aeropuerto Internacional de Toluca origen Polanco', 'Traslado Bilinge al Aeropuerto Internacional de Toluca', '2018-06-14 15:10:28', NULL, 168, 190, 1, 2, NULL, '2018-06-14 15:10:28', '2018-06-14 19:03:35'),(865, 28, 800.00, 9.00, 1000.00, 12.00, 'Recepcin Bilinge AICM T1 o T2 destino Aeropuerto Internacional Toluca', 'Recepcin Bilinge AICM T1 o T2 destino Aeropuerto Internacional Toluca', '2018-06-14 15:11:07', NULL, 168, 190, 1, 2, NULL, '2018-06-14 15:11:07', '2018-06-14 19:03:36'),(866, 28, 45.00, 8.00, 60.00, 10.00, 'Tarifa bsica para viajes en espaol para servicios no tabulados', 'Tarifa predeterminada', '2018-06-14 15:17:33', NULL, 168, 189, 0, 2, NULL, '2018-06-14 15:17:33', '2018-06-14 19:03:36'),(867, 28, 130.00, 9.00, 140.00, 12.00, 'Tarifa para viajes bilinges no tabulados', 'Tarifa viajes bilinges', '2018-06-14 15:20:18', NULL, 168, 190, 0, 2, NULL, '2018-06-14 15:20:18', '2018-06-14 19:03:36'),(868, 28, 45.00, 8.00, 65.00, 11.00, 'Traslados forneos para servicios no tabulados', 'Tarifa forneos', '2018-06-14 18:56:13', NULL, 168, 268, 0, 2, NULL, '2018-06-14 18:56:13', '2018-06-14 19:03:37'),(869, 29, 250.00, 8.00, 300.00, 10.00, 'Traslado al Aeropuerto Internacional CDMX T1', 'Traslado al AICM T1', '2018-06-14 13:39:33', NULL, 168, 191, 1, 2, NULL, '2018-06-14 13:39:33', '2018-06-14 19:03:27'),(870, 29, 250.00, 8.00, 300.00, 10.00, 'Traslado al Aeropuerto Internacional CDMX T2', 'Traslado al AICM T2', '2018-06-14 13:40:31', NULL, 168, 191, 1, 2, NULL, '2018-06-14 13:40:31', '2018-06-14 19:03:27'),(871, 29, 300.00, 8.00, 400.00, 10.00, 'Recepcin en el Aeropuerto Internacional CDMX T1', 'Recepcin en el AICM T1', '2018-06-14 13:46:20', NULL, 168, 191, 1, 2, NULL, '2018-06-14 13:46:20', '2018-06-14 19:03:27'),(872, 29, 300.00, 8.00, 400.00, 10.00, 'Recepcin en el Aeropuerto Internacional CDMX T2', 'Recepcin en el AICM T2', '2018-06-14 13:47:15', NULL, 168, 191, 1, 2, NULL, '2018-06-14 13:47:15', '2018-06-14 19:03:28'),(873, 29, 160.00, 8.00, 1.80, 10.00, 'Traslado a la Terminal de Autobuses Central del Norte', 'Traslado a la Terminal de Autobuses Central del Norte', '2018-06-14 14:12:58', NULL, 168, 191, 1, 2, NULL, '2018-06-14 14:12:58', '2018-06-14 19:03:28'),(874, 29, 200.00, 8.00, 220.00, 10.00, 'Traslado a la Terminal de Autobuses de Pasajeros Oriente (TAPO)', 'Traslado a la Terminal de Autobuses de Pasajeros Oriente (TAPO)', '2018-06-14 14:16:35', NULL, 168, 191, 1, 2, NULL, '2018-06-14 14:16:35', '2018-06-14 19:03:28'),(875, 29, 230.00, 8.00, 250.00, 10.00, 'Traslado a la Terminal de Autobuses Central del Sur (Taxquea)', 'Traslado a la Terminal de Autobuses Central del Sur (Taxquea)', '2018-06-14 14:19:12', NULL, 168, 191, 1, 2, NULL, '2018-06-14 14:19:12', '2018-06-14 19:03:29'),(876, 29, 100.00, 8.00, 130.00, 10.00, 'Traslado a la Terminal Central de Autobuses Poniente', 'Traslado a la Terminal Central de Autobuses Poniente', '2018-06-14 14:21:01', NULL, 168, 191, 1, 2, NULL, '2018-06-14 14:21:01', '2018-06-14 19:03:29'),(877, 29, 350.00, 8.00, 400.00, 10.00, 'Traslado al Aeropuerto Internacional CDMX T1 Origen Santa F', 'Traslado al AICM T1 Origen Santa F', '2018-06-14 14:23:27', NULL, 168, 191, 1, 2, NULL, '2018-06-14 14:23:27', '2018-06-14 19:03:29'),(878, 29, 350.00, 8.00, 400.00, 10.00, 'Traslado al Aeropuerto Internacional CDMX Origen Santa F', 'Traslado al AICM T2 Origen Santa F', '2018-06-14 14:24:55', NULL, 168, 191, 1, 2, NULL, '2018-06-14 14:24:55', '2018-06-14 19:03:30'),(879, 29, 400.00, 8.00, 500.00, 10.00, 'Recepcin en el Aeropuerto Internacional CDMX T1 destino a Santa F', 'Recepcin en el AICM T1 Destino a Santa F', '2018-06-14 14:26:33', NULL, 168, 191, 1, 2, NULL, '2018-06-14 14:26:33', '2018-06-14 19:03:30'),(880, 29, 400.00, 8.00, 500.00, 10.00, 'Recepcin en el Aeropuerto Internacional CDMX destino a Santa F', 'Recepcin en el AICM T2 Destino a Santa F', '2018-06-14 14:27:34', NULL, 168, 191, 1, 2, NULL, '2018-06-14 14:27:34', '2018-06-14 19:03:30'),(881, 29, 550.00, 8.00, 600.00, 10.00, 'Traslado al Aeropuerto Internacional de Toluca origen Polanco', 'Traslado al Aeropuerto Internacional de Toluca', '2018-06-14 14:29:37', NULL, 168, 191, 1, 2, NULL, '2018-06-14 14:29:37', '2018-06-14 19:03:31'),(882, 29, 700.00, 8.00, 800.00, 11.00, 'Recepcin AICM T1 o T2 destino Aeropuerto Internacional Toluca', 'Recepcin AICM T1 o T2 destino Aeropuerto Internacional Toluca', '2018-06-14 14:31:11', NULL, 168, 191, 1, 2, NULL, '2018-06-14 14:31:11', '2018-06-14 19:03:31'),(883, 29, 350.00, 9.00, 400.00, 12.00, 'Traslado Bilinge al Aeropuerto Internacional CDMX T1', 'Traslado Bilinge al AICM T1', '2018-06-14 14:39:34', NULL, 168, 190, 1, 2, NULL, '2018-06-14 14:39:34', '2018-06-14 19:03:31'),(884, 29, 350.00, 9.00, 400.00, 12.00, 'Traslado Bilinge al Aeropuerto Internacional CDMX T2', 'Traslado Bilinge al AICM T2', '2018-06-14 14:44:29', NULL, 168, 190, 1, 2, NULL, '2018-06-14 14:44:29', '2018-06-14 19:03:32'),(885, 29, 400.00, 9.00, 500.00, 12.00, 'Recepcin Bilinge en el Aeropuerto Internacional CDMX T1', 'Recepcin Bilinge en el AICM T1', '2018-06-14 14:46:55', NULL, 168, 190, 1, 2, NULL, '2018-06-14 14:46:55', '2018-06-14 19:03:32'),(886, 29, 400.00, 9.00, 500.00, 12.00, 'Recepcin Bilinge en el Aeropuerto Iinternacional CDMX T2', 'Recepcin Bilinge en el AICM T2', '2018-06-14 14:47:49', NULL, 168, 190, 1, 2, NULL, '2018-06-14 14:47:49', '2018-06-14 19:03:32'),(887, 29, 240.00, 9.00, 280.00, 12.00, 'Traslado Bilinge a la Terminal de Autobuses Central del Norte', 'Traslado Bilinge a la Terminal de Autobuses Central del Norte', '2018-06-14 14:49:13', NULL, 168, 190, 1, 2, NULL, '2018-06-14 14:49:13', '2018-06-14 19:03:33'),(888, 29, 280.00, 9.00, 320.00, 12.00, 'Traslado Bilinge a la Terminal de Autobuses de Pasajeros Oriente (TAPO)', 'Traslado Bilinge a la Terminal de Autobuses de Pasajeros Oriente (TAPO)', '2018-06-14 14:50:33', NULL, 168, 190, 1, 2, NULL, '2018-06-14 14:50:33', '2018-06-14 19:03:33'),(889, 29, 310.00, 9.00, 350.00, 12.00, 'Traslado Bilinge a la Terminal de Autobuses Central del Sur (Taxquea)', 'Traslado Bilinge a la Terminal de Autobuses Central del Sur (Taxquea)', '2018-06-14 14:51:43', NULL, 168, 190, 1, 2, NULL, '2018-06-14 14:51:43', '2018-06-14 19:03:33'),(890, 29, 200.00, 9.00, 230.00, 12.00, 'Traslado Bilinge a la Terminal Central de Autobuses Poniente', 'Traslado Bilinge a la Terminal Central de Autobuses Poniente', '2018-06-14 14:52:32', NULL, 168, 190, 1, 2, NULL, '2018-06-14 14:52:32', '2018-06-14 19:03:34'),(891, 29, 400.00, 9.00, 500.00, 12.00, 'Traslado Bilinge al Aeropuerto Internacional CDMX T1 Origen Santa F', 'Traslado Bilinge al AICM T1 Origen Santa F', '2018-06-14 14:55:26', NULL, 168, 190, 1, 2, NULL, '2018-06-14 14:55:26', '2018-06-14 19:03:34'),(892, 29, 400.00, 9.00, 500.00, 12.00, 'Traslado Bilinge al AICM T2 Origen Santa F', 'Traslado Bilinge al AICM T2 Origen Santa F', '2018-06-14 14:56:08', NULL, 168, 190, 1, 2, NULL, '2018-06-14 14:56:08', '2018-06-14 19:03:34'),(893, 29, 500.00, 9.00, 600.00, 12.00, 'Recepcin Bilinge en el AICM T1 destino Santa F', 'Recepcin Bilinge en el AICM T1 destino Santa F', '2018-06-14 15:03:46', NULL, 168, 190, 1, 2, NULL, '2018-06-14 15:03:46', '2018-06-14 19:03:35'),(894, 29, 500.00, 9.00, 600.00, 12.00, 'Recepcin Bilinge en el AICM T2 destino Santa F', 'Recepcin Bilinge en el AICM T2 destino Santa F', '2018-06-14 15:04:22', NULL, 168, 190, 1, 2, NULL, '2018-06-14 15:04:22', '2018-06-14 19:03:35'),(895, 29, 650.00, 9.00, 800.00, 12.00, 'Traslado Bilinge al Aeropuerto Internacional de Toluca origen Polanco', 'Traslado Bilinge al Aeropuerto Internacional de Toluca', '2018-06-14 15:10:28', NULL, 168, 190, 1, 2, NULL, '2018-06-14 15:10:28', '2018-06-14 19:03:35'),(896, 29, 800.00, 9.00, 1000.00, 12.00, 'Recepcin Bilinge AICM T1 o T2 destino Aeropuerto Internacional Toluca', 'Recepcin Bilinge AICM T1 o T2 destino Aeropuerto Internacional Toluca', '2018-06-14 15:11:07', NULL, 168, 190, 1, 2, NULL, '2018-06-14 15:11:07', '2018-06-14 19:03:36'),(897, 29, 45.00, 8.00, 60.00, 10.00, 'Tarifa bsica para viajes en espaol para servicios no tabulados', 'Tarifa predeterminada', '2018-06-14 15:17:33', NULL, 168, 189, 0, 2, NULL, '2018-06-14 15:17:33', '2018-06-14 19:03:36'),(898, 29, 130.00, 9.00, 140.00, 12.00, 'Tarifa para viajes bilinges no tabulados', 'Tarifa viajes bilinges', '2018-06-14 15:20:18', NULL, 168, 190, 0, 2, NULL, '2018-06-14 15:20:18', '2018-06-14 19:03:36'),(899, 29, 45.00, 8.00, 65.00, 11.00, 'Traslados forneos para servicios no tabulados', 'Tarifa forneos', '2018-06-14 18:56:13', NULL, 168, 268, 0, 2, NULL, '2018-06-14 18:56:13', '2018-06-14 19:03:37'),(900, 30, 250.00, 8.00, 300.00, 10.00, 'Traslado al Aeropuerto Internacional CDMX T1', 'Traslado al AICM T1', '2018-06-14 13:39:33', NULL, 168, 191, 1, 2, NULL, '2018-06-14 13:39:33', '2018-06-14 19:03:27'),(901, 30, 250.00, 8.00, 300.00, 10.00, 'Traslado al Aeropuerto Internacional CDMX T2', 'Traslado al AICM T2', '2018-06-14 13:40:31', NULL, 168, 191, 1, 2, NULL, '2018-06-14 13:40:31', '2018-06-14 19:03:27'),(902, 30, 300.00, 8.00, 400.00, 10.00, 'Recepcin en el Aeropuerto Internacional CDMX T1', 'Recepcin en el AICM T1', '2018-06-14 13:46:20', NULL, 168, 191, 1, 2, NULL, '2018-06-14 13:46:20', '2018-06-14 19:03:27'),(903, 30, 300.00, 8.00, 400.00, 10.00, 'Recepcin en el Aeropuerto Internacional CDMX T2', 'Recepcin en el AICM T2', '2018-06-14 13:47:15', NULL, 168, 191, 1, 2, NULL, '2018-06-14 13:47:15', '2018-06-14 19:03:28'),(904, 30, 160.00, 8.00, 1.80, 10.00, 'Traslado a la Terminal de Autobuses Central del Norte', 'Traslado a la Terminal de Autobuses Central del Norte', '2018-06-14 14:12:58', NULL, 168, 191, 1, 2, NULL, '2018-06-14 14:12:58', '2018-06-14 19:03:28'),(905, 30, 200.00, 8.00, 220.00, 10.00, 'Traslado a la Terminal de Autobuses de Pasajeros Oriente (TAPO)', 'Traslado a la Terminal de Autobuses de Pasajeros Oriente (TAPO)', '2018-06-14 14:16:35', NULL, 168, 191, 1, 2, NULL, '2018-06-14 14:16:35', '2018-06-14 19:03:28'),(906, 30, 230.00, 8.00, 250.00, 10.00, 'Traslado a la Terminal de Autobuses Central del Sur (Taxquea)', 'Traslado a la Terminal de Autobuses Central del Sur (Taxquea)', '2018-06-14 14:19:12', NULL, 168, 191, 1, 2, NULL, '2018-06-14 14:19:12', '2018-06-14 19:03:29'),(907, 30, 100.00, 8.00, 130.00, 10.00, 'Traslado a la Terminal Central de Autobuses Poniente', 'Traslado a la Terminal Central de Autobuses Poniente', '2018-06-14 14:21:01', NULL, 168, 191, 1, 2, NULL, '2018-06-14 14:21:01', '2018-06-14 19:03:29'),(908, 30, 350.00, 8.00, 400.00, 10.00, 'Traslado al Aeropuerto Internacional CDMX T1 Origen Santa F', 'Traslado al AICM T1 Origen Santa F', '2018-06-14 14:23:27', NULL, 168, 191, 1, 2, NULL, '2018-06-14 14:23:27', '2018-06-14 19:03:29'),(909, 30, 350.00, 8.00, 400.00, 10.00, 'Traslado al Aeropuerto Internacional CDMX Origen Santa F', 'Traslado al AICM T2 Origen Santa F', '2018-06-14 14:24:55', NULL, 168, 191, 1, 2, NULL, '2018-06-14 14:24:55', '2018-06-14 19:03:30'),(910, 30, 400.00, 8.00, 500.00, 10.00, 'Recepcin en el Aeropuerto Internacional CDMX T1 destino a Santa F', 'Recepcin en el AICM T1 Destino a Santa F', '2018-06-14 14:26:33', NULL, 168, 191, 1, 2, NULL, '2018-06-14 14:26:33', '2018-06-14 19:03:30'),(911, 30, 400.00, 8.00, 500.00, 10.00, 'Recepcin en el Aeropuerto Internacional CDMX destino a Santa F', 'Recepcin en el AICM T2 Destino a Santa F', '2018-06-14 14:27:34', NULL, 168, 191, 1, 2, NULL, '2018-06-14 14:27:34', '2018-06-14 19:03:30'),(912, 30, 550.00, 8.00, 600.00, 10.00, 'Traslado al Aeropuerto Internacional de Toluca origen Polanco', 'Traslado al Aeropuerto Internacional de Toluca', '2018-06-14 14:29:37', NULL, 168, 191, 1, 2, NULL, '2018-06-14 14:29:37', '2018-06-14 19:03:31'),(913, 30, 700.00, 8.00, 800.00, 11.00, 'Recepcin AICM T1 o T2 destino Aeropuerto Internacional Toluca', 'Recepcin AICM T1 o T2 destino Aeropuerto Internacional Toluca', '2018-06-14 14:31:11', NULL, 168, 191, 1, 2, NULL, '2018-06-14 14:31:11', '2018-06-14 19:03:31'),(914, 30, 350.00, 9.00, 400.00, 12.00, 'Traslado Bilinge al Aeropuerto Internacional CDMX T1', 'Traslado Bilinge al AICM T1', '2018-06-14 14:39:34', NULL, 168, 190, 1, 2, NULL, '2018-06-14 14:39:34', '2018-06-14 19:03:31'),(915, 30, 350.00, 9.00, 400.00, 12.00, 'Traslado Bilinge al Aeropuerto Internacional CDMX T2', 'Traslado Bilinge al AICM T2', '2018-06-14 14:44:29', NULL, 168, 190, 1, 2, NULL, '2018-06-14 14:44:29', '2018-06-14 19:03:32'),(916, 30, 400.00, 9.00, 500.00, 12.00, 'Recepcin Bilinge en el Aeropuerto Internacional CDMX T1', 'Recepcin Bilinge en el AICM T1', '2018-06-14 14:46:55', NULL, 168, 190, 1, 2, NULL, '2018-06-14 14:46:55', '2018-06-14 19:03:32'),(917, 30, 400.00, 9.00, 500.00, 12.00, 'Recepcin Bilinge en el Aeropuerto Iinternacional CDMX T2', 'Recepcin Bilinge en el AICM T2', '2018-06-14 14:47:49', NULL, 168, 190, 1, 2, NULL, '2018-06-14 14:47:49', '2018-06-14 19:03:32'),(918, 30, 240.00, 9.00, 280.00, 12.00, 'Traslado Bilinge a la Terminal de Autobuses Central del Norte', 'Traslado Bilinge a la Terminal de Autobuses Central del Norte', '2018-06-14 14:49:13', NULL, 168, 190, 1, 2, NULL, '2018-06-14 14:49:13', '2018-06-14 19:03:33'),(919, 30, 280.00, 9.00, 320.00, 12.00, 'Traslado Bilinge a la Terminal de Autobuses de Pasajeros Oriente (TAPO)', 'Traslado Bilinge a la Terminal de Autobuses de Pasajeros Oriente (TAPO)', '2018-06-14 14:50:33', NULL, 168, 190, 1, 2, NULL, '2018-06-14 14:50:33', '2018-06-14 19:03:33'),(920, 30, 310.00, 9.00, 350.00, 12.00, 'Traslado Bilinge a la Terminal de Autobuses Central del Sur (Taxquea)', 'Traslado Bilinge a la Terminal de Autobuses Central del Sur (Taxquea)', '2018-06-14 14:51:43', NULL, 168, 190, 1, 2, NULL, '2018-06-14 14:51:43', '2018-06-14 19:03:33'),(921, 30, 200.00, 9.00, 230.00, 12.00, 'Traslado Bilinge a la Terminal Central de Autobuses Poniente', 'Traslado Bilinge a la Terminal Central de Autobuses Poniente', '2018-06-14 14:52:32', NULL, 168, 190, 1, 2, NULL, '2018-06-14 14:52:32', '2018-06-14 19:03:34'),(922, 30, 400.00, 9.00, 500.00, 12.00, 'Traslado Bilinge al Aeropuerto Internacional CDMX T1 Origen Santa F', 'Traslado Bilinge al AICM T1 Origen Santa F', '2018-06-14 14:55:26', NULL, 168, 190, 1, 2, NULL, '2018-06-14 14:55:26', '2018-06-14 19:03:34'),(923, 30, 400.00, 9.00, 500.00, 12.00, 'Traslado Bilinge al AICM T2 Origen Santa F', 'Traslado Bilinge al AICM T2 Origen Santa F', '2018-06-14 14:56:08', NULL, 168, 190, 1, 2, NULL, '2018-06-14 14:56:08', '2018-06-14 19:03:34'),(924, 30, 500.00, 9.00, 600.00, 12.00, 'Recepcin Bilinge en el AICM T1 destino Santa F', 'Recepcin Bilinge en el AICM T1 destino Santa F', '2018-06-14 15:03:46', NULL, 168, 190, 1, 2, NULL, '2018-06-14 15:03:46', '2018-06-14 19:03:35'),(925, 30, 500.00, 9.00, 600.00, 12.00, 'Recepcin Bilinge en el AICM T2 destino Santa F', 'Recepcin Bilinge en el AICM T2 destino Santa F', '2018-06-14 15:04:22', NULL, 168, 190, 1, 2, NULL, '2018-06-14 15:04:22', '2018-06-14 19:03:35'),(926, 30, 650.00, 9.00, 800.00, 12.00, 'Traslado Bilinge al Aeropuerto Internacional de Toluca origen Polanco', 'Traslado Bilinge al Aeropuerto Internacional de Toluca', '2018-06-14 15:10:28', NULL, 168, 190, 1, 2, NULL, '2018-06-14 15:10:28', '2018-06-14 19:03:35'),(927, 30, 800.00, 9.00, 1000.00, 12.00, 'Recepcin Bilinge AICM T1 o T2 destino Aeropuerto Internacional Toluca', 'Recepcin Bilinge AICM T1 o T2 destino Aeropuerto Internacional Toluca', '2018-06-14 15:11:07', NULL, 168, 190, 1, 2, NULL, '2018-06-14 15:11:07', '2018-06-14 19:03:36'),(928, 30, 45.00, 8.00, 60.00, 10.00, 'Tarifa bsica para viajes en espaol para servicios no tabulados', 'Tarifa predeterminada', '2018-06-14 15:17:33', NULL, 168, 189, 0, 2, NULL, '2018-06-14 15:17:33', '2018-06-14 19:03:36'),(929, 30, 130.00, 9.00, 140.00, 12.00, 'Tarifa para viajes bilinges no tabulados', 'Tarifa viajes bilinges', '2018-06-14 15:20:18', NULL, 168, 190, 0, 2, NULL, '2018-06-14 15:20:18', '2018-06-14 19:03:36'),(930, 30, 45.00, 8.00, 65.00, 11.00, 'Traslados forneos para servicios no tabulados', 'Tarifa forneos', '2018-06-14 18:56:13', NULL, 168, 268, 0, 2, NULL, '2018-06-14 18:56:13', '2018-06-14 19:03:37'),(931, 31, 250.00, 8.00, 300.00, 10.00, 'Traslado al Aeropuerto Internacional CDMX T1', 'Traslado al AICM T1', '2018-06-14 13:39:33', NULL, 168, 191, 1, 2, NULL, '2018-06-14 13:39:33', '2018-06-14 19:03:27'),(932, 31, 250.00, 8.00, 300.00, 10.00, 'Traslado al Aeropuerto Internacional CDMX T2', 'Traslado al AICM T2', '2018-06-14 13:40:31', NULL, 168, 191, 1, 2, NULL, '2018-06-14 13:40:31', '2018-06-14 19:03:27'),(933, 31, 300.00, 8.00, 400.00, 10.00, 'Recepcin en el Aeropuerto Internacional CDMX T1', 'Recepcin en el AICM T1', '2018-06-14 13:46:20', NULL, 168, 191, 1, 2, NULL, '2018-06-14 13:46:20', '2018-06-14 19:03:27'),(934, 31, 300.00, 8.00, 400.00, 10.00, 'Recepcin en el Aeropuerto Internacional CDMX T2', 'Recepcin en el AICM T2', '2018-06-14 13:47:15', NULL, 168, 191, 1, 2, NULL, '2018-06-14 13:47:15', '2018-06-14 19:03:28'),(935, 31, 160.00, 8.00, 1.80, 10.00, 'Traslado a la Terminal de Autobuses Central del Norte', 'Traslado a la Terminal de Autobuses Central del Norte', '2018-06-14 14:12:58', NULL, 168, 191, 1, 2, NULL, '2018-06-14 14:12:58', '2018-06-14 19:03:28'),(936, 31, 200.00, 8.00, 220.00, 10.00, 'Traslado a la Terminal de Autobuses de Pasajeros Oriente (TAPO)', 'Traslado a la Terminal de Autobuses de Pasajeros Oriente (TAPO)', '2018-06-14 14:16:35', NULL, 168, 191, 1, 2, NULL, '2018-06-14 14:16:35', '2018-06-14 19:03:28'),(937, 31, 230.00, 8.00, 250.00, 10.00, 'Traslado a la Terminal de Autobuses Central del Sur (Taxquea)', 'Traslado a la Terminal de Autobuses Central del Sur (Taxquea)', '2018-06-14 14:19:12', NULL, 168, 191, 1, 2, NULL, '2018-06-14 14:19:12', '2018-06-14 19:03:29'),(938, 31, 100.00, 8.00, 130.00, 10.00, 'Traslado a la Terminal Central de Autobuses Poniente', 'Traslado a la Terminal Central de Autobuses Poniente', '2018-06-14 14:21:01', NULL, 168, 191, 1, 2, NULL, '2018-06-14 14:21:01', '2018-06-14 19:03:29'),(939, 31, 350.00, 8.00, 400.00, 10.00, 'Traslado al Aeropuerto Internacional CDMX T1 Origen Santa F', 'Traslado al AICM T1 Origen Santa F', '2018-06-14 14:23:27', NULL, 168, 191, 1, 2, NULL, '2018-06-14 14:23:27', '2018-06-14 19:03:29'),(940, 31, 350.00, 8.00, 400.00, 10.00, 'Traslado al Aeropuerto Internacional CDMX Origen Santa F', 'Traslado al AICM T2 Origen Santa F', '2018-06-14 14:24:55', NULL, 168, 191, 1, 2, NULL, '2018-06-14 14:24:55', '2018-06-14 19:03:30'),(941, 31, 400.00, 8.00, 500.00, 10.00, 'Recepcin en el Aeropuerto Internacional CDMX T1 destino a Santa F', 'Recepcin en el AICM T1 Destino a Santa F', '2018-06-14 14:26:33', NULL, 168, 191, 1, 2, NULL, '2018-06-14 14:26:33', '2018-06-14 19:03:30'),(942, 31, 400.00, 8.00, 500.00, 10.00, 'Recepcin en el Aeropuerto Internacional CDMX destino a Santa F', 'Recepcin en el AICM T2 Destino a Santa F', '2018-06-14 14:27:34', NULL, 168, 191, 1, 2, NULL, '2018-06-14 14:27:34', '2018-06-14 19:03:30'),(943, 31, 550.00, 8.00, 600.00, 10.00, 'Traslado al Aeropuerto Internacional de Toluca origen Polanco', 'Traslado al Aeropuerto Internacional de Toluca', '2018-06-14 14:29:37', NULL, 168, 191, 1, 2, NULL, '2018-06-14 14:29:37', '2018-06-14 19:03:31'),(944, 31, 700.00, 8.00, 800.00, 11.00, 'Recepcin AICM T1 o T2 destino Aeropuerto Internacional Toluca', 'Recepcin AICM T1 o T2 destino Aeropuerto Internacional Toluca', '2018-06-14 14:31:11', NULL, 168, 191, 1, 2, NULL, '2018-06-14 14:31:11', '2018-06-14 19:03:31'),(945, 31, 350.00, 9.00, 400.00, 12.00, 'Traslado Bilinge al Aeropuerto Internacional CDMX T1', 'Traslado Bilinge al AICM T1', '2018-06-14 14:39:34', NULL, 168, 190, 1, 2, NULL, '2018-06-14 14:39:34', '2018-06-14 19:03:31'),(946, 31, 350.00, 9.00, 400.00, 12.00, 'Traslado Bilinge al Aeropuerto Internacional CDMX T2', 'Traslado Bilinge al AICM T2', '2018-06-14 14:44:29', NULL, 168, 190, 1, 2, NULL, '2018-06-14 14:44:29', '2018-06-14 19:03:32'),(947, 31, 400.00, 9.00, 500.00, 12.00, 'Recepcin Bilinge en el Aeropuerto Internacional CDMX T1', 'Recepcin Bilinge en el AICM T1', '2018-06-14 14:46:55', NULL, 168, 190, 1, 2, NULL, '2018-06-14 14:46:55', '2018-06-14 19:03:32'),(948, 31, 400.00, 9.00, 500.00, 12.00, 'Recepcin Bilinge en el Aeropuerto Iinternacional CDMX T2', 'Recepcin Bilinge en el AICM T2', '2018-06-14 14:47:49', NULL, 168, 190, 1, 2, NULL, '2018-06-14 14:47:49', '2018-06-14 19:03:32'),(949, 31, 240.00, 9.00, 280.00, 12.00, 'Traslado Bilinge a la Terminal de Autobuses Central del Norte', 'Traslado Bilinge a la Terminal de Autobuses Central del Norte', '2018-06-14 14:49:13', NULL, 168, 190, 1, 2, NULL, '2018-06-14 14:49:13', '2018-06-14 19:03:33'),(950, 31, 280.00, 9.00, 320.00, 12.00, 'Traslado Bilinge a la Terminal de Autobuses de Pasajeros Oriente (TAPO)', 'Traslado Bilinge a la Terminal de Autobuses de Pasajeros Oriente (TAPO)', '2018-06-14 14:50:33', NULL, 168, 190, 1, 2, NULL, '2018-06-14 14:50:33', '2018-06-14 19:03:33'),(951, 31, 310.00, 9.00, 350.00, 12.00, 'Traslado Bilinge a la Terminal de Autobuses Central del Sur (Taxquea)', 'Traslado Bilinge a la Terminal de Autobuses Central del Sur (Taxquea)', '2018-06-14 14:51:43', NULL, 168, 190, 1, 2, NULL, '2018-06-14 14:51:43', '2018-06-14 19:03:33'),(952, 31, 200.00, 9.00, 230.00, 12.00, 'Traslado Bilinge a la Terminal Central de Autobuses Poniente', 'Traslado Bilinge a la Terminal Central de Autobuses Poniente', '2018-06-14 14:52:32', NULL, 168, 190, 1, 2, NULL, '2018-06-14 14:52:32', '2018-06-14 19:03:34'),(953, 31, 400.00, 9.00, 500.00, 12.00, 'Traslado Bilinge al Aeropuerto Internacional CDMX T1 Origen Santa F', 'Traslado Bilinge al AICM T1 Origen Santa F', '2018-06-14 14:55:26', NULL, 168, 190, 1, 2, NULL, '2018-06-14 14:55:26', '2018-06-14 19:03:34'),(954, 31, 400.00, 9.00, 500.00, 12.00, 'Traslado Bilinge al AICM T2 Origen Santa F', 'Traslado Bilinge al AICM T2 Origen Santa F', '2018-06-14 14:56:08', NULL, 168, 190, 1, 2, NULL, '2018-06-14 14:56:08', '2018-06-14 19:03:34'),(955, 31, 500.00, 9.00, 600.00, 12.00, 'Recepcin Bilinge en el AICM T1 destino Santa F', 'Recepcin Bilinge en el AICM T1 destino Santa F', '2018-06-14 15:03:46', NULL, 168, 190, 1, 2, NULL, '2018-06-14 15:03:46', '2018-06-14 19:03:35'),(956, 31, 500.00, 9.00, 600.00, 12.00, 'Recepcin Bilinge en el AICM T2 destino Santa F', 'Recepcin Bilinge en el AICM T2 destino Santa F', '2018-06-14 15:04:22', NULL, 168, 190, 1, 2, NULL, '2018-06-14 15:04:22', '2018-06-14 19:03:35'),(957, 31, 650.00, 9.00, 800.00, 12.00, 'Traslado Bilinge al Aeropuerto Internacional de Toluca origen Polanco', 'Traslado Bilinge al Aeropuerto Internacional de Toluca', '2018-06-14 15:10:28', NULL, 168, 190, 1, 2, NULL, '2018-06-14 15:10:28', '2018-06-14 19:03:35'),(958, 31, 800.00, 9.00, 1000.00, 12.00, 'Recepcin Bilinge AICM T1 o T2 destino Aeropuerto Internacional Toluca', 'Recepcin Bilinge AICM T1 o T2 destino Aeropuerto Internacional Toluca', '2018-06-14 15:11:07', NULL, 168, 190, 1, 2, NULL, '2018-06-14 15:11:07', '2018-06-14 19:03:36'),(959, 31, 45.00, 8.00, 60.00, 10.00, 'Tarifa bsica para viajes en espaol para servicios no tabulados', 'Tarifa predeterminada', '2018-06-14 15:17:33', NULL, 168, 189, 0, 2, NULL, '2018-06-14 15:17:33', '2018-06-14 19:03:36'),(960, 31, 130.00, 9.00, 140.00, 12.00, 'Tarifa para viajes bilinges no tabulados', 'Tarifa viajes bilinges', '2018-06-14 15:20:18', NULL, 168, 190, 0, 2, NULL, '2018-06-14 15:20:18', '2018-06-14 19:03:36'),(961, 31, 45.00, 8.00, 65.00, 11.00, 'Traslados forneos para servicios no tabulados', 'Tarifa forneos', '2018-06-14 18:56:13', NULL, 168, 268, 0, 2, NULL, '2018-06-14 18:56:13', '2018-06-14 19:03:37'),(962, 32, 250.00, 8.00, 300.00, 10.00, 'Traslado al Aeropuerto Internacional CDMX T1', 'Traslado al AICM T1', '2018-06-14 13:39:33', NULL, 168, 191, 1, 2, NULL, '2018-06-14 13:39:33', '2018-06-14 19:03:27'),(963, 32, 250.00, 8.00, 300.00, 10.00, 'Traslado al Aeropuerto Internacional CDMX T2', 'Traslado al AICM T2', '2018-06-14 13:40:31', NULL, 168, 191, 1, 2, NULL, '2018-06-14 13:40:31', '2018-06-14 19:03:27'),(964, 32, 300.00, 8.00, 400.00, 10.00, 'Recepcin en el Aeropuerto Internacional CDMX T1', 'Recepcin en el AICM T1', '2018-06-14 13:46:20', NULL, 168, 191, 1, 2, NULL, '2018-06-14 13:46:20', '2018-06-14 19:03:27'),(965, 32, 300.00, 8.00, 400.00, 10.00, 'Recepcin en el Aeropuerto Internacional CDMX T2', 'Recepcin en el AICM T2', '2018-06-14 13:47:15', NULL, 168, 191, 1, 2, NULL, '2018-06-14 13:47:15', '2018-06-14 19:03:28'),(966, 32, 160.00, 8.00, 1.80, 10.00, 'Traslado a la Terminal de Autobuses Central del Norte', 'Traslado a la Terminal de Autobuses Central del Norte', '2018-06-14 14:12:58', NULL, 168, 191, 1, 2, NULL, '2018-06-14 14:12:58', '2018-06-14 19:03:28'),(967, 32, 200.00, 8.00, 220.00, 10.00, 'Traslado a la Terminal de Autobuses de Pasajeros Oriente (TAPO)', 'Traslado a la Terminal de Autobuses de Pasajeros Oriente (TAPO)', '2018-06-14 14:16:35', NULL, 168, 191, 1, 2, NULL, '2018-06-14 14:16:35', '2018-06-14 19:03:28'),(968, 32, 230.00, 8.00, 250.00, 10.00, 'Traslado a la Terminal de Autobuses Central del Sur (Taxquea)', 'Traslado a la Terminal de Autobuses Central del Sur (Taxquea)', '2018-06-14 14:19:12', NULL, 168, 191, 1, 2, NULL, '2018-06-14 14:19:12', '2018-06-14 19:03:29'),(969, 32, 100.00, 8.00, 130.00, 10.00, 'Traslado a la Terminal Central de Autobuses Poniente', 'Traslado a la Terminal Central de Autobuses Poniente', '2018-06-14 14:21:01', NULL, 168, 191, 1, 2, NULL, '2018-06-14 14:21:01', '2018-06-14 19:03:29'),(970, 32, 350.00, 8.00, 400.00, 10.00, 'Traslado al Aeropuerto Internacional CDMX T1 Origen Santa F', 'Traslado al AICM T1 Origen Santa F', '2018-06-14 14:23:27', NULL, 168, 191, 1, 2, NULL, '2018-06-14 14:23:27', '2018-06-14 19:03:29'),(971, 32, 350.00, 8.00, 400.00, 10.00, 'Traslado al Aeropuerto Internacional CDMX Origen Santa F', 'Traslado al AICM T2 Origen Santa F', '2018-06-14 14:24:55', NULL, 168, 191, 1, 2, NULL, '2018-06-14 14:24:55', '2018-06-14 19:03:30'),(972, 32, 400.00, 8.00, 500.00, 10.00, 'Recepcin en el Aeropuerto Internacional CDMX T1 destino a Santa F', 'Recepcin en el AICM T1 Destino a Santa F', '2018-06-14 14:26:33', NULL, 168, 191, 1, 2, NULL, '2018-06-14 14:26:33', '2018-06-14 19:03:30'),(973, 32, 400.00, 8.00, 500.00, 10.00, 'Recepcin en el Aeropuerto Internacional CDMX destino a Santa F', 'Recepcin en el AICM T2 Destino a Santa F', '2018-06-14 14:27:34', NULL, 168, 191, 1, 2, NULL, '2018-06-14 14:27:34', '2018-06-14 19:03:30'),(974, 32, 550.00, 8.00, 600.00, 10.00, 'Traslado al Aeropuerto Internacional de Toluca origen Polanco', 'Traslado al Aeropuerto Internacional de Toluca', '2018-06-14 14:29:37', NULL, 168, 191, 1, 2, NULL, '2018-06-14 14:29:37', '2018-06-14 19:03:31'),(975, 32, 700.00, 8.00, 800.00, 11.00, 'Recepcin AICM T1 o T2 destino Aeropuerto Internacional Toluca', 'Recepcin AICM T1 o T2 destino Aeropuerto Internacional Toluca', '2018-06-14 14:31:11', NULL, 168, 191, 1, 2, NULL, '2018-06-14 14:31:11', '2018-06-14 19:03:31'),(976, 32, 350.00, 9.00, 400.00, 12.00, 'Traslado Bilinge al Aeropuerto Internacional CDMX T1', 'Traslado Bilinge al AICM T1', '2018-06-14 14:39:34', NULL, 168, 190, 1, 2, NULL, '2018-06-14 14:39:34', '2018-06-14 19:03:31'),(977, 32, 350.00, 9.00, 400.00, 12.00, 'Traslado Bilinge al Aeropuerto Internacional CDMX T2', 'Traslado Bilinge al AICM T2', '2018-06-14 14:44:29', NULL, 168, 190, 1, 2, NULL, '2018-06-14 14:44:29', '2018-06-14 19:03:32'),(978, 32, 400.00, 9.00, 500.00, 12.00, 'Recepcin Bilinge en el Aeropuerto Internacional CDMX T1', 'Recepcin Bilinge en el AICM T1', '2018-06-14 14:46:55', NULL, 168, 190, 1, 2, NULL, '2018-06-14 14:46:55', '2018-06-14 19:03:32'),(979, 32, 400.00, 9.00, 500.00, 12.00, 'Recepcin Bilinge en el Aeropuerto Iinternacional CDMX T2', 'Recepcin Bilinge en el AICM T2', '2018-06-14 14:47:49', NULL, 168, 190, 1, 2, NULL, '2018-06-14 14:47:49', '2018-06-14 19:03:32'),(980, 32, 240.00, 9.00, 280.00, 12.00, 'Traslado Bilinge a la Terminal de Autobuses Central del Norte', 'Traslado Bilinge a la Terminal de Autobuses Central del Norte', '2018-06-14 14:49:13', NULL, 168, 190, 1, 2, NULL, '2018-06-14 14:49:13', '2018-06-14 19:03:33'),(981, 32, 280.00, 9.00, 320.00, 12.00, 'Traslado Bilinge a la Terminal de Autobuses de Pasajeros Oriente (TAPO)', 'Traslado Bilinge a la Terminal de Autobuses de Pasajeros Oriente (TAPO)', '2018-06-14 14:50:33', NULL, 168, 190, 1, 2, NULL, '2018-06-14 14:50:33', '2018-06-14 19:03:33'),(982, 32, 310.00, 9.00, 350.00, 12.00, 'Traslado Bilinge a la Terminal de Autobuses Central del Sur (Taxquea)', 'Traslado Bilinge a la Terminal de Autobuses Central del Sur (Taxquea)', '2018-06-14 14:51:43', NULL, 168, 190, 1, 2, NULL, '2018-06-14 14:51:43', '2018-06-14 19:03:33'),(983, 32, 200.00, 9.00, 230.00, 12.00, 'Traslado Bilinge a la Terminal Central de Autobuses Poniente', 'Traslado Bilinge a la Terminal Central de Autobuses Poniente', '2018-06-14 14:52:32', NULL, 168, 190, 1, 2, NULL, '2018-06-14 14:52:32', '2018-06-14 19:03:34'),(984, 32, 400.00, 9.00, 500.00, 12.00, 'Traslado Bilinge al Aeropuerto Internacional CDMX T1 Origen Santa F', 'Traslado Bilinge al AICM T1 Origen Santa F', '2018-06-14 14:55:26', NULL, 168, 190, 1, 2, NULL, '2018-06-14 14:55:26', '2018-06-14 19:03:34'),(985, 32, 400.00, 9.00, 500.00, 12.00, 'Traslado Bilinge al AICM T2 Origen Santa F', 'Traslado Bilinge al AICM T2 Origen Santa F', '2018-06-14 14:56:08', NULL, 168, 190, 1, 2, NULL, '2018-06-14 14:56:08', '2018-06-14 19:03:34'),(986, 32, 500.00, 9.00, 600.00, 12.00, 'Recepcin Bilinge en el AICM T1 destino Santa F', 'Recepcin Bilinge en el AICM T1 destino Santa F', '2018-06-14 15:03:46', NULL, 168, 190, 1, 2, NULL, '2018-06-14 15:03:46', '2018-06-14 19:03:35'),(987, 32, 500.00, 9.00, 600.00, 12.00, 'Recepcin Bilinge en el AICM T2 destino Santa F', 'Recepcin Bilinge en el AICM T2 destino Santa F', '2018-06-14 15:04:22', NULL, 168, 190, 1, 2, NULL, '2018-06-14 15:04:22', '2018-06-14 19:03:35'),(988, 32, 650.00, 9.00, 800.00, 12.00, 'Traslado Bilinge al Aeropuerto Internacional de Toluca origen Polanco', 'Traslado Bilinge al Aeropuerto Internacional de Toluca', '2018-06-14 15:10:28', NULL, 168, 190, 1, 2, NULL, '2018-06-14 15:10:28', '2018-06-14 19:03:35'),(989, 32, 800.00, 9.00, 1000.00, 12.00, 'Recepcin Bilinge AICM T1 o T2 destino Aeropuerto Internacional Toluca', 'Recepcin Bilinge AICM T1 o T2 destino Aeropuerto Internacional Toluca', '2018-06-14 15:11:07', NULL, 168, 190, 1, 2, NULL, '2018-06-14 15:11:07', '2018-06-14 19:03:36'),(990, 32, 45.00, 8.00, 60.00, 10.00, 'Tarifa bsica para viajes en espaol para servicios no tabulados', 'Tarifa predeterminada', '2018-06-14 15:17:33', NULL, 168, 189, 0, 2, NULL, '2018-06-14 15:17:33', '2018-06-14 19:03:36'),(991, 32, 130.00, 9.00, 140.00, 12.00, 'Tarifa para viajes bilinges no tabulados', 'Tarifa viajes bilinges', '2018-06-14 15:20:18', NULL, 168, 190, 0, 2, NULL, '2018-06-14 15:20:18', '2018-06-14 19:03:36'),(992, 32, 45.00, 8.00, 65.00, 11.00, 'Traslados forneos para servicios no tabulados', 'Tarifa forneos', '2018-06-14 18:56:13', NULL, 168, 268, 0, 2, NULL, '2018-06-14 18:56:13', '2018-06-14 19:03:37'),(993, 33, 250.00, 8.00, 300.00, 9.00, 'Traslado al Aeropuerto Internacional CDMX T1', 'Traslado al AICM T1', '2018-06-14 13:39:33', NULL, 168, 191, 1, 2, NULL, '2018-06-14 13:39:33', '2018-06-14 19:03:27'),(994, 33, 250.00, 8.00, 300.00, 9.00, 'Traslado al Aeropuerto Internacional CDMX T2', 'Traslado al AICM T2', '2018-06-14 13:40:31', NULL, 168, 191, 1, 2, NULL, '2018-06-14 13:40:31', '2018-06-14 19:03:27'),(995, 33, 300.00, 8.00, 400.00, 9.00, 'Recepcin en el Aeropuerto Internacional CDMX T1', 'Recepcin en el AICM T1', '2018-06-14 13:46:20', NULL, 168, 191, 1, 2, NULL, '2018-06-14 13:46:20', '2018-06-14 19:03:27'),(996, 33, 300.00, 8.00, 400.00, 9.00, 'Recepcin en el Aeropuerto Internacional CDMX T2', 'Recepcin en el AICM T2', '2018-06-14 13:47:15', NULL, 168, 191, 1, 2, NULL, '2018-06-14 13:47:15', '2018-06-14 19:03:28'),(997, 33, 160.00, 8.00, 1.80, 9.00, 'Traslado a la Terminal de Autobuses Central del Norte', 'Traslado a la Terminal de Autobuses Central del Norte', '2018-06-14 14:12:58', NULL, 168, 191, 1, 2, NULL, '2018-06-14 14:12:58', '2018-06-14 19:03:28'),(998, 33, 200.00, 8.00, 220.00, 9.00, 'Traslado a la Terminal de Autobuses de Pasajeros Oriente (TAPO)', 'Traslado a la Terminal de Autobuses de Pasajeros Oriente (TAPO)', '2018-06-14 14:16:35', NULL, 168, 191, 1, 2, NULL, '2018-06-14 14:16:35', '2018-06-14 19:03:28'),(999, 33, 230.00, 8.00, 250.00, 9.00, 'Traslado a la Terminal de Autobuses Central del Sur (Taxquea)', 'Traslado a la Terminal de Autobuses Central del Sur (Taxquea)', '2018-06-14 14:19:12', NULL, 168, 191, 1, 2, NULL, '2018-06-14 14:19:12', '2018-06-14 19:03:29'),(1000, 33, 100.00, 8.00, 130.00, 9.00, 'Traslado a la Terminal Central de Autobuses Poniente', 'Traslado a la Terminal Central de Autobuses Poniente', '2018-06-14 14:21:01', NULL, 168, 191, 1, 2, NULL, '2018-06-14 14:21:01', '2018-06-14 19:03:29'),(1001, 33, 350.00, 8.00, 400.00, 9.00, 'Traslado al Aeropuerto Internacional CDMX T1 Origen Santa F', 'Traslado al AICM T1 Origen Santa F', '2018-06-14 14:23:27', NULL, 168, 191, 1, 2, NULL, '2018-06-14 14:23:27', '2018-06-14 19:03:29'),(1002, 33, 350.00, 8.00, 400.00, 9.00, 'Traslado al Aeropuerto Internacional CDMX Origen Santa F', 'Traslado al AICM T2 Origen Santa F', '2018-06-14 14:24:55', NULL, 168, 191, 1, 2, NULL, '2018-06-14 14:24:55', '2018-06-14 19:03:30'),(1003, 33, 400.00, 8.00, 500.00, 9.00, 'Recepcin en el Aeropuerto Internacional CDMX T1 destino a Santa F', 'Recepcin en el AICM T1 Destino a Santa F', '2018-06-14 14:26:33', NULL, 168, 191, 1, 2, NULL, '2018-06-14 14:26:33', '2018-06-14 19:03:30'),(1004, 33, 400.00, 8.00, 500.00, 9.00, 'Recepcin en el Aeropuerto Internacional CDMX destino a Santa F', 'Recepcin en el AICM T2 Destino a Santa F', '2018-06-14 14:27:34', NULL, 168, 191, 1, 2, NULL, '2018-06-14 14:27:34', '2018-06-14 19:03:30'),(1005, 33, 550.00, 8.00, 600.00, 9.00, 'Traslado al Aeropuerto Internacional de Toluca origen Polanco', 'Traslado al Aeropuerto Internacional de Toluca', '2018-06-14 14:29:37', NULL, 168, 191, 1, 2, NULL, '2018-06-14 14:29:37', '2018-06-14 19:03:31'),(1006, 33, 700.00, 8.00, 950.00, 10.00, 'Recepcin AICM T1 o T2 destino Aeropuerto Internacional Toluca', 'Recepcin AICM T1 o T2 destino Aeropuerto Internacional Toluca', '2018-06-14 14:31:11', NULL, 168, 191, 1, 2, NULL, '2018-06-14 14:31:11', '2018-06-14 19:03:31'),(1007, 33, 350.00, 9.00, 400.00, 11.00, 'Traslado Bilinge al Aeropuerto Internacional CDMX T1', 'Traslado Bilinge al AICM T1', '2018-06-14 14:39:34', NULL, 168, 190, 1, 2, NULL, '2018-06-14 14:39:34', '2018-06-14 19:03:31'),(1008, 33, 350.00, 9.00, 400.00, 11.00, 'Traslado Bilinge al Aeropuerto Internacional CDMX T2', 'Traslado Bilinge al AICM T2', '2018-06-14 14:44:29', NULL, 168, 190, 1, 2, NULL, '2018-06-14 14:44:29', '2018-06-14 19:03:32'),(1009, 33, 400.00, 9.00, 500.00, 11.00, 'Recepcin Bilinge en el Aeropuerto Internacional CDMX T1', 'Recepcin Bilinge en el AICM T1', '2018-06-14 14:46:55', NULL, 168, 190, 1, 2, NULL, '2018-06-14 14:46:55', '2018-06-14 19:03:32'),(1010, 33, 400.00, 9.00, 500.00, 11.00, 'Recepcin Bilinge en el Aeropuerto Iinternacional CDMX T2', 'Recepcin Bilinge en el AICM T2', '2018-06-14 14:47:49', NULL, 168, 190, 1, 2, NULL, '2018-06-14 14:47:49', '2018-06-14 19:03:32'),(1011, 33, 240.00, 9.00, 280.00, 11.00, 'Traslado Bilinge a la Terminal de Autobuses Central del Norte', 'Traslado Bilinge a la Terminal de Autobuses Central del Norte', '2018-06-14 14:49:13', NULL, 168, 190, 1, 2, NULL, '2018-06-14 14:49:13', '2018-06-14 19:03:33'),(1012, 33, 280.00, 9.00, 320.00, 11.00, 'Traslado Bilinge a la Terminal de Autobuses de Pasajeros Oriente (TAPO)', 'Traslado Bilinge a la Terminal de Autobuses de Pasajeros Oriente (TAPO)', '2018-06-14 14:50:33', NULL, 168, 190, 1, 2, NULL, '2018-06-14 14:50:33', '2018-06-14 19:03:33'),(1013, 33, 300.00, 9.00, 350.00, 11.00, 'Traslado Bilinge a la Terminal de Autobuses Central del Sur (Taxquea)', 'Traslado Bilinge a la Terminal de Autobuses Central del Sur (Taxquea)', '2018-06-14 14:51:43', NULL, 168, 190, 1, 2, NULL, '2018-06-14 14:51:43', '2018-06-14 19:03:33'),(1014, 33, 200.00, 9.00, 230.00, 11.00, 'Traslado Bilinge a la Terminal Central de Autobuses Poniente', 'Traslado Bilinge a la Terminal Central de Autobuses Poniente', '2018-06-14 14:52:32', NULL, 168, 190, 1, 2, NULL, '2018-06-14 14:52:32', '2018-06-14 19:03:34'),(1015, 33, 400.00, 9.00, 500.00, 11.00, 'Traslado Bilinge al Aeropuerto Internacional CDMX T1 Origen Santa F', 'Traslado Bilinge al AICM T1 Origen Santa F', '2018-06-14 14:55:26', NULL, 168, 190, 1, 2, NULL, '2018-06-14 14:55:26', '2018-06-14 19:03:34'),(1016, 33, 400.00, 9.00, 500.00, 11.00, 'Traslado Bilinge al AICM T2 Origen Santa F', 'Traslado Bilinge al AICM T2 Origen Santa F', '2018-06-14 14:56:08', NULL, 168, 190, 1, 2, NULL, '2018-06-14 14:56:08', '2018-06-14 19:03:34'),(1017, 33, 500.00, 9.00, 600.00, 11.00, 'Recepcin Bilinge en el AICM T1 destino Santa F', 'Recepcin Bilinge en el AICM T1 destino Santa F', '2018-06-14 15:03:46', NULL, 168, 190, 1, 2, NULL, '2018-06-14 15:03:46', '2018-06-14 19:03:35'),(1018, 33, 500.00, 9.00, 600.00, 11.00, 'Recepcin Bilinge en el AICM T2 destino Santa F', 'Recepcin Bilinge en el AICM T2 destino Santa F', '2018-06-14 15:04:22', NULL, 168, 190, 1, 2, NULL, '2018-06-14 15:04:22', '2018-06-14 19:03:35'),(1019, 33, 750.00, 9.00, 850.00, 11.00, 'Traslado Bilinge al Aeropuerto Internacional de Toluca origen Polanco', 'Traslado Bilinge al Aeropuerto Internacional de Toluca', '2018-06-14 15:10:28', NULL, 168, 190, 1, 2, NULL, '2018-06-14 15:10:28', '2018-06-14 19:03:35'),(1020, 33, 850.00, 9.00, 950.00, 11.00, 'Recepcin Bilinge AICM T1 o T2 destino Aeropuerto Internacional Toluca', 'Recepcin Bilinge AICM T1 o T2 destino Aeropuerto Internacional Toluca', '2018-06-14 15:11:07', NULL, 168, 190, 1, 2, NULL, '2018-06-14 15:11:07', '2018-06-14 19:03:36'),(1021, 33, 45.00, 8.00, 50.00, 9.00, 'Tarifa bsica para viajes en espaol para servicios no tabulados', 'Tarifa predeterminada', '2018-06-14 15:17:33', NULL, 168, 189, 0, 2, NULL, '2018-06-14 15:17:33', '2018-06-14 19:03:36'),(1022, 33, 130.00, 9.00, 150.00, 11.00, 'Tarifa para viajes bilinges no tabulados', 'Tarifa viajes bilinges', '2018-06-14 15:20:18', NULL, 168, 190, 0, 2, NULL, '2018-06-14 15:20:18', '2018-06-14 19:03:36'),(1023, 33, 45.00, 8.00, 50.00, 10.00, 'Traslados forneos para servicios no tabulados', 'Tarifa forneos', '2018-06-14 18:56:13', NULL, 168, 268, 0, 2, NULL, '2018-06-14 18:56:13', '2018-06-14 19:03:37'),(1024, 34, 250.00, 8.00, 300.00, 9.00, 'Traslado al Aeropuerto Internacional CDMX T1', 'Traslado al AICM T1', '2018-06-14 13:39:33', NULL, 168, 191, 1, 2, NULL, '2018-06-14 13:39:33', '2018-06-14 19:03:27'),(1025, 34, 250.00, 8.00, 300.00, 9.00, 'Traslado al Aeropuerto Internacional CDMX T2', 'Traslado al AICM T2', '2018-06-14 13:40:31', NULL, 168, 191, 1, 2, NULL, '2018-06-14 13:40:31', '2018-06-14 19:03:27'),(1026, 34, 300.00, 8.00, 400.00, 9.00, 'Recepcin en el Aeropuerto Internacional CDMX T1', 'Recepcin en el AICM T1', '2018-06-14 13:46:20', NULL, 168, 191, 1, 2, NULL, '2018-06-14 13:46:20', '2018-06-14 19:03:27'),(1027, 34, 300.00, 8.00, 400.00, 9.00, 'Recepcin en el Aeropuerto Internacional CDMX T2', 'Recepcin en el AICM T2', '2018-06-14 13:47:15', NULL, 168, 191, 1, 2, NULL, '2018-06-14 13:47:15', '2018-06-14 19:03:28'),(1028, 34, 160.00, 8.00, 1.80, 9.00, 'Traslado a la Terminal de Autobuses Central del Norte', 'Traslado a la Terminal de Autobuses Central del Norte', '2018-06-14 14:12:58', NULL, 168, 191, 1, 2, NULL, '2018-06-14 14:12:58', '2018-06-14 19:03:28'),(1029, 34, 200.00, 8.00, 220.00, 9.00, 'Traslado a la Terminal de Autobuses de Pasajeros Oriente (TAPO)', 'Traslado a la Terminal de Autobuses de Pasajeros Oriente (TAPO)', '2018-06-14 14:16:35', NULL, 168, 191, 1, 2, NULL, '2018-06-14 14:16:35', '2018-06-14 19:03:28'),(1030, 34, 230.00, 8.00, 250.00, 9.00, 'Traslado a la Terminal de Autobuses Central del Sur (Taxquea)', 'Traslado a la Terminal de Autobuses Central del Sur (Taxquea)', '2018-06-14 14:19:12', NULL, 168, 191, 1, 2, NULL, '2018-06-14 14:19:12', '2018-06-14 19:03:29'),(1031, 34, 100.00, 8.00, 130.00, 9.00, 'Traslado a la Terminal Central de Autobuses Poniente', 'Traslado a la Terminal Central de Autobuses Poniente', '2018-06-14 14:21:01', NULL, 168, 191, 1, 2, NULL, '2018-06-14 14:21:01', '2018-06-14 19:03:29'),(1032, 34, 350.00, 8.00, 400.00, 9.00, 'Traslado al Aeropuerto Internacional CDMX T1 Origen Santa F', 'Traslado al AICM T1 Origen Santa F', '2018-06-14 14:23:27', NULL, 168, 191, 1, 2, NULL, '2018-06-14 14:23:27', '2018-06-14 19:03:29'),(1033, 34, 350.00, 8.00, 400.00, 9.00, 'Traslado al Aeropuerto Internacional CDMX Origen Santa F', 'Traslado al AICM T2 Origen Santa F', '2018-06-14 14:24:55', NULL, 168, 191, 1, 2, NULL, '2018-06-14 14:24:55', '2018-06-14 19:03:30'),(1034, 34, 400.00, 8.00, 500.00, 9.00, 'Recepcin en el Aeropuerto Internacional CDMX T1 destino a Santa F', 'Recepcin en el AICM T1 Destino a Santa F', '2018-06-14 14:26:33', NULL, 168, 191, 1, 2, NULL, '2018-06-14 14:26:33', '2018-06-14 19:03:30'),(1035, 34, 400.00, 8.00, 500.00, 9.00, 'Recepcin en el Aeropuerto Internacional CDMX destino a Santa F', 'Recepcin en el AICM T2 Destino a Santa F', '2018-06-14 14:27:34', NULL, 168, 191, 1, 2, NULL, '2018-06-14 14:27:34', '2018-06-14 19:03:30'),(1036, 34, 550.00, 8.00, 600.00, 9.00, 'Traslado al Aeropuerto Internacional de Toluca origen Polanco', 'Traslado al Aeropuerto Internacional de Toluca', '2018-06-14 14:29:37', NULL, 168, 191, 1, 2, NULL, '2018-06-14 14:29:37', '2018-06-14 19:03:31'),(1037, 34, 700.00, 8.00, 950.00, 10.00, 'Recepcin AICM T1 o T2 destino Aeropuerto Internacional Toluca', 'Recepcin AICM T1 o T2 destino Aeropuerto Internacional Toluca', '2018-06-14 14:31:11', NULL, 168, 191, 1, 2, NULL, '2018-06-14 14:31:11', '2018-06-14 19:03:31'),(1038, 34, 350.00, 9.00, 400.00, 11.00, 'Traslado Bilinge al Aeropuerto Internacional CDMX T1', 'Traslado Bilinge al AICM T1', '2018-06-14 14:39:34', NULL, 168, 190, 1, 2, NULL, '2018-06-14 14:39:34', '2018-06-14 19:03:31'),(1039, 34, 350.00, 9.00, 400.00, 11.00, 'Traslado Bilinge al Aeropuerto Internacional CDMX T2', 'Traslado Bilinge al AICM T2', '2018-06-14 14:44:29', NULL, 168, 190, 1, 2, NULL, '2018-06-14 14:44:29', '2018-06-14 19:03:32'),(1040, 34, 400.00, 9.00, 500.00, 11.00, 'Recepcin Bilinge en el Aeropuerto Internacional CDMX T1', 'Recepcin Bilinge en el AICM T1', '2018-06-14 14:46:55', NULL, 168, 190, 1, 2, NULL, '2018-06-14 14:46:55', '2018-06-14 19:03:32'),(1041, 34, 400.00, 9.00, 500.00, 11.00, 'Recepcin Bilinge en el Aeropuerto Iinternacional CDMX T2', 'Recepcin Bilinge en el AICM T2', '2018-06-14 14:47:49', NULL, 168, 190, 1, 2, NULL, '2018-06-14 14:47:49', '2018-06-14 19:03:32'),(1042, 34, 240.00, 9.00, 280.00, 11.00, 'Traslado Bilinge a la Terminal de Autobuses Central del Norte', 'Traslado Bilinge a la Terminal de Autobuses Central del Norte', '2018-06-14 14:49:13', NULL, 168, 190, 1, 2, NULL, '2018-06-14 14:49:13', '2018-06-14 19:03:33'),(1043, 34, 280.00, 9.00, 320.00, 11.00, 'Traslado Bilinge a la Terminal de Autobuses de Pasajeros Oriente (TAPO)', 'Traslado Bilinge a la Terminal de Autobuses de Pasajeros Oriente (TAPO)', '2018-06-14 14:50:33', NULL, 168, 190, 1, 2, NULL, '2018-06-14 14:50:33', '2018-06-14 19:03:33'),(1044, 34, 300.00, 9.00, 350.00, 11.00, 'Traslado Bilinge a la Terminal de Autobuses Central del Sur (Taxquea)', 'Traslado Bilinge a la Terminal de Autobuses Central del Sur (Taxquea)', '2018-06-14 14:51:43', NULL, 168, 190, 1, 2, NULL, '2018-06-14 14:51:43', '2018-06-14 19:03:33'),(1045, 34, 200.00, 9.00, 230.00, 11.00, 'Traslado Bilinge a la Terminal Central de Autobuses Poniente', 'Traslado Bilinge a la Terminal Central de Autobuses Poniente', '2018-06-14 14:52:32', NULL, 168, 190, 1, 2, NULL, '2018-06-14 14:52:32', '2018-06-14 19:03:34'),(1046, 34, 400.00, 9.00, 500.00, 11.00, 'Traslado Bilinge al Aeropuerto Internacional CDMX T1 Origen Santa F', 'Traslado Bilinge al AICM T1 Origen Santa F', '2018-06-14 14:55:26', NULL, 168, 190, 1, 2, NULL, '2018-06-14 14:55:26', '2018-06-14 19:03:34'),(1047, 34, 400.00, 9.00, 500.00, 11.00, 'Traslado Bilinge al AICM T2 Origen Santa F', 'Traslado Bilinge al AICM T2 Origen Santa F', '2018-06-14 14:56:08', NULL, 168, 190, 1, 2, NULL, '2018-06-14 14:56:08', '2018-06-14 19:03:34'),(1048, 34, 500.00, 9.00, 600.00, 11.00, 'Recepcin Bilinge en el AICM T1 destino Santa F', 'Recepcin Bilinge en el AICM T1 destino Santa F', '2018-06-14 15:03:46', NULL, 168, 190, 1, 2, NULL, '2018-06-14 15:03:46', '2018-06-14 19:03:35'),(1049, 34, 500.00, 9.00, 600.00, 11.00, 'Recepcin Bilinge en el AICM T2 destino Santa F', 'Recepcin Bilinge en el AICM T2 destino Santa F', '2018-06-14 15:04:22', NULL, 168, 190, 1, 2, NULL, '2018-06-14 15:04:22', '2018-06-14 19:03:35'),(1050, 34, 750.00, 9.00, 850.00, 11.00, 'Traslado Bilinge al Aeropuerto Internacional de Toluca origen Polanco', 'Traslado Bilinge al Aeropuerto Internacional de Toluca', '2018-06-14 15:10:28', NULL, 168, 190, 1, 2, NULL, '2018-06-14 15:10:28', '2018-06-14 19:03:35'),(1051, 34, 850.00, 9.00, 950.00, 11.00, 'Recepcin Bilinge AICM T1 o T2 destino Aeropuerto Internacional Toluca', 'Recepcin Bilinge AICM T1 o T2 destino Aeropuerto Internacional Toluca', '2018-06-14 15:11:07', NULL, 168, 190, 1, 2, NULL, '2018-06-14 15:11:07', '2018-06-14 19:03:36'),(1052, 34, 45.00, 8.00, 50.00, 9.00, 'Tarifa bsica para viajes en espaol para servicios no tabulados', 'Tarifa predeterminada', '2018-06-14 15:17:33', NULL, 168, 189, 0, 2, NULL, '2018-06-14 15:17:33', '2018-06-14 19:03:36'),(1053, 34, 130.00, 9.00, 150.00, 11.00, 'Tarifa para viajes bilinges no tabulados', 'Tarifa viajes bilinges', '2018-06-14 15:20:18', NULL, 168, 190, 0, 2, NULL, '2018-06-14 15:20:18', '2018-06-14 19:03:36'),(1054, 34, 45.00, 8.00, 50.00, 10.00, 'Traslados forneos para servicios no tabulados', 'Tarifa forneos', '2018-06-14 18:56:13', NULL, 168, 268, 0, 2, NULL, '2018-06-14 18:56:13', '2018-06-14 19:03:37');
UNLOCK TABLES;
COMMIT;
BEGIN;
LOCK TABLES `centralcar`.`cm_catalogo` WRITE;
DELETE FROM `centralcar`.`cm_catalogo`;
INSERT INTO `centralcar`.`cm_catalogo` (`id_cat`,`id_padre`,`catalogo`,`etiqueta`,`activo`,`orden`,`valor`,`user_alta`,`user_mod`,`fecha_alta`,`fecha_mod`) VALUES (1, NULL, 'tipo_ubicacion', 'Oficinas Centrales', '1', 1, '', 0, 0, '0000-00-00 00:00:00', '0000-00-00 00:00:00'),(2, NULL, 'tipo_ubicacion', 'Base', '1', 2, '', 0, 0, '0000-00-00 00:00:00', '0000-00-00 00:00:00'),(3, NULL, 'status', 'Activo', '1', 1, '', 0, 0, '0000-00-00 00:00:00', '0000-00-00 00:00:00'),(4, NULL, 'status', 'Inactivo', '1', 2, '', 0, 0, '0000-00-00 00:00:00', '0000-00-00 00:00:00'),(5, NULL, 'status', 'Eliminado', '1', 3, '', 0, 0, '0000-00-00 00:00:00', '0000-00-00 00:00:00'),(6, NULL, 'eq_status', 'libre', '1', 1, '', 0, 0, '0000-00-00 00:00:00', '0000-00-00 00:00:00'),(7, NULL, 'eq_status', 'ocupado', '1', 2, '', 0, 0, '0000-00-00 00:00:00', '0000-00-00 00:00:00'),(8, NULL, 'statusoperador', 'Activo', '1', 1, '', 0, 0, '0000-00-00 00:00:00', '0000-00-00 00:00:00'),(9, NULL, 'statusoperador', 'Inactivo', '1', 2, '', 0, 0, '0000-00-00 00:00:00', '0000-00-00 00:00:00'),(10, NULL, 'statusoperador', 'Suspendido', '1', 3, '', 0, 0, '0000-00-00 00:00:00', '0000-00-00 00:00:00'),(11, NULL, 'statusoperador', 'Baja', '1', 4, '', 0, 0, '0000-00-00 00:00:00', '0000-00-00 00:00:00'),(12, NULL, 'status_oper_numeq', 'Vigente', '1', 1, '', 0, 0, '0000-00-00 00:00:00', '0000-00-00 00:00:00'),(13, NULL, 'status_oper_numeq', 'Vencido', '1', 2, '', 0, 0, '0000-00-00 00:00:00', '0000-00-00 00:00:00'),(14, NULL, 'status_unidad', 'Circulacion', '1', 1, '', 0, 0, '0000-00-00 00:00:00', '0000-00-00 00:00:00'),(15, NULL, 'status_unidad', 'Baja', '1', 2, '', 0, 0, '0000-00-00 00:00:00', '0000-00-00 00:00:00'),(16, NULL, 'tipobase', 'Fija', '1', 1, '', 0, 0, '0000-00-00 00:00:00', '0000-00-00 00:00:00'),(17, NULL, 'tipobase', 'Programada', '1', 2, '', 0, 0, '0000-00-00 00:00:00', '0000-00-00 00:00:00'),(18, NULL, 'tipocliente', 'Empresa', '1', 1, '', 0, 0, '0000-00-00 00:00:00', '0000-00-00 00:00:00'),(19, NULL, 'tipocliente', 'Departamento', '1', 2, '', 0, 0, '0000-00-00 00:00:00', '0000-00-00 00:00:00'),(20, NULL, 'tipocliente', 'Particular', '1', 3, '', 0, 0, '0000-00-00 00:00:00', '0000-00-00 00:00:00'),(21, NULL, 'statuscliente', 'Activo', '1', 1, '', 0, 0, '0000-00-00 00:00:00', '0000-00-00 00:00:00'),(22, NULL, 'statuscliente', 'Inactivo', '1', 2, '', 0, 0, '0000-00-00 00:00:00', '0000-00-00 00:00:00'),(23, NULL, 'statuscliente', 'Suspendido', '1', 3, '', 0, 0, '0000-00-00 00:00:00', '0000-00-00 00:00:00'),(24, NULL, 'statuscliente', 'Eliminado', '0', 4, '', 0, 0, '0000-00-00 00:00:00', '2015-10-02 11:31:01'),(25, NULL, 'tiporol', 'Framework', '1', 1, '', 0, 0, '0000-00-00 00:00:00', '0000-00-00 00:00:00'),(26, NULL, 'tiporol', 'Cliente', '1', 2, '', 0, 0, '0000-00-00 00:00:00', '0000-00-00 00:00:00'),(27, NULL, 'tiporol', 'Operacion', '1', 3, '', 0, 0, '0000-00-00 00:00:00', '0000-00-00 00:00:00'),(28, NULL, 'status_celular', 'Asignado', '1', 1, '', 0, 0, '0000-00-00 00:00:00', '2015-10-19 14:02:11'),(29, NULL, 'status_celular', 'Robado', '1', 3, '', 0, 0, '0000-00-00 00:00:00', '2015-10-19 14:40:58'),(30, NULL, 'status_celular', 'Sin Asignar', '1', 2, '', 0, 0, '0000-00-00 00:00:00', '2015-10-19 14:40:54'),(31, NULL, 'status_operador_celular', 'Vigente', '1', 1, '', 0, 1, '0000-00-00 00:00:00', '2016-07-01 14:44:14'),(32, NULL, 'status_operador_celular', 'No vigente', '1', 2, '', 0, 1, '0000-00-00 00:00:00', '2016-07-01 14:44:18'),(33, NULL, 'formapago', 'Efectivo', '1', 1, '', 0, 0, '0000-00-00 00:00:00', '2015-10-26 10:35:10'),(34, NULL, 'formapago', 'Vale', '1', 2, '', 0, 0, '0000-00-00 00:00:00', '2015-10-26 10:35:23'),(35, NULL, 'formapago', 'Tarjeta', '1', 3, '', 0, 0, '0000-00-00 00:00:00', '2015-10-26 10:35:32'),(36, NULL, 'clavesitio', 'A1', '1', 1, 'Destino', 0, 0, '0000-00-00 00:00:00', '2015-10-26 15:18:10'),(37, NULL, 'clavesitio', 'A2', '1', 2, 'Servicio por tiempo', 0, 0, '0000-00-00 00:00:00', '2015-10-26 15:18:10'),(38, NULL, 'clavesitio', 'A3', '1', 3, 'Mensajeria o paquetera', 0, 0, '0000-00-00 00:00:00', '2015-10-26 15:18:10'),(39, NULL, 'clavesitio', 'A4', '1', 4, 'Telefono o llamada', 0, 0, '0000-00-00 00:00:00', '2015-10-26 15:18:10'),(40, NULL, 'clavesitio', 'A5', '1', 5, 'Apartado', 0, 0, '0000-00-00 00:00:00', '2015-10-26 15:18:10'),(41, NULL, 'clavesitio', 'A6', '1', 6, 'Domicilio', 0, 0, '0000-00-00 00:00:00', '2015-10-26 15:18:10'),(42, NULL, 'clavesitio', 'A7', '1', 7, 'Enterado', 0, 0, '0000-00-00 00:00:00', '2015-10-26 15:18:10'),(43, NULL, 'clavesitio', 'A8', '1', 8, 'Ubicacion exacta', 0, 0, '0000-00-00 00:00:00', '2015-10-26 15:18:10'),(44, NULL, 'clavesitio', 'A9', '1', 9, 'Cliente', 0, 0, '0000-00-00 00:00:00', '2015-10-26 15:18:10'),(45, NULL, 'clavesitio', 'A10', '1', 10, 'Me dirijo al punto', 0, 0, '0000-00-00 00:00:00', '2015-10-26 15:18:10'),(46, NULL, 'clavesitio', 'A11', '1', 11, 'En el punto', 0, 0, '0000-00-00 00:00:00', '2015-10-26 15:18:10'),(47, NULL, 'clavesitio', 'A12', '1', 12, 'Viaje sencillo', 0, 0, '0000-00-00 00:00:00', '2015-10-26 15:18:10'),(48, NULL, 'clavesitio', 'A13', '1', 13, 'Viaje redondo', 0, 0, '0000-00-00 00:00:00', '2015-10-26 15:18:10'),(49, NULL, 'clavesitio', 'A14', '1', 14, 'Abandono de servicio', 0, 0, '0000-00-00 00:00:00', '2015-10-26 15:18:10'),(50, NULL, 'clavesitio', 'A15', '1', 15, 'Servicio por km', 0, 0, '0000-00-00 00:00:00', '2016-12-09 18:40:24'),(51, NULL, 'clavesitio', 'A16', '1', 16, 'Servicio tabulado', 0, 0, '0000-00-00 00:00:00', '2016-12-09 18:40:26'),(52, NULL, 'clavesitio', 'A17', '0', 17, 'Mensajera parcial', 0, 0, '0000-00-00 00:00:00', '2015-10-26 15:18:10'),(53, NULL, 'clavesitio', 'A18', '0', 18, 'Finalizar mensajerias', 0, 0, '0000-00-00 00:00:00', '2015-10-26 15:18:10'),(54, NULL, 'clavesitio', 'A19', '1', 19, 'Tomar apartado', 0, 0, '0000-00-00 00:00:00', '2016-12-09 19:27:34'),(55, NULL, 'clavesitio', 'A20', '0', 20, '', 0, 0, '0000-00-00 00:00:00', '2015-10-26 15:18:10'),(56, NULL, 'clavesitio', 'B1', '1', 21, 'Base KPMG', 0, 0, '0000-00-00 00:00:00', '2015-10-26 15:18:10'),(57, NULL, 'clavesitio', 'B2', '1', 22, 'Base Ejercito Nacional', 0, 0, '0000-00-00 00:00:00', '2015-10-26 15:18:10'),(58, NULL, 'clavesitio', 'B3', '1', 23, 'Fila de apartados', 0, 0, '0000-00-00 00:00:00', '2015-10-26 15:18:10'),(59, NULL, 'clavesitio', 'B4', '0', 24, '', 0, 0, '0000-00-00 00:00:00', '2015-10-26 15:18:10'),(60, NULL, 'clavesitio', 'B5', '0', 25, '', 0, 0, '0000-00-00 00:00:00', '2015-10-26 15:18:10'),(61, NULL, 'clavesitio', 'C1', '1', 26, 'Inicio de labores', 0, 0, '0000-00-00 00:00:00', '2015-10-26 15:18:10'),(62, NULL, 'clavesitio', 'C2', '1', 27, 'Fin de labores', 0, 0, '0000-00-00 00:00:00', '2015-10-26 15:18:10'),(63, NULL, 'clavesitio', 'C3', '1', 28, 'Inicio alimentos', 0, 0, '0000-00-00 00:00:00', '2015-10-26 15:18:10'),(64, NULL, 'clavesitio', 'C4', '1', 29, 'Efectivo o costo', 0, 0, '0000-00-00 00:00:00', '2015-10-26 15:18:10'),(65, NULL, 'clavesitio', 'C5', '1', 30, 'Pago con vale', 0, 0, '0000-00-00 00:00:00', '2015-10-26 15:18:10'),(66, NULL, 'clavesitio', 'C6', '1', 31, 'Servicio cancelado', 0, 0, '0000-00-00 00:00:00', '2015-10-26 15:18:10'),(67, NULL, 'clavesitio', 'C7', '1', 32, 'Policia o vigilante', 0, 0, '0000-00-00 00:00:00', '2015-10-26 15:18:10'),(68, NULL, 'clavesitio', 'C8', '1', 33, 'Servicio abordo', 0, 0, '0000-00-00 00:00:00', '2015-10-26 15:18:10'),(69, NULL, 'clavesitio', 'C9', '1', 34, 'Servicio concluido', 0, 0, '0000-00-00 00:00:00', '2015-10-26 15:18:10'),(70, NULL, 'clavesitio', 'C10', '1', 35, 'Inicio de escala', 0, 0, '0000-00-00 00:00:00', '2015-10-26 15:18:10'),(71, NULL, 'clavesitio', 'C11', '1', 36, 'Fin de escala', 0, 0, '0000-00-00 00:00:00', '2015-10-26 15:18:10'),(72, NULL, 'clavesitio', 'C12', '1', 37, 'Cambio de ruta', 0, 0, '0000-00-00 00:00:00', '2015-10-26 15:18:10'),(73, NULL, 'clavesitio', 'C13', '1', 38, 'Fin de alimentos', 0, 0, '0000-00-00 00:00:00', '2015-10-26 15:18:10'),(74, NULL, 'clavesitio', 'C14', '1', 39, 'Destino parcial (dejada)', 0, 0, '0000-00-00 00:00:00', '2015-10-26 15:18:10'),(75, NULL, 'clavesitio', 'C15', '1', 40, 'Paquetera', 0, 0, '0000-00-00 00:00:00', '2015-10-26 15:18:10'),(76, NULL, 'clavesitio', 'C16', '1', 41, 'Paquetera parcial', 0, 0, '0000-00-00 00:00:00', '2015-10-26 15:18:10'),(77, NULL, 'clavesitio', 'C17', '1', 42, 'Finalizar paquetera', 0, 0, '0000-00-00 00:00:00', '2015-10-26 15:18:10'),(78, NULL, 'clavesitio', 'C18', '1', 43, 'Expulsado de la base', 0, 0, '0000-00-00 00:00:00', '2017-05-24 17:36:37'),(79, NULL, 'clavesitio', 'C19', '1', 44, 'Cliente reasignado', 0, 0, '0000-00-00 00:00:00', '2017-05-24 22:14:20'),(80, NULL, 'clavesitio', 'C20', '0', 45, '', 0, 0, '0000-00-00 00:00:00', '2015-10-26 15:18:10'),(81, NULL, 'clavesitio', 'F1', '1', 46, 'Familiar (esposa, hijo, etc.)', 0, 0, '0000-00-00 00:00:00', '2015-10-26 15:18:10'),(82, NULL, 'clavesitio', 'F2', '1', 47, 'Servicio foraneo', 0, 0, '0000-00-00 00:00:00', '2015-10-26 15:18:10'),(83, NULL, 'clavesitio', 'F3', '1', 48, 'Servicio delicado', 0, 0, '0000-00-00 00:00:00', '2015-10-26 15:18:10'),(84, NULL, 'clavesitio', 'F4', '1', 49, 'Estado de ebriedad', 0, 0, '0000-00-00 00:00:00', '2015-10-26 15:18:10'),(85, NULL, 'clavesitio', 'F5', '1', 50, 'Servicios publicos', 0, 0, '0000-00-00 00:00:00', '2015-10-26 15:18:10'),(86, NULL, 'clavesitio', 'F6', '1', 51, 'Suspendido', 0, 0, '0000-00-00 00:00:00', '2015-10-26 15:18:10'),(87, NULL, 'clavesitio', 'F7', '1', 52, 'Auxilio', 0, 0, '0000-00-00 00:00:00', '2015-10-26 15:18:10'),(88, NULL, 'clavesitio', 'F8', '1', 53, 'Aseguradora', 0, 0, '0000-00-00 00:00:00', '2015-10-26 15:18:10'),(89, NULL, 'clavesitio', 'F9', '1', 54, 'Trafico', 0, 0, '0000-00-00 00:00:00', '2015-10-26 15:18:10'),(90, NULL, 'clavesitio', 'F10', '1', 55, 'Sanitario', 0, 0, '0000-00-00 00:00:00', '2015-10-26 15:18:10'),(91, NULL, 'clavesitio', 'F11', '1', 56, 'Tiempo a la base', 0, 0, '0000-00-00 00:00:00', '2015-10-26 15:18:10'),(92, NULL, 'clavesitio', 'F12', '1', 57, 'En cordon', 0, 0, '0000-00-00 00:00:00', '2015-10-26 15:18:10'),(93, NULL, 'clavesitio', 'F13', '1', 58, 'Salida por sitio', 0, 0, '0000-00-00 00:00:00', '2015-10-26 15:18:10'),(94, NULL, 'clavesitio', 'F14', '0', 59, 'Solicitar formarse', 0, 0, '0000-00-00 00:00:00', '2015-10-26 15:18:10'),(95, NULL, 'clavesitio', 'F15', '0', 60, 'Servicio al aire', 0, 0, '0000-00-00 00:00:00', '2015-10-26 15:18:10'),(96, NULL, 'clavesitio', 'F16', '0', 61, 'Modificar modo viaje', 0, 0, '0000-00-00 00:00:00', '2015-10-26 15:18:10'),(97, NULL, 'clavesitio', 'F17', '0', 62, 'Mensaje leido', 0, 0, '0000-00-00 00:00:00', '2015-10-26 15:18:10'),(98, NULL, 'clavesitio', 'F18', '0', 63, 'Fuera de servicio', 0, 0, '0000-00-00 00:00:00', '2015-10-26 15:18:10'),(99, NULL, 'clavesitio', 'F19', '0', 64, 'En la base', 0, 0, '0000-00-00 00:00:00', '2015-10-26 15:18:10'),(100, NULL, 'clavesitio', 'F20', '1', 65, 'Normal', 1, 1, '0000-00-00 00:00:00', '2015-10-26 15:18:10'),(101, NULL, 'status_celular', 'Reparacion', '1', 4, NULL, NULL, NULL, NULL, '2016-02-03 14:43:11'),(102, NULL, 'status_celular', 'Externo', '0', 5, NULL, NULL, NULL, NULL, '2016-02-03 14:43:33'),(103, NULL, 'status_celular', 'Provisional', '1', 6, NULL, NULL, NULL, NULL, '2016-03-02 10:34:12'),(104, NULL, 'tipotelefono', 'Celular', '1', 1, NULL, 1, 1, '2016-03-18 00:49:34', '2016-03-17 22:49:34'),(105, NULL, 'tipotelefono', 'Local', '1', 2, NULL, 1, 1, '2016-03-18 00:49:34', '2016-03-17 22:49:46'),(106, NULL, 'tipotelefono', 'Radio', '1', 3, NULL, 1, 1, '2016-03-18 00:49:34', '2016-03-17 22:49:56'),(107, NULL, 'tipotelefono', 'Recados', '1', 4, NULL, 1, 1, '2016-03-18 00:49:34', '2016-03-17 22:50:02'),(108, NULL, 'statustelefono', 'Activo', '1', 1, NULL, 1, 1, '2016-03-18 00:54:29', '2016-03-17 22:54:29'),(109, NULL, 'statustelefono', 'Inactivo', '1', 2, NULL, 1, 1, '2016-03-18 00:54:29', '2016-03-17 22:54:36'),(110, NULL, 'statustelefono', 'Eliminado', '1', 3, NULL, 1, 1, NULL, '2016-03-17 22:54:43'),(111, NULL, 'status_unidad', 'Suspendido', '1', 1, NULL, 1, 1, '2016-03-18 01:55:56', '2016-03-17 23:55:56'),(112, NULL, 'status_unidad', 'Documentacin vencida', '1', 2, NULL, 1, 1, '2016-03-18 01:55:56', '2016-03-17 23:56:09'),(113, NULL, 'statuscordon', 'Formado', '1', 1, NULL, 1, 1, '2016-03-21 03:09:00', '2016-03-21 01:09:00'),(114, NULL, 'statuscordon', 'Concluido', '1', 2, NULL, 1, 1, '2016-03-21 03:09:00', '2016-03-21 01:09:05'),(115, NULL, 'statuscordon', 'C6', '1', 3, NULL, 1, 1, '2016-03-21 03:09:00', '2016-03-21 03:50:14'),(116, NULL, 'cve_store', 'F20', '1', 1, NULL, 1, 1, '2016-03-26 02:45:32', '2016-03-26 00:45:32'),(117, NULL, 'cve_store', 'C6', '1', 2, NULL, 1, 1, '2016-03-26 02:46:12', '2016-03-26 00:46:12'),(118, NULL, 'cve_store', 'A10', '1', 3, NULL, 1, 1, '2016-03-26 23:54:44', '2016-03-26 21:54:44'),(119, NULL, 'cve_store', 'F13', '1', 4, NULL, 1, 1, '2016-03-26 23:54:44', '2016-03-26 21:54:58'),(120, NULL, 'cve_store', 'F15', '1', 5, NULL, 1, 1, '2016-03-26 23:54:44', '2016-03-26 21:55:11'),(121, NULL, 'cve_store', 'F16', '1', 6, NULL, 1, 1, '2016-03-26 23:54:44', '2016-03-26 21:55:22'),(122, NULL, 'cve_store', 'F19', '1', 7, NULL, 1, 1, '2016-03-30 09:56:11', '2016-03-30 07:56:11'),(123, NULL, 'cve_store', 'F18', '1', 8, NULL, 1, 1, '2016-04-07 02:49:37', '2016-04-07 01:49:37'),(124, NULL, 'cve_store', 'C1', '1', 9, NULL, 1, 1, '2016-04-07 13:03:13', '2016-04-07 12:03:13'),(125, NULL, 'tipodomicilio', 'Particular', '1', 1, NULL, 1, 1, '2016-04-07 18:08:17', '2016-04-07 17:08:17'),(126, NULL, 'tipodomicilio', 'Rentado', '1', 2, NULL, 1, 1, '2016-04-07 18:08:24', '2016-04-07 17:08:24'),(127, NULL, 'tipodomicilio', 'Parientes', '1', 3, NULL, 1, 1, '2016-04-07 18:08:36', '2016-04-07 17:08:36'),(128, NULL, 'statusdomicilio', 'Activo', '1', 1, NULL, 1, 1, '2016-04-07 18:09:40', '2016-04-07 17:09:40'),(129, NULL, 'statusdomicilio', 'Inactivo', '1', 2, NULL, 1, 1, '2016-04-07 18:09:42', '2016-04-07 17:09:42'),(130, NULL, 'statusdomicilio', 'Eliminado', '1', 3, NULL, 1, 1, '2016-04-07 18:09:44', '2016-04-07 17:09:44'),(131, NULL, 'status', 'Login Fallido', '1', 4, NULL, NULL, NULL, NULL, '2016-04-10 19:03:20'),(132, NULL, 'cve_store', 'F14', '1', 10, NULL, 1, 1, '2016-04-13 21:35:51', '2016-04-13 20:36:02'),(133, NULL, 'clavesitio', 'R1', '1', 1, 'Establecer pagina de movil', 1, 1, '2016-05-02 22:47:30', '2016-05-02 21:47:45'),(134, NULL, 'clavesitio', 'R2', '1', 2, 'Acuse de cordn', 1, 1, '2016-05-02 22:47:31', '2016-05-02 21:47:49'),(135, NULL, 'clavesitio', 'R3', '1', 3, 'Envio de logout', 1, 1, '2016-05-02 22:47:32', '2016-05-02 21:48:16'),(136, NULL, 'clavesitio', 'R4', '1', 4, 'Session duplicada', 1, 1, '2016-05-02 22:47:33', '2016-05-02 21:48:20'),(137, NULL, 'clavesitio', 'R5', '1', 5, 'Acuse de A10', 1, 1, '2016-05-02 22:47:33', '2016-05-02 21:48:23'),(138, NULL, 'clavesitio', 'R6', '1', 6, 'Acuse de F15', 1, 1, '2016-05-02 22:47:35', '2016-05-02 21:48:26'),(139, NULL, 'clavesitio', 'R7', '1', 7, 'Acuse de F13', 1, 1, '2016-05-02 22:47:35', '2016-05-02 21:48:29'),(140, NULL, 'clavesitio', 'R8', '1', 8, 'Acuse de F14', 1, 1, '2016-05-02 22:47:36', '2016-05-02 21:48:32'),(141, NULL, 'clavesitio', 'R9', '1', 9, 'Acuse de F16', 1, 1, '2016-05-02 22:47:37', '2016-05-02 21:48:37'),(142, NULL, 'clavesitio', 'R10', '1', 10, 'Acuse de C1', 1, 1, '2016-05-02 22:47:38', '2016-05-02 21:48:41'),(143, NULL, 'clavesitio', 'R11', '1', 11, 'Servicio a domicilio', 1, 1, '2016-07-12 10:22:08', '2016-07-16 21:53:04'),(144, NULL, 'clavesitio', 'R12', '1', 12, 'Acuse de C6', 1, 1, '2016-12-01 08:45:44', '2016-12-01 02:45:50'),(145, NULL, 'clavesitio', 'R13', '1', 13, 'Acuse de A14', 1, 1, '2016-12-01 08:45:46', '2016-12-01 02:45:54'),(146, NULL, 'clavesitio', 'R14', '1', 14, 'Acuse de A19', 1, 1, '2016-04-14 19:32:07', '2016-12-09 19:47:15'),(147, NULL, 'clavesitio', 'R15', '0', 15, NULL, NULL, NULL, NULL, '2016-04-14 13:32:08'),(148, NULL, 'clavesitio', 'R16', '0', 16, NULL, NULL, NULL, NULL, '2016-04-14 13:32:10'),(149, NULL, 'clavesitio', 'R17', '0', 17, NULL, NULL, NULL, NULL, '2016-04-14 13:32:11'),(150, NULL, 'clavesitio', 'R18', '0', 18, NULL, NULL, NULL, NULL, '2016-04-14 13:32:14'),(151, NULL, 'clavesitio', 'R19', '0', 19, NULL, NULL, NULL, NULL, '2016-04-14 13:32:16'),(152, NULL, 'clavesitio', 'R20', '0', 20, NULL, NULL, NULL, NULL, '2016-04-14 13:32:18'),(153, NULL, 'cve_store', 'R1', '1', 11, NULL, 1, 1, '2016-04-14 19:14:37', '2016-05-02 02:46:15'),(154, NULL, 'cve_store', 'R3', '1', 12, NULL, 1, 1, '2016-05-02 03:46:12', '2016-05-02 02:46:24'),(155, NULL, 'cve_store', 'R4', '1', 13, NULL, 1, 1, '2016-05-02 06:01:21', '2016-05-02 05:01:25'),(156, NULL, 'cve_store', 'R5', '1', 14, NULL, 1, 1, '2016-05-02 20:45:13', '2016-05-02 19:45:43'),(157, NULL, 'cve_store', 'R6', '1', 15, NULL, 1, 1, '2016-05-02 20:45:13', '2016-05-02 19:45:39'),(158, NULL, 'cve_store', 'R7', '1', 16, NULL, 1, 1, '2016-05-02 20:45:14', '2016-05-02 19:45:34'),(159, NULL, 'cve_store', 'R8', '1', 17, NULL, 1, 1, '2016-05-02 20:45:14', '2016-05-02 19:45:28'),(160, NULL, 'cve_store', 'R9', '1', 18, NULL, 1, 1, '2016-05-02 20:45:15', '2016-05-02 19:45:24'),(161, NULL, 'cve_store', 'R10', '1', 19, NULL, 1, 1, '2016-05-02 20:45:12', '2016-05-02 19:45:20'),(162, NULL, 'tipo_temporicidad', 'Apartado', '1', 1, '', 1, 1, '2016-06-29 18:53:39', '2016-10-24 14:10:35'),(163, NULL, 'tipo_servicio', 'Mensajera', '1', 2, '', 1, 1, '2016-06-29 18:53:58', '2017-01-08 20:53:39'),(164, NULL, 'tipo_servicio', 'Paquetera', '1', 3, '', 1, 1, '2016-06-29 18:54:11', '2017-01-08 20:53:46'),(165, NULL, 'tipo_servicio', 'Traslado', '1', 4, '', 1, 1, '2016-06-29 18:54:25', '2016-06-29 12:54:42'),(166, NULL, 'tipo_servicio', 'Recepcin', '1', 5, '', 1, 1, '2016-06-29 18:55:08', '2017-01-08 20:53:54'),(167, NULL, 'status_celular', 'Baja', '1', 7, '', 1, NULL, '2016-06-30 13:26:14', '2016-06-30 13:26:14'),(168, NULL, 'status_tarifa', 'Vigente', '1', 1, '', 1, 1, '2016-07-01 14:13:53', '2016-07-01 14:34:02'),(169, NULL, 'status_tarifa', 'Caducada', '1', 2, '', 1, 1, '2016-07-01 14:15:45', '2016-07-01 14:34:17'),(170, NULL, 'status_viaje', 'Solicitado', '1', 1, '', 1, 1, '2016-07-01 17:33:54', '2016-07-13 00:08:22'),(171, NULL, 'status_viaje', 'En proceso', '1', 2, '', 1, 1, '2016-07-01 17:34:19', '2016-07-13 00:08:21'),(172, NULL, 'status_viaje', 'Completado', '1', 4, '', 1, 1, '2016-07-01 17:34:34', '2016-07-13 00:08:55'),(173, NULL, 'status_viaje', 'Cancelado', '1', 5, '', 1, 1, '2016-07-01 17:34:46', '2016-07-13 00:08:58'),(174, NULL, 'cancelaciones', 'No lleg la unidad', '1', 1, '', 1, 1, '2016-07-01 17:38:57', '2017-01-08 20:54:05'),(175, NULL, 'cancelaciones', 'No se requiri el servicio', '1', 2, '', 1, 1, '2016-07-01 17:40:09', '2017-01-08 20:54:12'),(176, NULL, 'incidencias', 'Falla mecnica', '1', 1, '', 1, 1, '2016-07-01 17:57:31', '2017-01-08 20:52:52'),(177, NULL, 'incidencias', 'Cambio de neumtico', '1', 2, '', 1, 1, '2016-07-01 17:58:02', '2017-01-08 20:52:57'),(178, NULL, 'incidencias', 'Manifestacin', '1', 3, '', 1, 1, '2016-07-01 17:58:29', '2017-01-08 20:53:03'),(179, NULL, 'status_viaje', 'Asignado', '1', 3, NULL, 1, 1, '2016-07-13 05:08:19', '2016-07-13 00:08:27'),(180, NULL, 'tipo_salida', 'Salida por cordn', '1', 1, '118', 1, 1, '2016-07-12 10:33:42', '2017-01-08 20:52:32'),(181, NULL, 'tipo_salida', 'Servicio al aire', '1', 3, '120', 1, 1, '2016-07-12 10:33:43', '2016-07-12 13:13:58'),(182, NULL, 'tipo_salida', 'Salida por sitio', '1', 2, '119', 1, 1, '2016-07-12 10:33:44', '2016-07-12 13:14:01'),(183, NULL, 'cve_store', 'R11', '1', 20, NULL, 1, 1, '2016-07-12 12:10:33', '2016-07-12 07:11:41'),(184, NULL, 'tipo_temporicidad', 'Inmediato', '1', 2, NULL, 1, 1, '2016-06-29 18:53:39', '2016-10-24 09:09:49'),(185, NULL, 'cve_store', 'A14', '1', 21, '', 1, 1, '2016-12-01 01:51:03', '2016-11-30 19:51:19'),(186, NULL, 'cve_store', 'R12', '1', 22, NULL, 1, 1, '2016-12-01 03:26:25', '2016-11-30 21:26:58'),(187, NULL, 'cve_store', 'R13', '1', 23, NULL, 1, 1, '2016-12-01 03:26:26', '2016-11-30 21:27:00'),(188, NULL, 'status_viaje', 'Abandonado', '1', 6, NULL, 1, 1, '2016-12-01 04:27:00', '2016-11-30 22:27:06'),(189, NULL, 'tipo_tarifa', 'Predeterminada', '1', 1, NULL, 1, 1, '2016-12-01 21:28:07', '2016-12-01 15:28:15'),(190, NULL, 'tipo_tarifa', 'biling&uuml;e', '1', 2, NULL, 1, 1, '2016-12-01 21:28:07', '2016-12-01 21:43:06'),(191, NULL, 'tipo_tarifa', 'Terminal', '1', 3, NULL, 1, 1, '2016-12-01 21:28:07', '2016-12-01 15:28:16'),(192, NULL, 'costos_adicionales', 'Caseta', '1', 1, '257', 1, 1, '2016-12-04 16:26:16', '2017-06-16 23:22:20'),(193, NULL, 'costos_adicionales', 'Estacionamiento', '1', 2, '257', 1, 1, '2016-12-04 16:26:16', '2017-06-16 23:22:22'),(195, NULL, 'status_viaje', 'Apartado', '1', 7, NULL, 1, 1, '2016-12-09 02:27:46', '2016-12-08 20:27:58'),(196, NULL, 'cve_store', 'R14', '1', 24, NULL, 1, 1, '2016-12-10 01:48:18', '2016-12-09 19:48:25'),(197, NULL, 'cve_store', 'A19', '1', 25, NULL, 1, 1, '2016-12-10 01:56:27', '2016-12-09 19:56:31'),(198, NULL, 'status_operador_unidad', 'Activo', '1', 1, NULL, 1, 1, '2017-01-02 19:28:58', '2017-01-02 19:29:04'),(199, NULL, 'status_operador_unidad', 'Inactivo', '1', 2, NULL, 1, 1, '2017-01-02 19:28:59', '2017-01-02 19:29:09'),(200, NULL, 'tipocliente', 'Empleado', '1', 4, '', 1, 1, '2017-01-22 21:05:27', '2017-01-25 23:11:01'),(201, NULL, 'tipocliente', 'Concentrador', '1', 5, '', 1, NULL, '2017-01-25 23:10:56', '2017-01-25 23:10:56'),(202, NULL, 'clavesitio', 'T1', '1', 1, 'Apartado asignado normal', NULL, NULL, NULL, '2017-05-27 01:11:57'),(203, NULL, 'clavesitio', 'T2', '1', 2, 'Apartado asignado al aire', NULL, NULL, NULL, '2017-05-27 01:57:34'),(204, NULL, 'clavesitio', 'T3', '1', 3, 'Destino modificado', NULL, NULL, NULL, '2017-05-31 15:50:26'),(205, NULL, 'clavesitio', 'T4', '0', 4, NULL, NULL, NULL, NULL, '2017-05-27 01:11:56'),(206, NULL, 'clavesitio', 'T5', '0', 5, NULL, NULL, NULL, NULL, '2017-05-27 01:11:56'),(207, NULL, 'clavesitio', 'T6', '0', 6, NULL, NULL, NULL, NULL, '2017-05-27 01:11:56'),(208, NULL, 'clavesitio', 'T7', '0', 7, NULL, NULL, NULL, NULL, '2017-05-27 01:11:56'),(209, NULL, 'clavesitio', 'T8', '0', 8, NULL, NULL, NULL, NULL, '2017-05-27 01:11:56'),(210, NULL, 'clavesitio', 'T9', '0', 9, NULL, NULL, NULL, NULL, '2017-05-27 01:11:56'),(211, NULL, 'clavesitio', 'T10', '0', 10, NULL, NULL, NULL, NULL, '2017-05-27 01:11:56'),(212, NULL, 'clavesitio', 'T11', '0', 11, NULL, NULL, NULL, NULL, '2017-05-27 01:11:56'),(213, NULL, 'clavesitio', 'T12', '0', 12, NULL, NULL, NULL, NULL, '2017-05-27 01:11:56'),(214, NULL, 'clavesitio', 'T13', '0', 13, NULL, NULL, NULL, NULL, '2017-05-27 01:11:56'),(215, NULL, 'clavesitio', 'T14', '0', 14, NULL, NULL, NULL, NULL, '2017-05-27 01:11:56'),(216, NULL, 'clavesitio', 'T15', '0', 15, NULL, NULL, NULL, NULL, '2017-05-27 01:11:57'),(217, NULL, 'clavesitio', 'T16', '0', 16, NULL, NULL, NULL, NULL, '2017-05-27 01:11:57'),(218, NULL, 'clavesitio', 'T17', '0', 17, NULL, NULL, NULL, NULL, '2017-05-27 01:11:57'),(219, NULL, 'clavesitio', 'T18', '0', 18, NULL, NULL, NULL, NULL, '2017-05-27 01:11:57'),(220, NULL, 'clavesitio', 'T19', '0', 19, NULL, NULL, NULL, NULL, '2017-05-27 01:11:57'),(221, NULL, 'clavesitio', 'T20', '0', 20, NULL, NULL, NULL, NULL, '2017-05-27 01:11:57'),(222, NULL, 'status_statics', 'Vigente', '1', 1, NULL, NULL, NULL, NULL, '2017-05-31 22:41:53'),(223, NULL, 'status_statics', 'Historico', '1', 2, NULL, NULL, NULL, NULL, '2017-05-31 22:41:55'),(224, NULL, 'incidencias', 'Condiciones climticas adversas', '1', 4, '', 1, NULL, '2017-06-01 19:07:23', '2017-06-01 19:07:23'),(225, NULL, 'incidencias', 'Condiciones de trfico difciles', '1', 5, '', 1, NULL, '2017-06-01 19:08:08', '2017-06-01 19:08:08'),(226, NULL, 'periodicidad', 'lunes', '1', 1, '1', NULL, NULL, NULL, '2017-06-04 00:25:56'),(227, NULL, 'periodicidad', 'martes', '1', 2, '2', NULL, NULL, NULL, '2017-06-04 00:25:58'),(228, NULL, 'periodicidad', 'miercoles', '1', 3, '3', NULL, NULL, NULL, '2017-06-04 00:26:01'),(229, NULL, 'periodicidad', 'jueves', '1', 4, '4', NULL, NULL, NULL, '2017-06-04 00:26:03'),(230, NULL, 'periodicidad', 'viernes', '1', 5, '5', NULL, NULL, NULL, '2017-06-04 00:26:05'),(231, NULL, 'periodicidad', 'sbado', '1', 6, '6', NULL, NULL, NULL, '2017-06-04 00:26:06'),(232, NULL, 'periodicidad', 'domingo', '1', 7, '7', NULL, NULL, NULL, '2017-06-03 02:03:22'),(233, NULL, 'periodicidad', 'primero de cada mes', '1', 8, 'first day of this month', NULL, NULL, NULL, '2017-06-04 00:26:27'),(234, NULL, 'periodicidad', 'ltimo de cada mes', '1', 9, 'last day of this month', NULL, NULL, NULL, '2017-06-04 00:26:29'),(235, NULL, 'periodicidad', 'quincenal', '1', 10, '15', NULL, NULL, NULL, '2017-06-03 02:00:52'),(236, NULL, 'periodicidad', 'bimestral', '0', 11, '2meses', NULL, NULL, NULL, '2017-06-04 00:25:38'),(237, NULL, 'periodicidad', 'trimestral', '0', 12, '3meses', NULL, NULL, NULL, '2017-06-04 00:25:40'),(238, NULL, 'periodicidad', 'semestral', '0', 13, '6meses', NULL, NULL, NULL, '2017-06-04 00:25:53'),(239, NULL, 'periodicidad', 'anual', '0', 14, '1ao', NULL, NULL, NULL, '2017-06-04 00:25:43'),(240, NULL, 'status_concepto', 'Activo', '1', 1, NULL, NULL, NULL, NULL, '2017-06-03 03:24:58'),(241, NULL, 'status_concepto', 'Inactivo', '1', 2, NULL, NULL, NULL, NULL, '2017-06-03 03:25:04'),(242, NULL, 'tipo_pago', 'parcial', '1', 1, NULL, NULL, NULL, NULL, '2017-06-04 04:28:28'),(243, NULL, 'tipo_pago', 'total', '1', 2, NULL, NULL, NULL, NULL, '2017-06-04 04:28:28'),(244, NULL, 'status_pago', 'impagado', '1', 1, NULL, NULL, NULL, NULL, '2017-06-04 04:28:30'),(245, NULL, 'status_pago', 'parcial', '1', 2, NULL, NULL, NULL, NULL, '2017-06-04 04:28:31'),(246, NULL, 'status_pago', 'pagado', '1', 3, NULL, NULL, NULL, NULL, '2017-06-04 04:28:32'),(247, NULL, 'status_viaje', 'Tabulado en pausa', '1', 8, NULL, 1, 1, NULL, '2017-06-06 05:04:14'),(248, NULL, 'costos_adicionales', 'Kilometraje adicional', '1', 4, '256', 1, 1, NULL, '2017-06-16 23:22:28'),(249, NULL, 'status_viaje', 'Emitido y asegurado', '1', 9, NULL, 1, 1, NULL, '2017-06-06 07:42:12'),(250, NULL, 'status_viaje', 'Finiquitado y archivado', '1', 10, NULL, 1, 1, NULL, '2017-06-06 07:42:14'),(251, NULL, 'status_viaje', 'Viaje en pausa', '1', 11, NULL, 1, 1, NULL, '2017-06-06 07:53:17'),(252, NULL, 'costos_adicionales', 'Tiempo de espera', '1', 5, '256', 1, 1, NULL, '2017-06-16 23:22:31'),(253, NULL, 'costos_adicionales', 'Escala cronometrada', '1', 6, '256', 1, 1, NULL, '2017-06-27 15:02:16'),(254, NULL, 'tipo_servicio', 'Cortesa', '1', 6, NULL, 1, 1, NULL, '2017-06-13 18:03:51'),(255, NULL, 'tipo_tarifa', 'Cortesa', '1', 4, NULL, 1, 1, '2017-06-13 18:15:26', '2017-06-13 18:15:45'),(256, NULL, 'tipo_comision', 'Comisin normal', '1', 1, NULL, NULL, NULL, NULL, '2017-06-16 23:18:19'),(257, NULL, 'tipo_comision', 'Libre de comisin', '1', 2, NULL, NULL, NULL, NULL, '2017-06-16 23:18:20'),(258, NULL, 'costos_adicionales', 'Cancelacin', '1', 7, '256', 1, 1, '2017-06-20 15:15:16', '2017-06-20 15:18:50'),(259, NULL, 'tipo_tarifa', 'Varios usuarios', '1', 5, '', 1, NULL, '2017-07-02 15:48:25', '2017-07-02 15:48:25'),(260, NULL, 'revision', 'Viaje redondo', '1', 1, NULL, 1, NULL, NULL, '2017-07-12 19:13:38'),(261, NULL, 'revision', 'Multi usuario', '1', 2, NULL, 1, NULL, NULL, '2017-07-12 19:13:38'),(262, NULL, 'revision', 'Multi destino', '1', 3, NULL, 1, NULL, NULL, '2017-07-12 19:13:39'),(263, NULL, 'revision', 'Excepcin Polanco Sta Fe', '1', 4, NULL, 1, NULL, NULL, '2017-07-12 19:13:41'),(264, NULL, 'status_viaje', 'Redondo en pausa', '1', 12, NULL, 1, NULL, NULL, '2017-07-12 19:45:15'),(265, NULL, 'status_viaje', 'Multi-usuario en pausa', '1', 13, NULL, 1, NULL, NULL, '2017-07-12 19:45:16'),(266, NULL, 'status_viaje', 'Multi-destino en pausa', '1', 14, NULL, 1, NULL, NULL, '2017-07-12 19:45:17'),(267, NULL, 'status_viaje', 'Excepcion polanco Sta Fe en pausa', '1', 15, NULL, 1, NULL, NULL, '2017-07-12 19:45:17'),(268, NULL, 'tipo_tarifa', 'Forneo', '1', 6, '', 1, NULL, '2018-06-14 18:06:49', '2018-06-14 18:06:49'),(269, NULL, 'revision', 'Normal', '1', 5, NULL, 1, NULL, NULL, '2018-07-08 18:39:47');
UNLOCK TABLES;
COMMIT;
BEGIN;
LOCK TABLES `centralcar`.`cr_apartados` WRITE;
DELETE FROM `centralcar`.`cr_apartados`;
INSERT INTO `centralcar`.`cr_apartados` (`id_apartados`,`id_operador`,`mensuales`,`anuales`,`totales`,`hit_anual`,`hit_total`,`turnos_anuales`,`turnos_totales`,`user_alta`,`user_mod`,`fecha_alta`,`fecha_mod`) VALUES (1, 35, 0, 0, 0, 0, 0, 1, 1, 1, NULL, '2018-07-10 19:13:02', '2018-07-10 19:13:02'),(2, 7, 2, 2, 2, 0, 0, 0, 0, 1, 1, '2018-07-10 19:13:02', '2018-07-10 19:18:28'),(3, 36, 0, 0, 0, 0, 0, 1, 1, 1, NULL, '2018-07-10 19:13:22', '2018-07-10 19:13:22'),(4, 26, 1, 1, 1, 0, 0, 0, 0, 1, NULL, '2018-07-10 19:13:22', '2018-07-10 19:13:22'),(5, 1, 0, 0, 0, 0, 0, 1, 1, 1, NULL, '2018-07-10 19:18:28', '2018-07-10 19:18:28'),(6, 2, 2, 2, 2, 1, 1, 1, 1, 2, 2, '2018-07-11 14:12:20', '2018-07-11 14:18:24'),(7, 3, 0, 0, 0, 0, 0, 1, 1, 2, NULL, '2018-07-11 14:18:24', '2018-07-11 14:18:24'),(8, 37, 1, 1, 1, 1, 1, 1, 1, 2, NULL, '2018-07-11 19:05:21', '2018-07-11 19:05:21');
UNLOCK TABLES;
COMMIT;
BEGIN;
LOCK TABLES `centralcar`.`cr_bases` WRITE;
DELETE FROM `centralcar`.`cr_bases`;
INSERT INTO `centralcar`.`cr_bases` (`id_base`,`cat_tipobase`,`descripcion`,`ubicacion`,`clave`,`latitud`,`longitud`,`geocerca`,`token_status`,`user_alta`,`user_mod`,`fecha_alta`,`fecha_mod`) VALUES (1, 16, 'KPMG', 'BOLULEVARD MANUEL AVILA CAMACHO N 170', 'B1', 19.434608, -99.212021, '-99.2187095,19.4296992,0.0 -99.2186371,19.4293501,0.0 -99.2180068,19.4295487,0.0 -99.2174623,19.4299091,0.0 -99.2169473,19.4301849,0.0 -99.2159199,19.430812,0.0 -99.2153407,19.4312067,0.0 -99.2147317,19.4316462,0.0 -99.2141792,19.4321591,0.0 -99.2136884,19.4325904,0.0 -99.2131509,19.4318713,0.0 -99.2123453,19.431223,0.0 -99.2118497,19.4314844,0.0 -99.2115988,19.4316432,0.0 -99.2113146,19.4319327,0.0 -99.2109512,19.4323234,0.0 -99.2102639,19.432486,0.0 -99.2096195,19.4326132,0.0 -99.2100178,19.4332796,0.0 -99.2103409,19.4335717,0.0 -99.2106319,19.4338702,0.0 -99.2109318,19.4340803,0.0 -99.2111777,19.4342675,0.0 -99.2110987,19.4345235,0.0 -99.2110568,19.4346647,0.0 -99.2111651,19.4347755,0.0 -99.2113603,19.4349667,0.0 -99.211532,19.4351122,0.0 -99.2116828,19.4352688,0.0 -99.2119462,19.4355137,0.0 -99.2121012,19.4356879,0.0 -99.212299,19.4356901,0.0 -99.2128032,19.4353474,0.0 -99.2130781,19.4351802,0.0 -99.2132062,19.4350738,0.0 -99.2133987,19.4349371,0.0 -99.2135274,19.4347745,0.0 -99.2138868,19.4345507,0.0 -99.2148511,19.434189,0.0 -99.2158127,19.433802,0.0 -99.2160326,19.4336173,0.0 -99.2171323,19.4332177,0.0 -99.2170706,19.4327927,0.0 -99.2172675,19.4327259,0.0 -99.2178505,19.4325124,0.0 -99.2184855,19.4323433,0.0 -99.219042,19.4321673,0.0 -99.2190125,19.4318505,0.0 -99.2189884,19.4315229,0.0 -99.2189026,19.4307742,0.0 -99.2187927,19.4301419,0.0 -99.2187095,19.4296992,0.0', 'cfcd208495d565ef66e7dff9f98764da', 1, 1, '2016-02-29 21:04:21', '2018-07-22 17:12:04'),(2, 16, 'EJERCITO NACIONAL', 'EJERCITO NACIONAL 425, COL GRANADA, DELEGACION MIGUEL HIDALGO, CIUDAD DE MEXICO', 'B2', 19.438002, -99.187996, '-99.188388,19.438053,0.0 -99.188555,19.43806,0.0 -99.18856,19.437830999999996,0.0 -99.188402,19.437825,0.0 -99.188045,19.437808,0.0 -99.1877,19.4378,0.0 -99.187252,19.437793,0.0 -99.187238,19.438015000000004,0.0 -99.1874,19.438021,0.0 -99.187391,19.438175,0.0 -99.18839,19.438202,0.0 -99.188388,19.438053,0.0', 'cfcd208495d565ef66e7dff9f98764da', 2, NULL, '2016-03-01 17:55:42', '2017-01-06 13:43:02');
UNLOCK TABLES;
COMMIT;
BEGIN;
LOCK TABLES `centralcar`.`cr_bases_operador_unidad` WRITE;
DELETE FROM `centralcar`.`cr_bases_operador_unidad`;
UNLOCK TABLES;
COMMIT;
BEGIN;
LOCK TABLES `centralcar`.`cr_celulares` WRITE;
DELETE FROM `centralcar`.`cr_celulares`;
INSERT INTO `centralcar`.`cr_celulares` (`id_celular`,`serie`,`imei`,`numero`,`marcacion_corta`,`marca`,`modelo`,`so`,`version`,`cat_status_celular`,`sim`,`externo`,`valor`,`user_alta`,`user_mod`,`fecha_alta`,`fecha_mod`) VALUES (1, '8952020015293799456', '863243033341399', 5531492672, 1103, 'ZTE', 'BLADEV8SE', 'ANDROID', '', 30, '', 0, 4500.00, 2, NULL, '2018-06-21 17:03:36', '2018-06-21 17:03:36'),(2, '8952020517694568752', '863243033556251', 5534445090, 1050, 'ZTE', 'BLADEV8SE', 'ANDROID', '', 28, '', 0, 4500.00, 2, 2, '2018-06-21 17:04:56', '2018-06-21 17:49:23'),(3, '8952020015293479851', '863243033331713', 5534648206, 1012, 'ZTE', 'BLADEV8SE', 'ANDROID', '', 28, '', 0, 4500.00, 2, 2, '2018-06-21 17:06:20', '2018-06-21 17:56:26'),(4, '8952020517694568711', '863243033339484', 5540304003, 1001, 'ZTE', 'BLADEV8SE', 'ANDROID', '', 28, '', 0, 4500.00, 2, 2, '2018-06-21 17:09:24', '2018-06-21 17:56:36'),(5, '8952020517694568760', '863243033341837', 5535003262, 1005, 'ZTE', 'BLADEV8SE', 'ANDROID', '', 28, '', 0, 4500.00, 2, 2, '2018-06-21 17:14:58', '2018-06-21 17:56:47'),(6, '8952020015293479729', '863243033557101', 5535220110, 1020, 'ZTE', 'BLADEV8SE', 'ANDROID', '', 28, '', 0, 4500.00, 2, 2, '2018-06-21 17:17:19', '2018-06-21 17:56:53'),(7, '8952020016591517319', '863243033556285', 5539585080, 1024, 'ZTE', 'BLADEV8SE', 'ANDROID', '', 28, '', 0, 4500.00, 2, 2, '2018-06-21 17:19:19', '2018-06-21 17:57:06'),(8, '8952020015293479687', '866243033340086', 5539541886, 1017, 'ZTE', 'BLADEV8SE', 'ANDROID', '', 28, '', 0, 4500.00, 2, 2, '2018-06-21 17:22:48', '2018-06-21 17:57:13'),(9, '8952020015293479695', '863243033341845', 5538852047, 1039, 'ZTE', 'BLADEV8SE', 'ANDROID', '', 28, '', 0, 4500.00, 2, 2, '2018-06-21 17:24:11', '2018-06-21 17:57:19'),(10, '8952020015293479794', '863243033556442', 5534006687, 1041, 'ZTE', 'BLADEV8SE', 'ANDROID', '', 28, '', 0, 4500.00, 2, 2, '2018-06-21 17:25:40', '2018-06-21 17:57:27'),(11, '8952020516491891623', '863243033556442', 5538166733, 1043, 'ZTE', 'BLADEV8SE', 'ANDROID', '', 28, '', 0, 4500.00, 2, 2, '2018-06-21 17:29:29', '2018-06-21 17:47:51'),(12, '8952020517694568794', '863243033556491', 5537331608, 1045, 'ZTE', 'BLADEV8SE', 'ANDROID', '', 28, '', 0, 4500.00, 2, 2, '2018-06-21 17:30:37', '2018-06-21 17:57:49'),(13, '8952020015293799571', '863243033555311', 5536560210, 1098, 'ZTE', 'BLADEV8SE', 'ANDROID', '', 28, '', 0, 4500.00, 2, 2, '2018-06-21 17:31:51', '2018-06-21 17:57:59'),(14, '8952020015293799423', '863243033341134', 5536779803, 1062, 'ZTE', 'BLADEV8SE', 'ANDROID', '', 28, '', 0, 4500.00, 2, 2, '2018-06-21 17:38:32', '2018-06-21 17:58:11'),(15, '8952020015293799431', '863243033331515', 5536544962, 1077, 'ZTE', 'BLADEV8SE', 'ANDROID', '', 28, '', 0, 4500.00, 2, 2, '2018-06-21 17:40:21', '2018-06-21 17:58:21'),(16, '8952020015293799480', '863243033341548', 5534452275, 1082, 'ZTE', 'BLADEV8SE', 'ANDROID', '', 28, '', 0, 4500.00, 2, 2, '2018-06-21 17:41:38', '2018-06-21 17:58:30'),(17, '8952020015293799399', '863243033331739', 5535763700, 1070, 'ZTE', 'BLADEV8SE', 'ANDROID', '', 28, '', 0, 4500.00, 2, 2, '2018-06-21 17:42:34', '2018-06-21 17:58:56'),(18, '8952020314390002611', '863243033341886', 5545556423, 1101, 'ZTE', '', 'ANDROID', '', 30, '', 0, 4500.00, 2, NULL, '2018-06-21 17:43:27', '2018-06-21 17:43:27'),(19, '8952020314690105908', '863243033555808', 5545556421, 1102, 'ZTE', 'BLADEV8SE', 'ANDROID', '', 30, '', 0, 4500.00, 2, NULL, '2018-06-21 17:44:22', '2018-06-21 17:44:22'),(20, '8952020314691604297', '863243033554371', 5545556419, 1026, 'ZTE', 'BLADEV8SE', 'ANDROID', '', 28, '', 0, 4500.00, 2, 2, '2018-06-21 17:45:21', '2018-06-21 17:59:22'),(21, 'XXXX', 'XXXX', 5548884910, 0, 'MOTOROLA', 'moto z', 'ANDROID', '8.0.0', 28, '', 1, 0.00, 2, 2, '2018-06-21 18:02:20', '2018-06-21 18:02:28'),(22, 'XXXX', 'XXXX', 5528105463, 0, '', 'X', 'ANDROID', '', 28, '', 0, 0.00, 2, 2, '2018-06-21 18:03:48', '2018-06-21 18:06:14'),(23, 'XXXX', 'XXXX', 5576255367, 0, '', 'X', 'ANDROID', '', 28, '', 1, 0.00, 2, 2, '2018-06-21 19:50:09', '2018-06-21 19:50:31'),(24, 'XXXX', 'XXXX', 5569607432, 0, '', '', '', '', 28, '', 1, 0.00, 2, 2, '2018-06-21 19:50:56', '2018-06-21 19:51:10'),(25, 'XXXX', 'XXXX', 5531929097, 0, '', '', '', '', 28, '', 1, 0.00, 2, 2, '2018-06-21 19:51:34', '2018-06-21 19:51:46'),(26, 'XXXX', 'XXXX', 5548600275, 0, '', '', '', '', 28, '', 1, 0.00, 2, 2, '2018-06-21 19:53:22', '2018-06-21 19:53:32'),(27, 'XXXX', 'XXXX', 5546693527, 0, '', '', '', '', 28, '', 1, 0.00, 2, 2, '2018-06-21 19:54:34', '2018-06-21 19:54:41'),(28, 'XXXX', 'XXXX', 5537918595, 0, '', '', '', '', 28, '', 0, 0.00, 2, 2, '2018-06-21 19:55:55', '2018-06-21 19:56:08'),(29, 'XXXX', 'XXXX', 5535775254, 0, '', '', '', '', 28, '', 1, 0.00, 2, 2, '2018-06-21 19:57:38', '2018-06-21 19:57:44'),(30, 'XXXX', 'XXXX', 5586712096, 0, '', '', '', '', 28, '', 1, 0.00, 2, 2, '2018-06-21 20:00:57', '2018-06-21 20:01:09'),(31, 'XXXX', 'XXXX', 5568043504, 0, '', '', '', '', 28, '', 1, 0.00, 2, 2, '2018-06-21 20:02:51', '2018-06-21 20:06:58'),(32, 'XXXX', 'XXXX', 5579799316, 0, '', '', '', '', 28, '', 1, 0.00, 2, 2, '2018-06-21 20:03:38', '2018-06-21 20:07:12'),(33, 'XXXX', 'XXXX', 5543424395, 0, '', '', '', '', 28, '', 1, 0.00, 2, 2, '2018-06-21 20:06:41', '2018-06-21 20:07:23'),(34, 'XXXX', 'XXXX', 5528880907, 0, '', '', '', '', 28, '', 1, 0.00, 2, 2, '2018-06-21 20:09:50', '2018-06-21 20:10:06'),(35, 'XXXX', 'XXXX', 5585380683, 0, '', '', '', '', 28, '', 1, 0.00, 2, 2, '2018-06-21 20:12:51', '2018-06-21 20:13:02'),(36, 'XXXX', 'XXXX', 5518183468, 0, '', '', '', '', 28, '', 1, 0.00, 2, 2, '2018-06-21 20:13:58', '2018-06-21 20:14:09'),(37, 'XXXX', 'XXXX', 5523076043, 0, '', '', '', '', 28, '', 1, 0.00, 2, 2, '2018-06-21 20:14:55', '2018-06-21 20:15:05'),(38, 'XXXX', 'XXXX', 5541176476, 0, '', '', '', '', 28, '', 1, 0.00, 2, 2, '2018-06-21 20:15:28', '2018-06-21 20:15:39');
UNLOCK TABLES;
COMMIT;
BEGIN;
LOCK TABLES `centralcar`.`cr_cordon` WRITE;
DELETE FROM `centralcar`.`cr_cordon`;
INSERT INTO `centralcar`.`cr_cordon` (`id_cordon`,`id_operador_unidad`,`id_episodio`,`id_base`,`cat_statuscordon`,`llegada`,`salida`,`token`,`user_alta`,`user_mod`,`fecha_alta`,`fecha_mod`) VALUES (1, 31, 1, 1, 114, '2018-07-10 17:40:49', '2018-07-10 17:40:54', NULL, 1, 1, '2018-07-10 17:40:49', '2018-07-10 17:40:54'),(2, 12, 2, 1, 114, '2018-07-10 17:41:23', '2018-07-10 17:43:12', NULL, 2, 0, '2018-07-10 17:41:23', '2018-07-10 17:43:12'),(3, 2, 5, 1, 114, '2018-07-10 17:41:40', '2018-07-10 17:44:02', NULL, 1, 0, '2018-07-10 17:41:40', '2018-07-10 17:44:02'),(4, 3, 6, 1, 114, '2018-07-10 17:41:48', '2018-07-10 17:46:16', NULL, 2, 0, '2018-07-10 17:41:48', '2018-07-10 17:46:16'),(5, 7, 3, 1, 114, '2018-07-10 17:41:56', '2018-07-10 17:46:48', NULL, 2, 1, '2018-07-10 17:41:56', '2018-07-10 17:46:48'),(6, 1, 4, 1, 114, '2018-07-10 17:42:01', '2018-07-10 17:46:45', NULL, 2, 1, '2018-07-10 17:42:01', '2018-07-10 17:46:45'),(7, 31, 1, 1, 114, '2018-07-10 17:42:05', '2018-07-10 17:46:52', NULL, 2, 1, '2018-07-10 17:42:05', '2018-07-10 17:46:52'),(8, 7, 3, 1, 114, '2018-07-10 17:47:41', '2018-07-10 17:47:43', NULL, 2, 0, '2018-07-10 17:47:41', '2018-07-10 17:47:43'),(9, 7, 3, 1, 114, '2018-07-10 17:47:41', '2018-07-10 17:47:43', NULL, 1, 0, '2018-07-10 17:47:41', '2018-07-10 17:47:43'),(10, 31, 1, 1, 114, '2018-07-10 17:49:05', '2018-07-10 17:49:07', NULL, 2, 0, '2018-07-10 17:49:05', '2018-07-10 17:49:07'),(11, 31, 1, 1, 114, '2018-07-10 17:49:06', '2018-07-10 17:49:07', NULL, 1, 0, '2018-07-10 17:49:06', '2018-07-10 17:49:07'),(12, 12, 2, 1, 114, '2018-07-10 17:49:28', '2018-07-10 17:56:58', NULL, 2, 0, '2018-07-10 17:49:28', '2018-07-10 17:56:58'),(13, 12, 2, 1, 114, '2018-07-10 17:49:38', '2018-07-10 17:56:58', NULL, 1, 0, '2018-07-10 17:49:38', '2018-07-10 17:56:58'),(14, 2, 5, 1, 114, '2018-07-10 17:57:48', '2018-07-10 19:08:46', NULL, 2, 0, '2018-07-10 17:57:48', '2018-07-10 19:08:46'),(15, 7, 3, 1, 114, '2018-07-10 17:57:51', '2018-07-10 19:12:04', NULL, 2, 0, '2018-07-10 17:57:51', '2018-07-10 19:12:04'),(16, 3, 6, 1, 114, '2018-07-10 17:57:53', '2018-07-10 19:12:38', NULL, 2, 0, '2018-07-10 17:57:53', '2018-07-10 19:12:38'),(17, 1, 4, 1, 114, '2018-07-10 17:57:56', '2018-07-10 19:12:58', NULL, 2, 0, '2018-07-10 17:57:56', '2018-07-10 19:12:58'),(18, 12, 2, 1, 114, '2018-07-10 19:07:27', '2018-07-10 19:14:14', NULL, 2, 0, '2018-07-10 19:07:27', '2018-07-10 19:14:14'),(19, 31, 1, 1, 114, '2018-07-10 19:07:31', '2018-07-10 19:09:30', NULL, 2, 1, '2018-07-10 19:07:31', '2018-07-10 19:09:30'),(20, 17, 7, 1, 114, '2018-07-10 19:18:55', '2018-07-10 19:18:57', NULL, 2, 0, '2018-07-10 19:18:55', '2018-07-10 19:18:57'),(21, 17, 7, 1, 114, '2018-07-11 13:30:51', '2018-07-11 13:31:50', NULL, 2, 0, '2018-07-11 13:30:51', '2018-07-11 13:31:50'),(22, 3, 6, 1, 114, '2018-07-11 13:37:17', '2018-07-11 13:38:26', NULL, 2, 0, '2018-07-11 13:37:17', '2018-07-11 13:38:26'),(23, 2, 5, 1, 114, '2018-07-11 13:55:59', '2018-07-11 13:56:22', NULL, 2, 2, '2018-07-11 13:55:59', '2018-07-11 13:56:22'),(24, 2, 5, 1, 114, '2018-07-11 13:56:33', '2018-07-11 13:56:41', NULL, 2, 2, '2018-07-11 13:56:33', '2018-07-11 13:56:41'),(25, 10, 8, 1, 114, '2018-07-11 14:06:26', '2018-07-11 15:21:46', NULL, 2, 0, '2018-07-11 14:06:26', '2018-07-11 15:21:46'),(26, 12, 2, 1, 114, '2018-07-11 14:22:12', '2018-07-11 17:48:21', NULL, 2, 0, '2018-07-11 14:22:12', '2018-07-11 17:48:21'),(27, 3, 6, 1, 114, '2018-07-11 14:22:15', '2018-07-11 16:15:08', NULL, 2, 2, '2018-07-11 14:22:15', '2018-07-11 16:15:08'),(28, 7, 3, 1, 114, '2018-07-11 16:15:28', '2018-07-11 18:57:46', NULL, 2, 0, '2018-07-11 16:15:28', '2018-07-11 18:57:46'),(29, 1, 4, 1, 114, '2018-07-11 16:15:33', '2018-07-11 19:41:27', NULL, 2, 0, '2018-07-11 16:15:33', '2018-07-11 19:41:27'),(30, 3, 6, 1, 114, '2018-07-11 16:52:50', '2018-07-11 19:56:11', NULL, 2, 0, '2018-07-11 16:52:50', '2018-07-11 19:56:11'),(31, 31, 1, 1, 114, '2018-07-11 18:19:56', '2018-07-11 19:59:31', NULL, 2, 0, '2018-07-11 18:19:56', '2018-07-11 19:59:31'),(32, 2, 9, 1, 114, '2018-07-11 18:19:59', '2018-07-11 20:04:24', NULL, 2, 0, '2018-07-11 18:19:59', '2018-07-11 20:04:24'),(33, 10, 8, 1, 114, '2018-07-11 18:20:01', '2018-07-11 20:07:11', NULL, 2, 0, '2018-07-11 18:20:01', '2018-07-11 20:07:11'),(34, 12, 2, 1, 114, '2018-07-11 18:20:04', '2018-07-11 18:59:12', NULL, 2, 2, '2018-07-11 18:20:04', '2018-07-11 18:59:12'),(35, 12, 2, 1, 114, '2018-07-11 19:59:41', '2018-07-11 20:10:54', NULL, 2, 0, '2018-07-11 19:59:41', '2018-07-11 20:10:54'),(36, 1, 4, 1, 114, '2018-07-22 16:06:41', '2018-07-22 17:12:02', NULL, 1, 0, '2018-07-22 16:06:41', '2018-07-22 17:12:02');
UNLOCK TABLES;
COMMIT;
BEGIN;
LOCK TABLES `centralcar`.`cr_domicilios` WRITE;
DELETE FROM `centralcar`.`cr_domicilios`;
INSERT INTO `centralcar`.`cr_domicilios` (`id_domicilio`,`id_operador`,`domicilio`,`cat_tipodomicilio`,`cat_statusdomicilio`,`user_alta`,`user_mod`,`fecha_alta`,`fecha_mod`) VALUES (1, 1, 'Choapan #22 - 101 Colonia Condesa', 125, 128, 2, NULL, '2018-06-19 20:40:09', '2018-06-19 20:40:09'),(2, 3, 'Cerro de la Estrella #3 Colonia Jorge Jimnez Cant Tlalnepantla de Baz, Estado de Mexico C.P. 54190', 125, 128, 2, NULL, '2018-06-19 20:41:50', '2018-06-19 20:41:50'),(3, 4, 'Av. 4 # 501 Colonia Puebla, Venustiano Carranza, CDMX', 125, 128, 2, NULL, '2018-06-19 20:42:46', '2018-06-19 20:42:46'),(4, 5, 'Hroes de la Fe 15 Colonia Abraham Gonzlez', 125, 128, 2, NULL, '2018-06-19 20:45:27', '2018-06-19 20:45:27'),(5, 6, 'Primera cerrada de Cuitlahuac #2 Colonia La Asuncin', 125, 128, 2, NULL, '2018-06-19 20:46:32', '2018-06-19 20:46:32'),(6, 7, 'Calle 7 # 17 Colonia AMpliacin Tepepan, Xochimilco, CDMX', 125, 128, 2, 2, '2018-06-19 20:48:22', '2018-06-19 20:49:03'),(7, 8, 'Calle 9 de Septiembre sin numero, colonia Santa Ana Jilotzingo, Estado de Mxico CP 54570', 0, 0, 2, NULL, '2018-06-19 20:53:17', '2018-06-19 20:53:17'),(8, 8, '9 de septiembre sin nmero, colonia Santa Ana Jilotzingo, Estado de Mxico CP 54570', 125, 128, 2, NULL, '2018-06-19 20:54:39', '2018-06-19 20:54:39'),(9, 9, 'Calle 25 Interior 96 Colonia Olivar del Conde', 125, 128, 2, NULL, '2018-06-19 20:55:25', '2018-06-19 20:55:25'),(10, 10, 'Circuito Turquesa MZ 5 condominio A casa 3B Unidad Habitacional Del Carmen Ixtapaluca Estado de Mexico CP 56560', 125, 128, 2, NULL, '2018-06-19 20:57:03', '2018-06-19 20:57:03'),(11, 11, 'Calle Osuna #38 PB Colonia Cerro de la Estrella, Iztapalapa CDMX CP 09860', 125, 128, 2, NULL, '2018-06-19 20:58:25', '2018-06-19 20:58:25'),(12, 12, '4 Mza 6 Lt2 Paseo de San Agustin #A S, Ecatepec de Morelos, Estado de Mxico CP 55130', 125, 128, 2, NULL, '2018-06-19 21:01:52', '2018-06-19 21:01:52'),(13, 13, 'Pino 4 Col Magdalena Culhuacan, Coyoacan CDMX ', 125, 128, 2, NULL, '2018-06-19 21:03:35', '2018-06-19 21:03:35'),(14, 14, 'Calle 3 #21 Col. Reforma Social Miguel Hidalgo CDMX CP 11650', 125, 128, 2, NULL, '2018-06-19 21:04:16', '2018-06-19 21:04:16'),(15, 15, 'Sonetistas Mz10 Lt28 Colonia Nueva Rosita Iztapalapa CDMX CP09420', 125, 128, 2, NULL, '2018-06-19 21:10:08', '2018-06-19 21:10:08'),(16, 16, 'Aguascalientes # 42 fraccionamiento Jardines de Morelos, Ecatepec de Morelos, Estado de Mexico CP55070', 125, 128, 2, NULL, '2018-06-19 21:11:38', '2018-06-19 21:11:38'),(17, 17, 'Calle Jos Mara Villaseca Lt7 Colonia Santa Mara Nativitas, Chimalhuacn Estado de Mxico CP 56335', 125, 128, 2, NULL, '2018-06-19 21:13:17', '2018-06-19 21:13:17'),(18, 18, 'Sierra Hermosa #45 Colonia Benito Jurez, Naucalpan Estado de Mxico, CP53790', 125, 128, 2, NULL, '2018-06-19 21:14:08', '2018-06-19 21:14:08'),(19, 19, 'Calle Monrovia #302 305 Colonia Portales Norte, Benito Jurez CDMX CP 03300\r\n', 125, 128, 2, NULL, '2018-06-19 21:15:44', '2018-06-19 21:15:44'),(20, 20, 'Pino #2 Colonia Barrio La Magdalena Culhuacan, Coyoacn CDMX CP 04260', 125, 128, 2, NULL, '2018-06-19 21:17:00', '2018-06-19 21:17:00'),(21, 21, 'Mineros Metalrgicos #145 colonia Trabajdores de Hierro CP 02650 CDMX', 125, 128, 2, NULL, '2018-06-19 21:18:21', '2018-06-19 21:18:21'),(22, 22, 'Cda. 20 de Noviembre colonia Altamira', 125, 128, 2, NULL, '2018-06-19 21:19:11', '2018-06-19 21:19:11'),(23, 23, 'Sierra Hermosa #45 colonia Benito Jurez, Naucalpan Estado de Mxico CP 53790', 125, 128, 2, NULL, '2018-06-19 21:20:09', '2018-06-19 21:20:09'),(24, 24, 'Calle Luna #18 interior 307 colonia Guerrero Cuauhtmoc, CDMX CP06300', 125, 128, 2, NULL, '2018-06-19 21:21:00', '2018-06-19 21:21:00'),(25, 25, 'Calle Cordillera #50 Colonia Atlanta Segunda seccion , Cuautitlan Izcalli, Estado de Mxico CD54740', 125, 128, 2, NULL, '2018-06-19 21:22:28', '2018-06-19 21:22:28'),(26, 26, 'Calle Santa Anita #137B interior 104 colonia Moderna benito Jurez CDMX ', 125, 128, 2, NULL, '2018-06-19 21:23:18', '2018-06-19 21:23:18'),(27, 27, 'Calle Sur 69A #437 Colonia Banjidal Iztapalapa CDMX CP 09450', 125, 128, 2, NULL, '2018-06-19 21:26:13', '2018-06-19 21:26:13'),(28, 28, 'Cda. Tlatenco 11, Pueblo Santa Catarina Azcapotzalco CDMX CP02250', 125, 128, 2, NULL, '2018-06-19 21:27:11', '2018-06-19 21:27:11'),(29, 29, 'Calle Encino Mz5 Lt23 Colonia Los Bordos Ecatepec de Morelos Estado de Mxicp CP55319', 125, 128, 2, NULL, '2018-06-19 21:28:25', '2018-06-19 21:28:25'),(30, 36, 'Calle Union 187 interior 6 colonia Escandn Segunda Seccin Miguel Hidalgo CP 11800', 125, 128, 2, NULL, '2018-06-19 21:29:08', '2018-06-19 21:29:08'),(31, 35, 'Thiers 183 interior 3 Colonia Anzures Miguel Hidalgo', 125, 128, 2, NULL, '2018-06-19 21:29:56', '2018-06-19 21:29:56');
UNLOCK TABLES;
COMMIT;
BEGIN;
LOCK TABLES `centralcar`.`cr_episodios` WRITE;
DELETE FROM `centralcar`.`cr_episodios`;
INSERT INTO `centralcar`.`cr_episodios` (`id_episodio`,`id_operador`,`inicio`,`fin`,`tiempo`,`session_id`,`id_operador_unidad`,`user_alta`,`user_mod`,`fecha_alta`,`fecha_mod`) VALUES (1, 32, '2018-07-10 17:38:59', NULL, NULL, 'DIRECTO', 31, 1, NULL, '2018-07-10 17:38:59', '2018-07-10 17:38:59'),(2, 8, '2018-07-10 17:39:02', NULL, NULL, 'DIRECTO', 12, 1, NULL, '2018-07-10 17:39:02', '2018-07-10 17:39:02'),(3, 5, '2018-07-10 17:39:04', NULL, NULL, 'DIRECTO', 7, 1, NULL, '2018-07-10 17:39:04', '2018-07-10 17:39:04'),(4, 1, '2018-07-10 17:39:42', NULL, NULL, 'DIRECTO', 1, 2, NULL, '2018-07-10 17:39:42', '2018-07-10 17:39:42'),(5, 2, '2018-07-10 17:39:46', '2018-07-11 14:21:41', '20:41:55', 'DIRECTO', 2, 2, 2, '2018-07-10 17:39:46', '2018-07-11 14:21:41'),(6, 3, '2018-07-10 17:39:49', NULL, NULL, 'DIRECTO', 3, 2, NULL, '2018-07-10 17:39:49', '2018-07-10 17:39:49'),(7, 12, '2018-07-10 19:18:41', NULL, NULL, 'DIRECTO', 17, 2, NULL, '2018-07-10 19:18:41', '2018-07-10 19:18:41'),(8, 7, '2018-07-10 19:24:41', NULL, NULL, 'DIRECTO', 10, 2, NULL, '2018-07-10 19:24:41', '2018-07-10 19:24:41'),(9, 2, '2018-07-11 14:21:41', NULL, NULL, 'DIRECTO', 2, 2, NULL, '2018-07-11 14:21:41', '2018-07-11 14:21:41');
UNLOCK TABLES;
COMMIT;
BEGIN;
LOCK TABLES `centralcar`.`cr_horario_operador_unidad` WRITE;
DELETE FROM `centralcar`.`cr_horario_operador_unidad`;
UNLOCK TABLES;
COMMIT;
BEGIN;
LOCK TABLES `centralcar`.`cr_marcas` WRITE;
DELETE FROM `centralcar`.`cr_marcas`;
INSERT INTO `centralcar`.`cr_marcas` (`id_marca`,`marca`,`slug`,`user_alta`,`user_mod`,`fecha_alta`,`fecha_mod`) VALUES (1, 'Acura', 'acura', NULL, NULL, NULL, '2018-06-14 19:15:00'),(2, 'Alfa Romeo', 'alfa-romeo', NULL, NULL, NULL, '2018-06-14 19:15:01'),(3, 'Ariel', 'ariel', NULL, NULL, NULL, '2018-06-14 19:15:02'),(4, 'Aston Martin', 'aston-martin', NULL, NULL, NULL, '2018-06-14 19:15:03'),(5, 'Audi', 'audi', NULL, NULL, NULL, '2018-06-14 19:15:04'),(6, 'BAIC', 'baic', NULL, NULL, NULL, '2018-06-14 19:15:06'),(7, 'Bentley', 'bentley', NULL, NULL, NULL, '2018-06-14 19:15:07'),(8, 'BMW', 'bmw', NULL, NULL, NULL, '2018-06-14 19:15:08'),(9, 'Bugatti', 'bugatti', NULL, NULL, NULL, '2018-06-14 19:15:09'),(10, 'Buick', 'buick', NULL, NULL, NULL, '2018-06-14 19:15:10'),(11, 'Cadillac', 'cadillac', NULL, NULL, NULL, '2018-06-14 19:15:11'),(12, 'Chevrolet', 'chevrolet', NULL, NULL, NULL, '2018-06-14 19:15:12'),(13, 'Chrysler', 'chrysler', NULL, NULL, NULL, '2018-06-14 19:15:14'),(14, 'Dodge', 'dodge', NULL, NULL, NULL, '2018-06-14 19:15:15'),(15, 'FAW', 'faw', NULL, NULL, NULL, '2018-06-14 19:15:16'),(16, 'Ferrari', 'ferrari', NULL, NULL, NULL, '2018-06-14 19:15:17'),(17, 'Fiat', 'fiat', NULL, NULL, NULL, '2018-06-14 19:15:19'),(18, 'Ford', 'ford', NULL, NULL, NULL, '2018-06-14 19:15:20'),(19, 'GMC', 'gmc', NULL, NULL, NULL, '2018-06-14 19:15:21'),(20, 'Honda', 'honda', NULL, NULL, NULL, '2018-06-14 19:15:22'),(21, 'Hummer', 'hummer', NULL, NULL, NULL, '2018-06-14 19:15:24'),(22, 'Hyundai', 'hyundai', NULL, NULL, NULL, '2018-06-14 19:15:25'),(23, 'Infiniti', 'infiniti', NULL, NULL, NULL, '2018-06-14 19:15:26'),(24, 'Isuzu', 'isuzu', NULL, NULL, NULL, '2018-06-14 19:15:27'),(25, 'Jac', 'jac', NULL, NULL, NULL, '2018-06-14 19:15:28'),(26, 'Jaguar', 'jaguar', NULL, NULL, NULL, '2018-06-14 19:15:29'),(27, 'Jeep', 'jeep', NULL, NULL, NULL, '2018-06-14 19:15:30'),(28, 'Kia', 'kia', NULL, NULL, NULL, '2018-06-14 19:15:32'),(29, 'Lamborghini', 'lamborghini', NULL, NULL, NULL, '2018-06-14 19:15:33'),(30, 'Land Rover', 'land-rover', NULL, NULL, NULL, '2018-06-14 19:15:34'),(31, 'Lincoln', 'lincoln', NULL, NULL, NULL, '2018-06-14 19:15:35'),(32, 'Lotus', 'lotus', NULL, NULL, NULL, '2018-06-14 19:15:36'),(33, 'Maserati', 'maserati', NULL, NULL, NULL, '2018-06-14 19:15:37'),(34, 'Mastretta', 'mastretta', NULL, NULL, NULL, '2018-06-14 19:15:38'),(35, 'Maybach', 'maybach', NULL, NULL, NULL, '2018-06-14 19:15:40'),(36, 'Mazda', 'mazda', NULL, NULL, NULL, '2018-06-14 19:15:41'),(37, 'McLaren Automotive', 'mclaren-automotive', NULL, NULL, NULL, '2018-06-14 19:15:42'),(38, 'Mercedes Benz', 'mercedes-benz', NULL, NULL, NULL, '2018-06-14 19:15:43'),(39, 'Mercury', 'mercury', NULL, NULL, NULL, '2018-06-14 19:15:44'),(40, 'MG', 'mg', NULL, NULL, NULL, '2018-06-14 19:15:45'),(41, 'MINI', 'mini', NULL, NULL, NULL, '2018-06-14 19:15:46'),(42, 'Mitsubishi', 'mitsubishi', NULL, NULL, NULL, '2018-06-14 19:15:48'),(43, 'Morgan Motor', 'morgan-motor', NULL, NULL, NULL, '2018-06-14 19:15:49'),(44, 'Nissan', 'nissan', NULL, NULL, NULL, '2018-06-14 19:15:50'),(45, 'Oldsmobile', 'oldsmobile', NULL, NULL, NULL, '2018-06-14 19:15:51'),(46, 'Opel', 'opel', NULL, NULL, NULL, '2018-06-14 19:15:52'),(47, 'Peugeot', 'peugeot', NULL, NULL, NULL, '2018-06-14 19:15:53'),(48, 'Plymouth', 'plymouth', NULL, NULL, NULL, '2018-06-14 19:15:55'),(49, 'Pontiac', 'pontiac', NULL, NULL, NULL, '2018-06-14 19:15:56'),(50, 'Porsche', 'porsche', NULL, NULL, NULL, '2018-06-14 19:15:57'),(51, 'RAM', 'ram', NULL, NULL, NULL, '2018-06-14 19:15:58'),(52, 'Renault', 'renault', NULL, NULL, NULL, '2018-06-14 19:15:59'),(53, 'Rover', 'rover', NULL, NULL, NULL, '2018-06-14 19:16:00'),(54, 'Saab', 'saab', NULL, NULL, NULL, '2018-06-14 19:16:02'),(55, 'SEAT', 'seat', NULL, NULL, NULL, '2018-06-14 19:16:03'),(56, 'smart', 'smart', NULL, NULL, NULL, '2018-06-14 19:16:04'),(57, 'SRT', 'srt', NULL, NULL, NULL, '2018-06-14 19:16:05'),(58, 'Subaru', 'subaru', NULL, NULL, NULL, '2018-06-14 19:16:06'),(59, 'Suzuki', 'suzuki', NULL, NULL, NULL, '2018-06-14 19:16:07'),(60, 'Tesla', 'tesla', NULL, NULL, NULL, '2018-06-14 19:16:08'),(61, 'Toyota', 'toyota', NULL, NULL, NULL, '2018-06-14 19:16:10'),(62, 'Triumph', 'triumph', NULL, NULL, NULL, '2018-06-14 19:16:11'),(63, 'Volkswagen', 'volkswagen', NULL, NULL, NULL, '2018-06-14 19:16:12'),(64, 'Volvo', 'volvo', NULL, NULL, NULL, '2018-06-14 19:16:13');
UNLOCK TABLES;
COMMIT;
BEGIN;
LOCK TABLES `centralcar`.`cr_modelos` WRITE;
DELETE FROM `centralcar`.`cr_modelos`;
INSERT INTO `centralcar`.`cr_modelos` (`id_modelo`,`id_marca`,`modelo`,`slug`,`user_alta`,`user_mod`,`fecha_alta`,`fecha_mod`) VALUES (1, '1', 'ILX', 'ilx', NULL, NULL, NULL, '2018-06-14 19:15:01'),(2, '1', 'MDX', 'mdx', NULL, NULL, NULL, '2018-06-14 19:15:01'),(3, '1', 'NSX', 'nsx', NULL, NULL, NULL, '2018-06-14 19:15:01'),(4, '1', 'RDX', 'rdx', NULL, NULL, NULL, '2018-06-14 19:15:01'),(5, '1', 'RL', 'rl', NULL, NULL, NULL, '2018-06-14 19:15:01'),(6, '1', 'RLX', 'rlx', NULL, NULL, NULL, '2018-06-14 19:15:01'),(7, '1', 'TL', 'tl', NULL, NULL, NULL, '2018-06-14 19:15:01'),(8, '1', 'TLX', 'tlx', NULL, NULL, NULL, '2018-06-14 19:15:01'),(9, '1', 'TSX', 'tsx', NULL, NULL, NULL, '2018-06-14 19:15:01'),(10, '1', 'ZDX', 'zdx', NULL, NULL, NULL, '2018-06-14 19:15:01'),(11, '2', '147', '147', NULL, NULL, NULL, '2018-06-14 19:15:02'),(12, '2', '156', '156', NULL, NULL, NULL, '2018-06-14 19:15:02'),(13, '2', '159', '159', NULL, NULL, NULL, '2018-06-14 19:15:02'),(14, '2', '166', '166', NULL, NULL, NULL, '2018-06-14 19:15:02'),(15, '2', '4C', '4c', NULL, NULL, NULL, '2018-06-14 19:15:02'),(16, '2', 'Brera', 'brera', NULL, NULL, NULL, '2018-06-14 19:15:02'),(17, '2', 'Giulia', 'giulia', NULL, NULL, NULL, '2018-06-14 19:15:02'),(18, '2', 'Giulietta', 'giulietta', NULL, NULL, NULL, '2018-06-14 19:15:02'),(19, '2', 'GT', 'gt', NULL, NULL, NULL, '2018-06-14 19:15:02'),(20, '2', 'GTV', 'gtv', NULL, NULL, NULL, '2018-06-14 19:15:02'),(21, '2', 'MiTo', 'mito', NULL, NULL, NULL, '2018-06-14 19:15:02'),(22, '2', 'Spider', 'spider', NULL, NULL, NULL, '2018-06-14 19:15:02'),(23, '2', 'Stelvio', 'stelvio', NULL, NULL, NULL, '2018-06-14 19:15:02'),(24, '3', 'Atom', 'atom', NULL, NULL, NULL, '2018-06-14 19:15:03'),(25, '4', 'DB11', 'db11', NULL, NULL, NULL, '2018-06-14 19:15:04'),(26, '4', 'DB7', 'db7', NULL, NULL, NULL, '2018-06-14 19:15:04'),(27, '4', 'DB9', 'db9', NULL, NULL, NULL, '2018-06-14 19:15:04'),(28, '4', 'DBS', 'dbs', NULL, NULL, NULL, '2018-06-14 19:15:04'),(29, '4', 'Rapide', 'rapide', NULL, NULL, NULL, '2018-06-14 19:15:04'),(30, '4', 'Vanquish', 'vanquish', NULL, NULL, NULL, '2018-06-14 19:15:04'),(31, '4', 'Vantage', 'vantage', NULL, NULL, NULL, '2018-06-14 19:15:04'),(32, '4', 'Vantage', 'vantage', NULL, NULL, NULL, '2018-06-14 19:15:04'),(33, '5', 'A1', 'a1', NULL, NULL, NULL, '2018-06-14 19:15:05'),(34, '5', 'A3', 'a3', NULL, NULL, NULL, '2018-06-14 19:15:05'),(35, '5', 'A4', 'a4', NULL, NULL, NULL, '2018-06-14 19:15:05'),(36, '5', 'A5', 'a5', NULL, NULL, NULL, '2018-06-14 19:15:05'),(37, '5', 'A6', 'a6', NULL, NULL, NULL, '2018-06-14 19:15:06'),(38, '5', 'A7', 'a7', NULL, NULL, NULL, '2018-06-14 19:15:06'),(39, '5', 'A8', 'a8', NULL, NULL, NULL, '2018-06-14 19:15:06'),(40, '5', 'Allroad', 'allroad', NULL, NULL, NULL, '2018-06-14 19:15:06'),(41, '5', 'Cabriolet', 'cabriolet', NULL, NULL, NULL, '2018-06-14 19:15:06'),(42, '5', 'Q2', 'q2', NULL, NULL, NULL, '2018-06-14 19:15:06'),(43, '5', 'Q3', 'q3', NULL, NULL, NULL, '2018-06-14 19:15:06'),(44, '5', 'Q5', 'q5', NULL, NULL, NULL, '2018-06-14 19:15:06'),(45, '5', 'Q7', 'q7', NULL, NULL, NULL, '2018-06-14 19:15:06'),(46, '5', 'R8', 'r8', NULL, NULL, NULL, '2018-06-14 19:15:06'),(47, '5', 'Serie RS', 'serie-rs', NULL, NULL, NULL, '2018-06-14 19:15:06'),(48, '5', 'Serie S', 'serie-s', NULL, NULL, NULL, '2018-06-14 19:15:06'),(49, '5', 'TT', 'tt', NULL, NULL, NULL, '2018-06-14 19:15:06'),(50, '6', 'BJ40', 'bj40', NULL, NULL, NULL, '2018-06-14 19:15:07'),(51, '6', 'D20', 'd20', NULL, NULL, NULL, '2018-06-14 19:15:07'),(52, '6', 'X25', 'x25', NULL, NULL, NULL, '2018-06-14 19:15:07'),(53, '6', 'X65', 'x65', NULL, NULL, NULL, '2018-06-14 19:15:07'),(54, '7', '1970', '1970', NULL, NULL, NULL, '2018-06-14 19:15:08'),(55, '7', 'Bentayga', 'bentayga', NULL, NULL, NULL, '2018-06-14 19:15:08'),(56, '7', 'Continental Flying Spur', 'continental-flying-spur', NULL, NULL, NULL, '2018-06-14 19:15:08'),(57, '7', 'Continental GT', 'continental-gt', NULL, NULL, NULL, '2018-06-14 19:15:08'),(58, '7', 'Flying Spur', 'flying-spur', NULL, NULL, NULL, '2018-06-14 19:15:08'),(59, '7', 'Mulsanne', 'mulsanne', NULL, NULL, NULL, '2018-06-14 19:15:08'),(60, '8', 'i3', 'i3', NULL, NULL, NULL, '2018-06-14 19:15:09'),(61, '8', 'i8', 'i8', NULL, NULL, NULL, '2018-06-14 19:15:09'),(62, '8', 'Serie 1', 'serie-1', NULL, NULL, NULL, '2018-06-14 19:15:09'),(63, '8', 'Serie 2', 'serie-2', NULL, NULL, NULL, '2018-06-14 19:15:09'),(64, '8', 'Serie 3', 'serie-3', NULL, NULL, NULL, '2018-06-14 19:15:09'),(65, '8', 'Serie 4', 'serie-4', NULL, NULL, NULL, '2018-06-14 19:15:09'),(66, '8', 'Serie 5', 'serie-5', NULL, NULL, NULL, '2018-06-14 19:15:09'),(67, '8', 'Serie 5 Gran Turismo', 'serie-5-gran-turismo', NULL, NULL, NULL, '2018-06-14 19:15:09'),(68, '8', 'Serie 6', 'serie-6', NULL, NULL, NULL, '2018-06-14 19:15:09'),(69, '8', 'Serie 7', 'serie-7', NULL, NULL, NULL, '2018-06-14 19:15:09'),(70, '8', 'Serie 8', 'serie-8', NULL, NULL, NULL, '2018-06-14 19:15:09'),(71, '8', 'Serie M', 'serie-m', NULL, NULL, NULL, '2018-06-14 19:15:09'),(72, '8', 'X1', 'x1', NULL, NULL, NULL, '2018-06-14 19:15:09'),(73, '8', 'X2', 'x2', NULL, NULL, NULL, '2018-06-14 19:15:09'),(74, '8', 'X3', 'x3', NULL, NULL, NULL, '2018-06-14 19:15:09'),(75, '8', 'X4', 'x4', NULL, NULL, NULL, '2018-06-14 19:15:09'),(76, '8', 'X5', 'x5', NULL, NULL, NULL, '2018-06-14 19:15:09'),(77, '8', 'X6', 'x6', NULL, NULL, NULL, '2018-06-14 19:15:09'),(78, '8', 'Z3', 'z3', NULL, NULL, NULL, '2018-06-14 19:15:09'),(79, '8', 'Z4', 'z4', NULL, NULL, NULL, '2018-06-14 19:15:09'),(80, '8', 'Z8', 'z8', NULL, NULL, NULL, '2018-06-14 19:15:09'),(81, '9', 'EB', 'eb', NULL, NULL, NULL, '2018-06-14 19:15:10'),(82, '10', 'Century', 'century', NULL, NULL, NULL, '2018-06-14 19:15:11'),(83, '10', 'Enclave', 'enclave', NULL, NULL, NULL, '2018-06-14 19:15:11'),(84, '10', 'Encore', 'encore', NULL, NULL, NULL, '2018-06-14 19:15:11'),(85, '10', 'Envision', 'envision', NULL, NULL, NULL, '2018-06-14 19:15:11'),(86, '10', 'LaCrosse', 'lacrosse', NULL, NULL, NULL, '2018-06-14 19:15:11'),(87, '10', 'Regal', 'regal', NULL, NULL, NULL, '2018-06-14 19:15:11'),(88, '10', 'Verano', 'verano', NULL, NULL, NULL, '2018-06-14 19:15:11'),(89, '11', 'ATS', 'ats', NULL, NULL, NULL, '2018-06-14 19:15:12'),(90, '11', 'ATS Coup', 'ats-coupe', NULL, NULL, NULL, '2018-06-14 19:15:12'),(91, '11', 'ATS V', 'ats-v', NULL, NULL, NULL, '2018-06-14 19:15:12'),(92, '11', 'BLS', 'bls', NULL, NULL, NULL, '2018-06-14 19:15:12'),(93, '11', 'Brougham', 'brougham', NULL, NULL, NULL, '2018-06-14 19:15:12'),(94, '11', 'Catera', 'catera', NULL, NULL, NULL, '2018-06-14 19:15:12'),(95, '11', 'CTS', 'cts', NULL, NULL, NULL, '2018-06-14 19:15:12'),(96, '11', 'CTS Coup', 'cts-coupe', NULL, NULL, NULL, '2018-06-14 19:15:12'),(97, '11', 'CTS V Series', 'cts-v-series', NULL, NULL, NULL, '2018-06-14 19:15:12'),(98, '11', 'De Ville', 'de-ville', NULL, NULL, NULL, '2018-06-14 19:15:12'),(99, '11', 'DTS', 'dts', NULL, NULL, NULL, '2018-06-14 19:15:12'),(100, '11', 'El Dorado', 'el-dorado', NULL, NULL, NULL, '2018-06-14 19:15:12'),(101, '11', 'Escalade', 'escalade', NULL, NULL, NULL, '2018-06-14 19:15:12'),(102, '11', 'Escalade ESV', 'escalade-esv', NULL, NULL, NULL, '2018-06-14 19:15:12'),(103, '11', 'Escalade EXT', 'escalade-ext', NULL, NULL, NULL, '2018-06-14 19:15:12'),(104, '11', 'Fleetwod', 'fleetwod', NULL, NULL, NULL, '2018-06-14 19:15:12'),(105, '11', 'Seville', 'seville', NULL, NULL, NULL, '2018-06-14 19:15:12'),(106, '11', 'SRX', 'srx', NULL, NULL, NULL, '2018-06-14 19:15:12'),(107, '11', 'STS', 'sts', NULL, NULL, NULL, '2018-06-14 19:15:12'),(108, '11', 'XLR', 'xlr', NULL, NULL, NULL, '2018-06-14 19:15:12'),(109, '11', 'XT5', 'xt5', NULL, NULL, NULL, '2018-06-14 19:15:12'),(110, '12', '210', '210', NULL, NULL, NULL, '2018-06-14 19:15:14'),(111, '12', 'Astra', 'astra', NULL, NULL, NULL, '2018-06-14 19:15:14'),(112, '12', 'Avalanche', 'avalanche', NULL, NULL, NULL, '2018-06-14 19:15:14'),(113, '12', 'Aveo', 'aveo', NULL, NULL, NULL, '2018-06-14 19:15:14'),(114, '12', 'Beat', 'beat', NULL, NULL, NULL, '2018-06-14 19:15:14'),(115, '12', 'Bel air', 'bel-air', NULL, NULL, NULL, '2018-06-14 19:15:14'),(116, '12', 'Blazer', 'blazer', NULL, NULL, NULL, '2018-06-14 19:15:14'),(117, '12', 'Bolt EV', 'bolt-ev', NULL, NULL, NULL, '2018-06-14 19:15:14'),(118, '12', 'C-10', 'c-10', NULL, NULL, NULL, '2018-06-14 19:15:14'),(119, '12', 'C-15', 'c-15', NULL, NULL, NULL, '2018-06-14 19:15:14'),(120, '12', 'C-20', 'c-20', NULL, NULL, NULL, '2018-06-14 19:15:14'),(121, '12', 'C-25', 'c-25', NULL, NULL, NULL, '2018-06-14 19:15:14'),(122, '12', 'C-35', 'c-35', NULL, NULL, NULL, '2018-06-14 19:15:14'),(123, '12', 'Camaro', 'camaro', NULL, NULL, NULL, '2018-06-14 19:15:14'),(124, '12', 'Camaro Convertible', 'camaro-convertible', NULL, NULL, NULL, '2018-06-14 19:15:14'),(125, '12', 'Caprice', 'caprice', NULL, NULL, NULL, '2018-06-14 19:15:14'),(126, '12', 'Captiva Sport', 'captiva-sport', NULL, NULL, NULL, '2018-06-14 19:15:14'),(127, '12', 'Cavalier', 'cavalier', NULL, NULL, NULL, '2018-06-14 19:15:14'),(128, '12', 'Chevy', 'chevy', NULL, NULL, NULL, '2018-06-14 19:15:14'),(129, '12', 'Chevy Sedn', 'chevy-sedan', NULL, NULL, NULL, '2018-06-14 19:15:14'),(130, '12', 'Cheyenne', 'cheyenne', NULL, NULL, NULL, '2018-06-14 19:15:14'),(131, '12', 'Colorado', 'colorado', NULL, NULL, NULL, '2018-06-14 19:15:14'),(132, '12', 'Corsa', 'corsa', NULL, NULL, NULL, '2018-06-14 19:15:14'),(133, '12', 'Corvette', 'corvette', NULL, NULL, NULL, '2018-06-14 19:15:14'),(134, '12', 'Corvette Convertible', 'corvette-convertible', NULL, NULL, NULL, '2018-06-14 19:15:14'),(135, '12', 'Cruze', 'cruze', NULL, NULL, NULL, '2018-06-14 19:15:14'),(136, '12', 'Cutlass', 'cutlass', NULL, NULL, NULL, '2018-06-14 19:15:14'),(137, '12', 'Epica', 'epica', NULL, NULL, NULL, '2018-06-14 19:15:14'),(138, '12', 'Equinox', 'equinox', NULL, NULL, NULL, '2018-06-14 19:15:14'),(139, '12', 'Express', 'express', NULL, NULL, NULL, '2018-06-14 19:15:14'),(140, '12', 'Express Cutaway', 'express-cutaway', NULL, NULL, NULL, '2018-06-14 19:15:14'),(141, '12', 'HHR', 'hhr', NULL, NULL, NULL, '2018-06-14 19:15:14'),(142, '12', 'Impala', 'impala', NULL, NULL, NULL, '2018-06-14 19:15:14'),(143, '12', 'Lumina', 'lumina', NULL, NULL, NULL, '2018-06-14 19:15:14'),(144, '12', 'Luv', 'luv', NULL, NULL, NULL, '2018-06-14 19:15:14'),(145, '12', 'Malib', 'malibu', NULL, NULL, NULL, '2018-06-14 19:15:14'),(146, '12', 'Matiz', 'matiz', NULL, NULL, NULL, '2018-06-14 19:15:14'),(147, '12', 'Meriva', 'meriva', NULL, NULL, NULL, '2018-06-14 19:15:14'),(148, '12', 'Monte Carlo', 'monte-carlo', NULL, NULL, NULL, '2018-06-14 19:15:14'),(149, '12', 'Optra', 'optra', NULL, NULL, NULL, '2018-06-14 19:15:14'),(150, '12', 'P-30', 'p-30', NULL, NULL, NULL, '2018-06-14 19:15:14'),(151, '12', 'S-10', 's-10', NULL, NULL, NULL, '2018-06-14 19:15:14'),(152, '12', 'Silverado 1500', 'silverado-1500', NULL, NULL, NULL, '2018-06-14 19:15:14'),(153, '12', 'Silverado 2500', 'silverado-2500', NULL, NULL, NULL, '2018-06-14 19:15:14'),(154, '12', 'Silverado 3500', 'silverado-3500', NULL, NULL, NULL, '2018-06-14 19:15:14'),(155, '12', 'Sonic', 'sonic', NULL, NULL, NULL, '2018-06-14 19:15:14'),(156, '12', 'Sonic RS', 'sonic-rs', NULL, NULL, NULL, '2018-06-14 19:15:14'),(157, '12', 'Sonora', 'sonora', NULL, NULL, NULL, '2018-06-14 19:15:14'),(158, '12', 'Spark', 'spark', NULL, NULL, NULL, '2018-06-14 19:15:14'),(159, '12', 'Spark Classic', 'spark-classic', NULL, NULL, NULL, '2018-06-14 19:15:14'),(160, '12', 'SSR', 'ssr', NULL, NULL, NULL, '2018-06-14 19:15:14'),(161, '12', 'Suburban', 'suburban', NULL, NULL, NULL, '2018-06-14 19:15:14'),(162, '12', 'Swing', 'swing', NULL, NULL, NULL, '2018-06-14 19:15:14'),(163, '12', 'Tahoe', 'tahoe', NULL, NULL, NULL, '2018-06-14 19:15:14'),(164, '12', 'Tigra', 'tigra', NULL, NULL, NULL, '2018-06-14 19:15:14'),(165, '12', 'Tornado', 'tornado', NULL, NULL, NULL, '2018-06-14 19:15:14'),(166, '12', 'Tracker', 'tracker', NULL, NULL, NULL, '2018-06-14 19:15:14'),(167, '12', 'Trail Blazer', 'trail-blazer', NULL, NULL, NULL, '2018-06-14 19:15:14'),(168, '12', 'Traverse', 'traverse', NULL, NULL, NULL, '2018-06-14 19:15:14'),(169, '12', 'Trax', 'trax', NULL, NULL, NULL, '2018-06-14 19:15:14'),(170, '12', 'Uplander', 'uplander', NULL, NULL, NULL, '2018-06-14 19:15:14'),(171, '12', 'Vectra', 'vectra', NULL, NULL, NULL, '2018-06-14 19:15:14'),(172, '12', 'Venture', 'venture', NULL, NULL, NULL, '2018-06-14 19:15:14'),(173, '12', 'Volt', 'volt', NULL, NULL, NULL, '2018-06-14 19:15:14'),(174, '12', 'Zafira', 'zafira', NULL, NULL, NULL, '2018-06-14 19:15:14'),(175, '13', '200', '200', NULL, NULL, NULL, '2018-06-14 19:15:15'),(176, '13', '300', '300', NULL, NULL, NULL, '2018-06-14 19:15:15'),(177, '13', '300 S', '300-s', NULL, NULL, NULL, '2018-06-14 19:15:15'),(178, '13', 'Aspen', 'aspen', NULL, NULL, NULL, '2018-06-14 19:15:15'),(179, '13', 'Atos', 'atos', NULL, NULL, NULL, '2018-06-14 19:15:15'),(180, '13', 'Breeze', 'breeze', NULL, NULL, NULL, '2018-06-14 19:15:15'),(181, '13', 'Cirrus', 'cirrus', NULL, NULL, NULL, '2018-06-14 19:15:15'),(182, '13', 'Cirrus Convertible', 'cirrus-convertible', NULL, NULL, NULL, '2018-06-14 19:15:15'),(183, '13', 'Concorde', 'concorde', NULL, NULL, NULL, '2018-06-14 19:15:15'),(184, '13', 'Coupe', 'coupe', NULL, NULL, NULL, '2018-06-14 19:15:15'),(185, '13', 'Crossfire', 'crossfire', NULL, NULL, NULL, '2018-06-14 19:15:15'),(186, '13', 'D-150', 'd-150', NULL, NULL, NULL, '2018-06-14 19:15:15'),(187, '13', 'D-250', 'd-250', NULL, NULL, NULL, '2018-06-14 19:15:15'),(188, '13', 'D-350', 'd-350', NULL, NULL, NULL, '2018-06-14 19:15:15'),(189, '13', 'Dart', 'dart', NULL, NULL, NULL, '2018-06-14 19:15:15'),(190, '13', 'Grand Voyager', 'grand-voyager', NULL, NULL, NULL, '2018-06-14 19:15:15'),(191, '13', 'Imperial', 'imperial', NULL, NULL, NULL, '2018-06-14 19:15:15'),(192, '13', 'Le Baron', 'le-baron', NULL, NULL, NULL, '2018-06-14 19:15:15'),(193, '13', 'Nen', 'neon', NULL, NULL, NULL, '2018-06-14 19:15:15'),(194, '13', 'New Yorker', 'new-yorker', NULL, NULL, NULL, '2018-06-14 19:15:15'),(195, '13', 'Pacfica', 'pacifica', NULL, NULL, NULL, '2018-06-14 19:15:15'),(196, '13', 'Phantom', 'phantom', NULL, NULL, NULL, '2018-06-14 19:15:15'),(197, '13', 'PT Cruiser', 'pt-cruiser', NULL, NULL, NULL, '2018-06-14 19:15:15'),(198, '13', 'Ram', 'ram', NULL, NULL, NULL, '2018-06-14 19:15:15'),(199, '13', 'Sebring', 'sebring', NULL, NULL, NULL, '2018-06-14 19:15:15'),(200, '13', 'Shadow', 'shadow', NULL, NULL, NULL, '2018-06-14 19:15:15'),(201, '13', 'Spirit', 'spirit', NULL, NULL, NULL, '2018-06-14 19:15:15'),(202, '13', 'Stratus', 'stratus', NULL, NULL, NULL, '2018-06-14 19:15:15'),(203, '13', 'Town and Country', 'town-and-country', NULL, NULL, NULL, '2018-06-14 19:15:15'),(204, '13', 'Voyager', 'voyager', NULL, NULL, NULL, '2018-06-14 19:15:15'),(205, '14', '1000', '1000', NULL, NULL, NULL, '2018-06-14 19:15:16'),(206, '14', 'Atos', 'atos', NULL, NULL, NULL, '2018-06-14 19:15:16'),(207, '14', 'Attitude', 'attitude', NULL, NULL, NULL, '2018-06-14 19:15:16'),(208, '14', 'Avenger', 'avenger', NULL, NULL, NULL, '2018-06-14 19:15:16'),(209, '14', 'Caliber', 'caliber', NULL, NULL, NULL, '2018-06-14 19:15:16'),(210, '14', 'Challenger', 'challenger', NULL, NULL, NULL, '2018-06-14 19:15:16'),(211, '14', 'Charger', 'charger', NULL, NULL, NULL, '2018-06-14 19:15:16'),(212, '14', 'Coronet', 'coronet', NULL, NULL, NULL, '2018-06-14 19:15:16'),(213, '14', 'D-150', 'd-150', NULL, NULL, NULL, '2018-06-14 19:15:16'),(214, '14', 'D-250', 'd-250', NULL, NULL, NULL, '2018-06-14 19:15:16'),(215, '14', 'Dart', 'dart', NULL, NULL, NULL, '2018-06-14 19:15:16'),(216, '14', 'Durango', 'durango', NULL, NULL, NULL, '2018-06-14 19:15:16'),(217, '14', 'Grand Caravan', 'grand-caravan', NULL, NULL, NULL, '2018-06-14 19:15:16'),(218, '14', 'H-100', 'h-100', NULL, NULL, NULL, '2018-06-14 19:15:16'),(219, '14', 'i10', 'i10', NULL, NULL, NULL, '2018-06-14 19:15:16'),(220, '14', 'Intrepid', 'intrepid', NULL, NULL, NULL, '2018-06-14 19:15:16'),(221, '14', 'Journey', 'journey', NULL, NULL, NULL, '2018-06-14 19:15:16'),(222, '14', 'Neon', 'neon', NULL, NULL, NULL, '2018-06-14 19:15:16'),(223, '14', 'Nitro', 'nitro', NULL, NULL, NULL, '2018-06-14 19:15:16'),(224, '14', 'Power Wagon', 'power-wagon', NULL, NULL, NULL, '2018-06-14 19:15:16'),(225, '14', 'Ram Charger', 'ram-charger', NULL, NULL, NULL, '2018-06-14 19:15:16'),(226, '14', 'Ram Mega Cab', 'ram-mega-cab', NULL, NULL, NULL, '2018-06-14 19:15:16'),(227, '14', 'Ram Wagon', 'ram-wagon', NULL, NULL, NULL, '2018-06-14 19:15:16'),(228, '14', 'Stratus', 'stratus', NULL, NULL, NULL, '2018-06-14 19:15:16'),(229, '14', 'Verna', 'verna', NULL, NULL, NULL, '2018-06-14 19:15:16'),(230, '14', 'Viper', 'viper', NULL, NULL, NULL, '2018-06-14 19:15:16'),(231, '14', 'Vision', 'vision', NULL, NULL, NULL, '2018-06-14 19:15:16'),(232, '15', 'F1', 'f1', NULL, NULL, NULL, '2018-06-14 19:15:17'),(233, '15', 'F4', 'f4', NULL, NULL, NULL, '2018-06-14 19:15:17'),(234, '15', 'F5', 'f5', NULL, NULL, NULL, '2018-06-14 19:15:17'),(235, '15', 'GF', 'gf', NULL, NULL, NULL, '2018-06-14 19:15:17'),(236, '16', '308', '308', NULL, NULL, NULL, '2018-06-14 19:15:19'),(237, '16', '458', '458', NULL, NULL, NULL, '2018-06-14 19:15:19'),(238, '16', '488 GTB', '488-gtb', NULL, NULL, NULL, '2018-06-14 19:15:19'),(239, '16', '599', '599', NULL, NULL, NULL, '2018-06-14 19:15:19'),(240, '16', '612', '612', NULL, NULL, NULL, '2018-06-14 19:15:19'),(241, '16', '812 SuperFast', '812-superfast', NULL, NULL, NULL, '2018-06-14 19:15:19'),(242, '16', 'California', 'california', NULL, NULL, NULL, '2018-06-14 19:15:19'),(243, '16', 'Enzo', 'enzo', NULL, NULL, NULL, '2018-06-14 19:15:19'),(244, '16', 'F12', 'f12', NULL, NULL, NULL, '2018-06-14 19:15:19'),(245, '16', 'F355', 'f355', NULL, NULL, NULL, '2018-06-14 19:15:19'),(246, '16', 'F360', 'f360', NULL, NULL, NULL, '2018-06-14 19:15:19'),(247, '16', 'F430', 'f430', NULL, NULL, NULL, '2018-06-14 19:15:19'),(248, '16', 'F456', 'f456', NULL, NULL, NULL, '2018-06-14 19:15:19'),(249, '16', 'F550 ', 'f550', NULL, NULL, NULL, '2018-06-14 19:15:19'),(250, '16', 'F575', 'f575', NULL, NULL, NULL, '2018-06-14 19:15:19'),(251, '16', 'FF', 'ff', NULL, NULL, NULL, '2018-06-14 19:15:19'),(252, '16', 'GTC4LUSSO', 'gtc4lusso', NULL, NULL, NULL, '2018-06-14 19:15:19'),(253, '16', 'LaFerrari', 'laferrari', NULL, NULL, NULL, '2018-06-14 19:15:19'),(254, '16', 'Testarossa', 'testarossa', NULL, NULL, NULL, '2018-06-14 19:15:19'),(255, '17', '500', '500', NULL, NULL, NULL, '2018-06-14 19:15:20'),(256, '17', '500L', '500l', NULL, NULL, NULL, '2018-06-14 19:15:20'),(257, '17', '500X', '500x', NULL, NULL, NULL, '2018-06-14 19:15:20'),(258, '17', 'Albea', 'albea', NULL, NULL, NULL, '2018-06-14 19:15:20'),(259, '17', 'Barcheta', 'barcheta', NULL, NULL, NULL, '2018-06-14 19:15:20'),(260, '17', 'Bravo', 'bravo', NULL, NULL, NULL, '2018-06-14 19:15:20'),(261, '17', 'Ducato Cargo Van', 'ducato-cargo-van', NULL, NULL, NULL, '2018-06-14 19:15:20'),(262, '17', 'Ducato Chasis', 'ducato-chasis', NULL, NULL, NULL, '2018-06-14 19:15:20'),(263, '17', 'Grande Punto', 'grande-punto', NULL, NULL, NULL, '2018-06-14 19:15:20'),(264, '17', 'Idea', 'idea', NULL, NULL, NULL, '2018-06-14 19:15:20'),(265, '17', 'Linea', 'linea', NULL, NULL, NULL, '2018-06-14 19:15:20'),(266, '17', 'Mobi', 'mobi', NULL, NULL, NULL, '2018-06-14 19:15:20'),(267, '17', 'Palio', 'palio', NULL, NULL, NULL, '2018-06-14 19:15:20'),(268, '17', 'Palio Adventure', 'palio-adventure', NULL, NULL, NULL, '2018-06-14 19:15:20'),(269, '17', 'Panda', 'panda', NULL, NULL, NULL, '2018-06-14 19:15:20'),(270, '17', 'Panda 4x4', 'panda-4x4', NULL, NULL, NULL, '2018-06-14 19:15:20'),(271, '17', 'Punto', 'punto', NULL, NULL, NULL, '2018-06-14 19:15:20'),(272, '17', 'Stilo', 'stilo', NULL, NULL, NULL, '2018-06-14 19:15:20'),(273, '17', 'Strada', 'strada', NULL, NULL, NULL, '2018-06-14 19:15:20'),(274, '17', 'Uno', 'uno', NULL, NULL, NULL, '2018-06-14 19:15:20'),(275, '18', 'Aerostar', 'aerostar', NULL, NULL, NULL, '2018-06-14 19:15:21'),(276, '18', 'Club Wagon', 'club-wagon', NULL, NULL, NULL, '2018-06-14 19:15:21'),(277, '18', 'Contour', 'contour', NULL, NULL, NULL, '2018-06-14 19:15:21'),(278, '18', 'Cougar', 'cougar', NULL, NULL, NULL, '2018-06-14 19:15:21'),(279, '18', 'Courier', 'courier', NULL, NULL, NULL, '2018-06-14 19:15:21'),(280, '18', 'Crown Victoria', 'crown-victoria', NULL, NULL, NULL, '2018-06-14 19:15:21'),(281, '18', 'E-150', 'e-150', NULL, NULL, NULL, '2018-06-14 19:15:21'),(282, '18', 'E-350', 'e-350', NULL, NULL, NULL, '2018-06-14 19:15:21'),(283, '18', 'Econoline', 'econoline', NULL, NULL, NULL, '2018-06-14 19:15:21'),(284, '18', 'Ecosport', 'ecosport', NULL, NULL, NULL, '2018-06-14 19:15:21'),(285, '18', 'Edge', 'edge', NULL, NULL, NULL, '2018-06-14 19:15:21'),(286, '18', 'Escape', 'escape', NULL, NULL, NULL, '2018-06-14 19:15:21'),(287, '18', 'Escort', 'escort', NULL, NULL, NULL, '2018-06-14 19:15:21'),(288, '18', 'Excursion', 'excursion', NULL, NULL, NULL, '2018-06-14 19:15:21'),(289, '18', 'Expedition', 'expedition', NULL, NULL, NULL, '2018-06-14 19:15:21'),(290, '18', 'Explorer', 'explorer', NULL, NULL, NULL, '2018-06-14 19:15:21'),(291, '18', 'F100', 'f100', NULL, NULL, NULL, '2018-06-14 19:15:21'),(292, '18', 'F-150', 'f-150', NULL, NULL, NULL, '2018-06-14 19:15:21'),(293, '18', 'F-200 V8', 'f-200-v8', NULL, NULL, NULL, '2018-06-14 19:15:21'),(294, '18', 'F-250', 'f-250', NULL, NULL, NULL, '2018-06-14 19:15:21'),(295, '18', 'F-350', 'f-350', NULL, NULL, NULL, '2018-06-14 19:15:21'),(296, '18', 'F-450', 'f-450', NULL, NULL, NULL, '2018-06-14 19:15:21'),(297, '18', 'F-550', 'f-550', NULL, NULL, NULL, '2018-06-14 19:15:21'),(298, '18', 'Fiesta Hatchback', 'fiesta-hatchback', NULL, NULL, NULL, '2018-06-14 19:15:21'),(299, '18', 'Fiesta Ikon Hatch', 'fiesta-ikon-hatch', NULL, NULL, NULL, '2018-06-14 19:15:21'),(300, '18', 'Fiesta Sedn', 'fiesta-sedan', NULL, NULL, NULL, '2018-06-14 19:15:21'),(301, '18', 'Fiesta ST', 'fiesta-st', NULL, NULL, NULL, '2018-06-14 19:15:21'),(302, '18', 'Figo Hatchback', 'figo-hatchback', NULL, NULL, NULL, '2018-06-14 19:15:21'),(303, '18', 'Figo Sedn', 'figo-sedan', NULL, NULL, NULL, '2018-06-14 19:15:21'),(304, '18', 'Five Hundred', 'five-hundred', NULL, NULL, NULL, '2018-06-14 19:15:21'),(305, '18', 'Focus', 'focus', NULL, NULL, NULL, '2018-06-14 19:15:21'),(306, '18', 'Focus Hatchback', 'focus-hatchback', NULL, NULL, NULL, '2018-06-14 19:15:21'),(307, '18', 'Focus RS', 'focus-rs', NULL, NULL, NULL, '2018-06-14 19:15:21'),(308, '18', 'Focus ST', 'focus-st', NULL, NULL, NULL, '2018-06-14 19:15:21'),(309, '18', 'Freestar', 'freestar', NULL, NULL, NULL, '2018-06-14 19:15:21'),(310, '18', 'Fusion', 'fusion', NULL, NULL, NULL, '2018-06-14 19:15:21'),(311, '18', 'Galaxie', 'galaxie', NULL, NULL, NULL, '2018-06-14 19:15:21'),(312, '18', 'Gha', 'ghia', NULL, NULL, NULL, '2018-06-14 19:15:21'),(313, '18', 'Grand Marquis', 'grand-marquis', NULL, NULL, NULL, '2018-06-14 19:15:21'),(314, '18', 'Ikon', 'ikon', NULL, NULL, NULL, '2018-06-14 19:15:21'),(315, '18', 'Ikon Sedn', 'ikon-sedan', NULL, NULL, NULL, '2018-06-14 19:15:21'),(316, '18', 'Ka', 'ka', NULL, NULL, NULL, '2018-06-14 19:15:21'),(317, '18', 'Lobo', 'lobo', NULL, NULL, NULL, '2018-06-14 19:15:21'),(318, '18', 'Mondeo', 'mondeo', NULL, NULL, NULL, '2018-06-14 19:15:21'),(319, '18', 'Mustang', 'mustang', NULL, NULL, NULL, '2018-06-14 19:15:21'),(320, '18', 'Mystique', 'mystique', NULL, NULL, NULL, '2018-06-14 19:15:21'),(321, '18', 'P-350 V8', 'p-350-v8', NULL, NULL, NULL, '2018-06-14 19:15:21'),(322, '18', 'Ranger', 'ranger', NULL, NULL, NULL, '2018-06-14 19:15:21'),(323, '18', 'Sable', 'sable', NULL, NULL, NULL, '2018-06-14 19:15:21'),(324, '18', 'Taurus', 'taurus', NULL, NULL, NULL, '2018-06-14 19:15:21'),(325, '18', 'Thunderbird', 'thunderbird', NULL, NULL, NULL, '2018-06-14 19:15:21'),(326, '18', 'Topaz', 'topaz', NULL, NULL, NULL, '2018-06-14 19:15:21'),(327, '18', 'Transit', 'transit', NULL, NULL, NULL, '2018-06-14 19:15:21'),(328, '18', 'Transit Custom', 'transit-custom', NULL, NULL, NULL, '2018-06-14 19:15:21'),(329, '18', 'Vanette', 'vanette', NULL, NULL, NULL, '2018-06-14 19:15:21'),(330, '18', 'Windstar', 'windstar', NULL, NULL, NULL, '2018-06-14 19:15:21'),(331, '19', 'Acadia', 'acadia', NULL, NULL, NULL, '2018-06-14 19:15:22'),(332, '19', 'Canyon', 'canyon', NULL, NULL, NULL, '2018-06-14 19:15:22'),(333, '19', 'Sierra', 'sierra', NULL, NULL, NULL, '2018-06-14 19:15:22'),(334, '19', 'Terrain', 'terrain', NULL, NULL, NULL, '2018-06-14 19:15:22'),(335, '19', 'Yukon', 'yukon', NULL, NULL, NULL, '2018-06-14 19:15:22'),(336, '20', 'Accord', 'accord', NULL, NULL, NULL, '2018-06-14 19:15:24'),(337, '20', 'BR-V', 'br-v', NULL, NULL, NULL, '2018-06-14 19:15:24'),(338, '20', 'City', 'city', NULL, NULL, NULL, '2018-06-14 19:15:24'),(339, '20', 'Civic', 'civic', NULL, NULL, NULL, '2018-06-14 19:15:24'),(340, '20', 'Crosstour', 'crosstour', NULL, NULL, NULL, '2018-06-14 19:15:24'),(341, '20', 'CR-V', 'cr-v', NULL, NULL, NULL, '2018-06-14 19:15:24'),(342, '20', 'CR-Z', 'cr-z', NULL, NULL, NULL, '2018-06-14 19:15:24'),(343, '20', 'Fit', 'fit', NULL, NULL, NULL, '2018-06-14 19:15:24'),(344, '20', 'HR-V', 'hr-v', NULL, NULL, NULL, '2018-06-14 19:15:24'),(345, '20', 'Odyssey', 'odyssey', NULL, NULL, NULL, '2018-06-14 19:15:24'),(346, '20', 'Pilot', 'pilot', NULL, NULL, NULL, '2018-06-14 19:15:24'),(347, '20', 'Ridgeline', 'ridgeline', NULL, NULL, NULL, '2018-06-14 19:15:24'),(348, '21', 'H1', 'h1', NULL, NULL, NULL, '2018-06-14 19:15:25'),(349, '21', 'H2', 'h2', NULL, NULL, NULL, '2018-06-14 19:15:25'),(350, '21', 'H3', 'h3', NULL, NULL, NULL, '2018-06-14 19:15:25'),(351, '21', 'H3T', 'h3t', NULL, NULL, NULL, '2018-06-14 19:15:25'),(352, '22', 'Accent', 'accent', NULL, NULL, NULL, '2018-06-14 19:15:26'),(353, '22', 'Creta', 'creta', NULL, NULL, NULL, '2018-06-14 19:15:26'),(354, '22', 'Elantra', 'elantra', NULL, NULL, NULL, '2018-06-14 19:15:26'),(355, '22', 'Grand i10', 'grand-i10', NULL, NULL, NULL, '2018-06-14 19:15:26'),(356, '22', 'i10 Sedn', 'i10-sedan', NULL, NULL, NULL, '2018-06-14 19:15:26'),(357, '22', 'Ioniq', 'ioniq', NULL, NULL, NULL, '2018-06-14 19:15:26'),(358, '22', 'ix 35', 'ix-35', NULL, NULL, NULL, '2018-06-14 19:15:26'),(359, '22', 'Santa Fe', 'santa-fe', NULL, NULL, NULL, '2018-06-14 19:15:26'),(360, '22', 'Sonata', 'sonata', NULL, NULL, NULL, '2018-06-14 19:15:26'),(361, '22', 'Starex', 'starex', NULL, NULL, NULL, '2018-06-14 19:15:26'),(362, '22', 'Tucson', 'tucson', NULL, NULL, NULL, '2018-06-14 19:15:26'),(363, '22', 'Veloster', 'veloster', NULL, NULL, NULL, '2018-06-14 19:15:26'),(364, '23', 'FX', 'fx', NULL, NULL, NULL, '2018-06-14 19:15:27'),(365, '23', 'G Coup', 'g-coupe', NULL, NULL, NULL, '2018-06-14 19:15:27'),(366, '23', 'G Sedn', 'g-sedan', NULL, NULL, NULL, '2018-06-14 19:15:27'),(367, '23', 'I', 'i', NULL, NULL, NULL, '2018-06-14 19:15:27'),(368, '23', 'JX', 'jx', NULL, NULL, NULL, '2018-06-14 19:15:27'),(369, '23', 'M', 'm', NULL, NULL, NULL, '2018-06-14 19:15:27'),(370, '23', 'Q', 'q', NULL, NULL, NULL, '2018-06-14 19:15:27'),(371, '23', 'Q50', 'q50', NULL, NULL, NULL, '2018-06-14 19:15:27'),(372, '23', 'Q60', 'q60', NULL, NULL, NULL, '2018-06-14 19:15:27'),(373, '23', 'Q70', 'q70', NULL, NULL, NULL, '2018-06-14 19:15:27'),(374, '23', 'QX30', 'qx30', NULL, NULL, NULL, '2018-06-14 19:15:27'),(375, '23', 'QX50', 'qx50', NULL, NULL, NULL, '2018-06-14 19:15:27'),(376, '23', 'QX60', 'qx60', NULL, NULL, NULL, '2018-06-14 19:15:27'),(377, '23', 'QX70', 'qx70', NULL, NULL, NULL, '2018-06-14 19:15:27'),(378, '23', 'QX80', 'qx80', NULL, NULL, NULL, '2018-06-14 19:15:27'),(379, '24', 'Amigo', 'amigo', NULL, NULL, NULL, '2018-06-14 19:15:28'),(380, '24', 'Rodeo', 'rodeo', NULL, NULL, NULL, '2018-06-14 19:15:28'),(381, '25', 'J4', 'j4', NULL, NULL, NULL, '2018-06-14 19:15:29'),(382, '25', 'Sei2', 'sei2', NULL, NULL, NULL, '2018-06-14 19:15:29'),(383, '25', 'Sei3', 'sei3', NULL, NULL, NULL, '2018-06-14 19:15:29'),(384, '26', 'E-Pace', 'e-pace', NULL, NULL, NULL, '2018-06-14 19:15:30'),(385, '26', 'F-Pace', 'f-pace', NULL, NULL, NULL, '2018-06-14 19:15:30'),(386, '26', 'F-Type', 'f-type', NULL, NULL, NULL, '2018-06-14 19:15:30'),(387, '26', 'S-type', 's-type', NULL, NULL, NULL, '2018-06-14 19:15:30'),(388, '26', 'XE', 'xe', NULL, NULL, NULL, '2018-06-14 19:15:30'),(389, '26', 'XF', 'xf', NULL, NULL, NULL, '2018-06-14 19:15:30'),(390, '26', 'XJ ', 'xj', NULL, NULL, NULL, '2018-06-14 19:15:30'),(391, '26', 'XK', 'xk', NULL, NULL, NULL, '2018-06-14 19:15:30'),(392, '26', 'XKR', 'xkr', NULL, NULL, NULL, '2018-06-14 19:15:30'),(393, '26', 'X-type', 'x-type', NULL, NULL, NULL, '2018-06-14 19:15:30'),(394, '27', 'Cherokee', 'cherokee', NULL, NULL, NULL, '2018-06-14 19:15:32'),(395, '27', 'CJ', 'cj', NULL, NULL, NULL, '2018-06-14 19:15:32'),(396, '27', 'Commander', 'commander', NULL, NULL, NULL, '2018-06-14 19:15:32'),(397, '27', 'Compass', 'compass', NULL, NULL, NULL, '2018-06-14 19:15:32'),(398, '27', 'Grand Cherokee', 'grand-cherokee', NULL, NULL, NULL, '2018-06-14 19:15:32'),(399, '27', 'Liberty', 'liberty', NULL, NULL, NULL, '2018-06-14 19:15:32'),(400, '27', 'Patriot', 'patriot', NULL, NULL, NULL, '2018-06-14 19:15:32'),(401, '27', 'Renegade', 'renegade', NULL, NULL, NULL, '2018-06-14 19:15:32'),(402, '27', 'Wrangler', 'wrangler', NULL, NULL, NULL, '2018-06-14 19:15:32'),(403, '28', 'Forte', 'forte', NULL, NULL, NULL, '2018-06-14 19:15:33'),(404, '28', 'Niro', 'niro', NULL, NULL, NULL, '2018-06-14 19:15:33'),(405, '28', 'Optima', 'optima', NULL, NULL, NULL, '2018-06-14 19:15:33'),(406, '28', 'Rio Hatchback', 'rio-hatchback', NULL, NULL, NULL, '2018-06-14 19:15:33'),(407, '28', 'Rio Sedn', 'rio-sedan', NULL, NULL, NULL, '2018-06-14 19:15:33'),(408, '28', 'Sorento', 'sorento', NULL, NULL, NULL, '2018-06-14 19:15:33'),(409, '28', 'Soul', 'soul', NULL, NULL, NULL, '2018-06-14 19:15:33'),(410, '28', 'Sportage', 'sportage', NULL, NULL, NULL, '2018-06-14 19:15:33'),(411, '28', 'Stinger', 'stinger', NULL, NULL, NULL, '2018-06-14 19:15:33'),(412, '29', 'Aventador', 'aventador', NULL, NULL, NULL, '2018-06-14 19:15:34'),(413, '29', 'Diablo', 'diablo', NULL, NULL, NULL, '2018-06-14 19:15:34'),(414, '29', 'Gallardo', 'gallardo', NULL, NULL, NULL, '2018-06-14 19:15:34'),(415, '29', 'Huracn', 'huracan', NULL, NULL, NULL, '2018-06-14 19:15:34'),(416, '29', 'Murcielago', 'murcielago', NULL, NULL, NULL, '2018-06-14 19:15:34'),(417, '29', 'Veneno', 'veneno', NULL, NULL, NULL, '2018-06-14 19:15:34'),(418, '30', 'Defender', 'defender', NULL, NULL, NULL, '2018-06-14 19:15:35'),(419, '30', 'Discovery', 'discovery', NULL, NULL, NULL, '2018-06-14 19:15:35'),(420, '30', 'Discovery Sport', 'discovery-sport', NULL, NULL, NULL, '2018-06-14 19:15:35'),(421, '30', 'Freelander', 'freelander', NULL, NULL, NULL, '2018-06-14 19:15:35'),(422, '30', 'LR2', 'lr2', NULL, NULL, NULL, '2018-06-14 19:15:35'),(423, '30', 'LR3', 'lr3', NULL, NULL, NULL, '2018-06-14 19:15:35'),(424, '30', 'LR4', 'lr4', NULL, NULL, NULL, '2018-06-14 19:15:35'),(425, '30', 'Range Rover', 'range-rover', NULL, NULL, NULL, '2018-06-14 19:15:35'),(426, '30', 'Range Rover Evoque', 'range-rover-evoque', NULL, NULL, NULL, '2018-06-14 19:15:35'),(427, '30', 'Range Rover Evoque Coup', 'range-rover-evoque-coupe', NULL, NULL, NULL, '2018-06-14 19:15:35'),(428, '30', 'Range Rover Sport', 'range-rover-sport', NULL, NULL, NULL, '2018-06-14 19:15:35'),(429, '31', 'Aviator', 'aviator', NULL, NULL, NULL, '2018-06-14 19:15:36'),(430, '31', 'Blackwood', 'blackwood', NULL, NULL, NULL, '2018-06-14 19:15:36'),(431, '31', 'Capri', 'capri', NULL, NULL, NULL, '2018-06-14 19:15:36'),(432, '31', 'Continental', 'continental', NULL, NULL, NULL, '2018-06-14 19:15:36'),(433, '31', 'LS', 'ls', NULL, NULL, NULL, '2018-06-14 19:15:36'),(434, '31', 'Mark LT', 'mark-lt', NULL, NULL, NULL, '2018-06-14 19:15:36'),(435, '31', 'MKC', 'mkc', NULL, NULL, NULL, '2018-06-14 19:15:36'),(436, '31', 'MKS', 'mks', NULL, NULL, NULL, '2018-06-14 19:15:36'),(437, '31', 'MKX', 'mkx', NULL, NULL, NULL, '2018-06-14 19:15:36'),(438, '31', 'MKZ', 'mkz', NULL, NULL, NULL, '2018-06-14 19:15:36'),(439, '31', 'Navigator', 'navigator', NULL, NULL, NULL, '2018-06-14 19:15:36'),(440, '31', 'Town Car', 'town-car', NULL, NULL, NULL, '2018-06-14 19:15:36'),(441, '31', 'Zephyr', 'zephyr', NULL, NULL, NULL, '2018-06-14 19:15:36'),(442, '32', 'Elise', 'elise', NULL, NULL, NULL, '2018-06-14 19:15:37'),(443, '33', '3200', '3200', NULL, NULL, NULL, '2018-06-14 19:15:38'),(444, '33', '4200', '4200', NULL, NULL, NULL, '2018-06-14 19:15:38'),(445, '33', 'Ghibli', 'ghibli', NULL, NULL, NULL, '2018-06-14 19:15:38'),(446, '33', 'Gran Cabrio', 'gran-cabrio', NULL, NULL, NULL, '2018-06-14 19:15:38'),(447, '33', 'GranTurismo', 'granturismo', NULL, NULL, NULL, '2018-06-14 19:15:38'),(448, '33', 'Levante', 'levante', NULL, NULL, NULL, '2018-06-14 19:15:38'),(449, '33', 'Quattroporte', 'quattroporte', NULL, NULL, NULL, '2018-06-14 19:15:38'),(450, '34', 'MXT', 'mxt', NULL, NULL, NULL, '2018-06-14 19:15:40'),(451, '35', '57', '57', NULL, NULL, NULL, '2018-06-14 19:15:41'),(452, '35', '62', '62', NULL, NULL, NULL, '2018-06-14 19:15:41'),(453, '36', '2', '2', NULL, NULL, NULL, '2018-06-14 19:15:42'),(454, '36', '3 Hatchback', '3-hatchback', NULL, NULL, NULL, '2018-06-14 19:15:42'),(455, '36', '3 Sedan', '3-sedan', NULL, NULL, NULL, '2018-06-14 19:15:42'),(456, '36', '5', '5', NULL, NULL, NULL, '2018-06-14 19:15:42'),(457, '36', '6', '6', NULL, NULL, NULL, '2018-06-14 19:15:42'),(458, '36', 'CX-3', 'cx-3', NULL, NULL, NULL, '2018-06-14 19:15:42'),(459, '36', 'CX-5', 'cx-5', NULL, NULL, NULL, '2018-06-14 19:15:42'),(460, '36', 'CX-7', 'cx-7', NULL, NULL, NULL, '2018-06-14 19:15:42'),(461, '36', 'CX-9', 'cx-9', NULL, NULL, NULL, '2018-06-14 19:15:42'),(462, '36', 'MX-5', 'mx-5', NULL, NULL, NULL, '2018-06-14 19:15:42'),(463, '36', 'RX-8', 'rx-8', NULL, NULL, NULL, '2018-06-14 19:15:42'),(464, '36', 'Speed3', 'speed3', NULL, NULL, NULL, '2018-06-14 19:15:42'),(465, '37', '570 GT', '570-gt', NULL, NULL, NULL, '2018-06-14 19:15:43'),(466, '37', '570S y 540C', '570s-y-540c', NULL, NULL, NULL, '2018-06-14 19:15:43'),(467, '37', '650S Coup', '650s-coupe', NULL, NULL, NULL, '2018-06-14 19:15:43'),(468, '37', '650S Spyder', '650s-spyder', NULL, NULL, NULL, '2018-06-14 19:15:43'),(469, '37', '675 LT', '675-lt', NULL, NULL, NULL, '2018-06-14 19:15:43'),(470, '37', '675 LT Spider', '675-lt-spider', NULL, NULL, NULL, '2018-06-14 19:15:43'),(471, '37', '720S', '720s', NULL, NULL, NULL, '2018-06-14 19:15:43'),(472, '37', 'P1', 'p1', NULL, NULL, NULL, '2018-06-14 19:15:43'),(473, '38', '500', '500', NULL, NULL, NULL, '2018-06-14 19:15:44'),(474, '38', 'AMG GT', 'amg-gt', NULL, NULL, NULL, '2018-06-14 19:15:44'),(475, '38', 'Clase A', 'clase-a', NULL, NULL, NULL, '2018-06-14 19:15:44'),(476, '38', 'Clase B', 'clase-b', NULL, NULL, NULL, '2018-06-14 19:15:44'),(477, '38', 'Clase C', 'clase-c', NULL, NULL, NULL, '2018-06-14 19:15:44'),(478, '38', 'Clase CL', 'clase-cl', NULL, NULL, NULL, '2018-06-14 19:15:44'),(479, '38', 'Clase CLA', 'clase-cla', NULL, NULL, NULL, '2018-06-14 19:15:44'),(480, '38', 'Clase CLK', 'clase-clk', NULL, NULL, NULL, '2018-06-14 19:15:44'),(481, '38', 'Clase CLS', 'clase-cls', NULL, NULL, NULL, '2018-06-14 19:15:44'),(482, '38', 'Clase E', 'clase-e', NULL, NULL, NULL, '2018-06-14 19:15:44'),(483, '38', 'Clase E Convertible', 'clase-e-convertible', NULL, NULL, NULL, '2018-06-14 19:15:44'),(484, '38', 'Clase E Coup', 'clase-e-coupe', NULL, NULL, NULL, '2018-06-14 19:15:44'),(485, '38', 'Clase G', 'clase-g', NULL, NULL, NULL, '2018-06-14 19:15:44'),(486, '38', 'Clase GL', 'clase-gl', NULL, NULL, NULL, '2018-06-14 19:15:44'),(487, '38', 'Clase GLA', 'clase-gla', NULL, NULL, NULL, '2018-06-14 19:15:44'),(488, '38', 'Clase GLC', 'clase-glc', NULL, NULL, NULL, '2018-06-14 19:15:44'),(489, '38', 'Clase GLE', 'clase-gle', NULL, NULL, NULL, '2018-06-14 19:15:44'),(490, '38', 'Clase GLK', 'clase-glk', NULL, NULL, NULL, '2018-06-14 19:15:44'),(491, '38', 'Clase GLS', 'clase-gls', NULL, NULL, NULL, '2018-06-14 19:15:44'),(492, '38', 'Clase M', 'clase-m', NULL, NULL, NULL, '2018-06-14 19:15:44'),(493, '38', 'Clase R', 'clase-r', NULL, NULL, NULL, '2018-06-14 19:15:44'),(494, '38', 'Clase S', 'clase-s', NULL, NULL, NULL, '2018-06-14 19:15:44'),(495, '38', 'Clase SL', 'clase-sl', NULL, NULL, NULL, '2018-06-14 19:15:44'),(496, '38', 'Clase SLC', 'clase-slc', NULL, NULL, NULL, '2018-06-14 19:15:44'),(497, '38', 'Clase SLK', 'clase-slk', NULL, NULL, NULL, '2018-06-14 19:15:44'),(498, '38', 'Clase SLR', 'clase-slr', NULL, NULL, NULL, '2018-06-14 19:15:44'),(499, '38', 'Clase SLS', 'clase-sls', NULL, NULL, NULL, '2018-06-14 19:15:44'),(500, '38', 'Clase V', 'clase-v', NULL, NULL, NULL, '2018-06-14 19:15:44'),(501, '38', 'Maybach', 'maybach', NULL, NULL, NULL, '2018-06-14 19:15:44'),(502, '38', 'SE', 'se', NULL, NULL, NULL, '2018-06-14 19:15:44'),(503, '38', 'Viano', 'viano', NULL, NULL, NULL, '2018-06-14 19:15:44'),(504, '38', 'Vito Cargo Van', 'vito-cargo-van', NULL, NULL, NULL, '2018-06-14 19:15:44'),(505, '38', 'Vito Confort', 'vito-confort', NULL, NULL, NULL, '2018-06-14 19:15:44'),(506, '39', 'Mariner', 'mariner', NULL, NULL, NULL, '2018-06-14 19:15:45'),(507, '39', 'Milan', 'milan', NULL, NULL, NULL, '2018-06-14 19:15:45'),(508, '39', 'Montego', 'montego', NULL, NULL, NULL, '2018-06-14 19:15:45'),(509, '39', 'Mystique', 'mystique', NULL, NULL, NULL, '2018-06-14 19:15:45'),(510, '40', 'TF', 'tf', NULL, NULL, NULL, '2018-06-14 19:15:46'),(511, '40', 'ZR', 'zr', NULL, NULL, NULL, '2018-06-14 19:15:46'),(512, '40', 'ZT', 'zt', NULL, NULL, NULL, '2018-06-14 19:15:46'),(513, '41', 'Cooper', 'cooper', NULL, NULL, NULL, '2018-06-14 19:15:48'),(514, '41', 'Cooper Clubman', 'cooper-clubman', NULL, NULL, NULL, '2018-06-14 19:15:48'),(515, '41', 'Cooper Convertible', 'cooper-convertible', NULL, NULL, NULL, '2018-06-14 19:15:48'),(516, '41', 'Cooper Countryman', 'cooper-countryman', NULL, NULL, NULL, '2018-06-14 19:15:48'),(517, '41', 'Cooper Coup', 'cooper-coupe', NULL, NULL, NULL, '2018-06-14 19:15:48'),(518, '41', 'Cooper Pick up', 'cooper-pick-up', NULL, NULL, NULL, '2018-06-14 19:15:48'),(519, '41', 'Cooper Roadster', 'cooper-roadster', NULL, NULL, NULL, '2018-06-14 19:15:48'),(520, '41', 'Cooper S', 'cooper-s', NULL, NULL, NULL, '2018-06-14 19:15:48'),(521, '41', 'John Cooper Works', 'john-cooper-works', NULL, NULL, NULL, '2018-06-14 19:15:48'),(522, '41', 'Paceman', 'paceman', NULL, NULL, NULL, '2018-06-14 19:15:48'),(523, '42', 'ASX', 'asx', NULL, NULL, NULL, '2018-06-14 19:15:49'),(524, '42', 'Eclipse', 'eclipse', NULL, NULL, NULL, '2018-06-14 19:15:49'),(525, '42', 'Endeavor', 'endeavor', NULL, NULL, NULL, '2018-06-14 19:15:49'),(526, '42', 'Evolution X', 'evolution-x', NULL, NULL, NULL, '2018-06-14 19:15:49'),(527, '42', 'Galant', 'galant', NULL, NULL, NULL, '2018-06-14 19:15:49'),(528, '42', 'Grandis', 'grandis', NULL, NULL, NULL, '2018-06-14 19:15:49'),(529, '42', 'L200', 'l200', NULL, NULL, NULL, '2018-06-14 19:15:49'),(530, '42', 'Lancer', 'lancer', NULL, NULL, NULL, '2018-06-14 19:15:49'),(531, '42', 'Mirage', 'mirage', NULL, NULL, NULL, '2018-06-14 19:15:49'),(532, '42', 'Montero', 'montero', NULL, NULL, NULL, '2018-06-14 19:15:49'),(533, '42', 'Montero Sport', 'montero-sport', NULL, NULL, NULL, '2018-06-14 19:15:49'),(534, '42', 'Outlander', 'outlander', NULL, NULL, NULL, '2018-06-14 19:15:49'),(535, '42', 'Space Star', 'space-star', NULL, NULL, NULL, '2018-06-14 19:15:49'),(536, '43', '3 Wheeler', '3-wheeler', NULL, NULL, NULL, '2018-06-14 19:15:50'),(537, '43', 'Aero', 'aero', NULL, NULL, NULL, '2018-06-14 19:15:50'),(538, '43', 'Classic', 'classic', NULL, NULL, NULL, '2018-06-14 19:15:50'),(539, '44', '240 SX', '240-sx', NULL, NULL, NULL, '2018-06-14 19:15:51'),(540, '44', '300 ZX', '300-zx', NULL, NULL, NULL, '2018-06-14 19:15:51'),(541, '44', '350 Z', '350-z', NULL, NULL, NULL, '2018-06-14 19:15:51'),(542, '44', '370Z', '370z', NULL, NULL, NULL, '2018-06-14 19:15:51'),(543, '44', 'Almera', 'almera', NULL, NULL, NULL, '2018-06-14 19:15:51'),(544, '44', 'Altima', 'altima', NULL, NULL, NULL, '2018-06-14 19:15:51'),(545, '44', 'Altima Coup', 'altima-coupe', NULL, NULL, NULL, '2018-06-14 19:15:51'),(546, '44', 'Aprio', 'aprio', NULL, NULL, NULL, '2018-06-14 19:15:51'),(547, '44', 'Armada', 'armada', NULL, NULL, NULL, '2018-06-14 19:15:51'),(548, '44', 'Cabstar', 'cabstar', NULL, NULL, NULL, '2018-06-14 19:15:51'),(549, '44', 'Camiones', 'camiones', NULL, NULL, NULL, '2018-06-14 19:15:51'),(550, '44', 'Estacas', 'estacas', NULL, NULL, NULL, '2018-06-14 19:15:51'),(551, '44', 'Frontier', 'frontier', NULL, NULL, NULL, '2018-06-14 19:15:51'),(552, '44', 'GT-R', 'gt-r', NULL, NULL, NULL, '2018-06-14 19:15:51'),(553, '44', 'Hikari', 'hikari', NULL, NULL, NULL, '2018-06-14 19:15:51'),(554, '44', 'Ichi van', 'ichi-van', NULL, NULL, NULL, '2018-06-14 19:15:51'),(555, '44', 'Juke', 'juke', NULL, NULL, NULL, '2018-06-14 19:15:51'),(556, '44', 'Kicks', 'kicks', NULL, NULL, NULL, '2018-06-14 19:15:51'),(557, '44', 'Leaf', 'leaf', NULL, NULL, NULL, '2018-06-14 19:15:51'),(558, '44', 'Lucino', 'lucino', NULL, NULL, NULL, '2018-06-14 19:15:51'),(559, '44', 'March', 'march', NULL, NULL, NULL, '2018-06-14 19:15:51'),(560, '44', 'Maxima', 'maxima', NULL, NULL, NULL, '2018-06-14 19:15:51'),(561, '44', 'Micra', 'micra', NULL, NULL, NULL, '2018-06-14 19:15:51'),(562, '44', 'Murano', 'murano', NULL, NULL, NULL, '2018-06-14 19:15:51'),(563, '44', 'Note', 'note', NULL, NULL, NULL, '2018-06-14 19:15:51'),(564, '44', 'NP300', 'np300', NULL, NULL, NULL, '2018-06-14 19:15:51'),(565, '44', 'NP300 Doble Cabina', 'np300-doble-cabina', NULL, NULL, NULL, '2018-06-14 19:15:51'),(566, '44', 'NP300 Frontier', 'np300-frontier', NULL, NULL, NULL, '2018-06-14 19:15:51'),(567, '44', 'NV2500', 'nv2500', NULL, NULL, NULL, '2018-06-14 19:15:51'),(568, '44', 'Pathfinder', 'pathfinder', NULL, NULL, NULL, '2018-06-14 19:15:51'),(569, '44', 'Platina', 'platina', NULL, NULL, NULL, '2018-06-14 19:15:51'),(570, '44', 'Quest', 'quest', NULL, NULL, NULL, '2018-06-14 19:15:51'),(571, '44', 'Rogue', 'rogue', NULL, NULL, NULL, '2018-06-14 19:15:51'),(572, '44', 'Sentra', 'sentra', NULL, NULL, NULL, '2018-06-14 19:15:51'),(573, '44', 'SE-R', 'se-r', NULL, NULL, NULL, '2018-06-14 19:15:51'),(574, '44', 'Tiida HB', 'tiida-hb', NULL, NULL, NULL, '2018-06-14 19:15:51'),(575, '44', 'Tiida Sedan', 'tiida-sedan', NULL, NULL, NULL, '2018-06-14 19:15:51'),(576, '44', 'Titan', 'titan', NULL, NULL, NULL, '2018-06-14 19:15:51'),(577, '44', 'Tsubame', 'tsubame', NULL, NULL, NULL, '2018-06-14 19:15:51'),(578, '44', 'Tsuru', 'tsuru', NULL, NULL, NULL, '2018-06-14 19:15:51'),(579, '44', 'Urvan', 'urvan', NULL, NULL, NULL, '2018-06-14 19:15:51'),(580, '44', 'Versa', 'versa', NULL, NULL, NULL, '2018-06-14 19:15:51'),(581, '44', 'XTerra', 'xterra', NULL, NULL, NULL, '2018-06-14 19:15:51'),(582, '44', 'X-Trail', 'x-trail', NULL, NULL, NULL, '2018-06-14 19:15:51'),(583, '45', 'Century', 'century', NULL, NULL, NULL, '2018-06-14 19:15:52'),(584, '45', 'Cutlass', 'cutlass', NULL, NULL, NULL, '2018-06-14 19:15:52'),(585, '45', 'Eighty', 'eighty', NULL, NULL, NULL, '2018-06-14 19:15:52'),(586, '45', 'Silhouette', 'silhouette', NULL, NULL, NULL, '2018-06-14 19:15:52'),(587, '46', 'Kapitan', 'kapitan', NULL, NULL, NULL, '2018-06-14 19:15:53'),(588, '47', '2008', '2008', NULL, NULL, NULL, '2018-06-14 19:15:54'),(589, '47', '206', '206', NULL, NULL, NULL, '2018-06-14 19:15:55'),(590, '47', '207', '207', NULL, NULL, NULL, '2018-06-14 19:15:55'),(591, '47', '207 CC', '207-cc', NULL, NULL, NULL, '2018-06-14 19:15:55'),(592, '47', '207 Compact', '207-compact', NULL, NULL, NULL, '2018-06-14 19:15:55'),(593, '47', '207 Compact Sedan', '207-compact-sedan', NULL, NULL, NULL, '2018-06-14 19:15:55'),(594, '47', '208', '208', NULL, NULL, NULL, '2018-06-14 19:15:55'),(595, '47', '208 GT', '208-gt', NULL, NULL, NULL, '2018-06-14 19:15:55'),(596, '47', '3008', '3008', NULL, NULL, NULL, '2018-06-14 19:15:55'),(597, '47', '301', '301', NULL, NULL, NULL, '2018-06-14 19:15:55'),(598, '47', '306', '306', NULL, NULL, NULL, '2018-06-14 19:15:55'),(599, '47', '307', '307', NULL, NULL, NULL, '2018-06-14 19:15:55'),(600, '47', '308', '308', NULL, NULL, NULL, '2018-06-14 19:15:55'),(601, '47', '308 CC', '308-cc', NULL, NULL, NULL, '2018-06-14 19:15:55'),(602, '47', '405', '405', NULL, NULL, NULL, '2018-06-14 19:15:55'),(603, '47', '406', '406', NULL, NULL, NULL, '2018-06-14 19:15:55'),(604, '47', '407', '407', NULL, NULL, NULL, '2018-06-14 19:15:55'),(605, '47', '5008', '5008', NULL, NULL, NULL, '2018-06-14 19:15:55'),(606, '47', '508', '508', NULL, NULL, NULL, '2018-06-14 19:15:55'),(607, '47', '607', '607', NULL, NULL, NULL, '2018-06-14 19:15:55'),(608, '47', 'Expert', 'expert', NULL, NULL, NULL, '2018-06-14 19:15:55'),(609, '47', 'Grand Raid', 'grand-raid', NULL, NULL, NULL, '2018-06-14 19:15:55'),(610, '47', 'Manager', 'manager', NULL, NULL, NULL, '2018-06-14 19:15:55'),(611, '47', 'Partner', 'partner', NULL, NULL, NULL, '2018-06-14 19:15:55'),(612, '47', 'Partner Tepee', 'partner-tepee', NULL, NULL, NULL, '2018-06-14 19:15:55'),(613, '47', 'RCZ', 'rcz', NULL, NULL, NULL, '2018-06-14 19:15:55'),(614, '47', 'Traveller', 'traveller', NULL, NULL, NULL, '2018-06-14 19:15:55'),(615, '48', 'Breeze', 'breeze', NULL, NULL, NULL, '2018-06-14 19:15:56'),(616, '48', 'Voyager', 'voyager', NULL, NULL, NULL, '2018-06-14 19:15:56'),(617, '49', 'Aztek', 'aztek', NULL, NULL, NULL, '2018-06-14 19:15:57'),(618, '49', 'Bonneville', 'bonneville', NULL, NULL, NULL, '2018-06-14 19:15:57'),(619, '49', 'Fiero', 'fiero', NULL, NULL, NULL, '2018-06-14 19:15:57'),(620, '49', 'Firebird', 'firebird', NULL, NULL, NULL, '2018-06-14 19:15:57'),(621, '49', 'G3', 'g3', NULL, NULL, NULL, '2018-06-14 19:15:57'),(622, '49', 'G3 HB', 'g3-hb', NULL, NULL, NULL, '2018-06-14 19:15:57'),(623, '49', 'G4', 'g4', NULL, NULL, NULL, '2018-06-14 19:15:57'),(624, '49', 'G5', 'g5', NULL, NULL, NULL, '2018-06-14 19:15:57'),(625, '49', 'G6', 'g6', NULL, NULL, NULL, '2018-06-14 19:15:57'),(626, '49', 'Grand Am', 'grand-am', NULL, NULL, NULL, '2018-06-14 19:15:57'),(627, '49', 'Grand Prix', 'grand-prix', NULL, NULL, NULL, '2018-06-14 19:15:57'),(628, '49', 'Matiz', 'matiz', NULL, NULL, NULL, '2018-06-14 19:15:57'),(629, '49', 'Montana', 'montana', NULL, NULL, NULL, '2018-06-14 19:15:57'),(630, '49', 'Solstice', 'solstice', NULL, NULL, NULL, '2018-06-14 19:15:57'),(631, '49', 'Sunfire', 'sunfire', NULL, NULL, NULL, '2018-06-14 19:15:57'),(632, '49', 'Torrent', 'torrent', NULL, NULL, NULL, '2018-06-14 19:15:57'),(633, '50', '718 Boxster', '718-boxster', NULL, NULL, NULL, '2018-06-14 19:15:58'),(634, '50', '718 Cayman', '718-cayman', NULL, NULL, NULL, '2018-06-14 19:15:58'),(635, '50', '911 Carrera', '911-carrera', NULL, NULL, NULL, '2018-06-14 19:15:58'),(636, '50', '911 GT1', '911-gt1', NULL, NULL, NULL, '2018-06-14 19:15:58'),(637, '50', '911 GT2', '911-gt2', NULL, NULL, NULL, '2018-06-14 19:15:58'),(638, '50', '911 GT3', '911-gt3', NULL, NULL, NULL, '2018-06-14 19:15:58'),(639, '50', '911 Speedster', '911-speedster', NULL, NULL, NULL, '2018-06-14 19:15:58'),(640, '50', '911 Targa', '911-targa', NULL, NULL, NULL, '2018-06-14 19:15:58'),(641, '50', '911 Turbo', '911-turbo', NULL, NULL, NULL, '2018-06-14 19:15:58'),(642, '50', '918 Spyder', '918-spyder', NULL, NULL, NULL, '2018-06-14 19:15:58'),(643, '50', 'Boxster', 'boxster', NULL, NULL, NULL, '2018-06-14 19:15:58'),(644, '50', 'Carrera', 'carrera', NULL, NULL, NULL, '2018-06-14 19:15:58'),(645, '50', 'Cayenne', 'cayenne', NULL, NULL, NULL, '2018-06-14 19:15:58'),(646, '50', 'Cayman', 'cayman', NULL, NULL, NULL, '2018-06-14 19:15:58'),(647, '50', 'Macan', 'macan', NULL, NULL, NULL, '2018-06-14 19:15:58'),(648, '50', 'Panamera', 'panamera', NULL, NULL, NULL, '2018-06-14 19:15:58'),(649, '51', '4000', '4000', NULL, NULL, NULL, '2018-06-14 19:15:59'),(650, '51', '700', '700', NULL, NULL, NULL, '2018-06-14 19:15:59'),(651, '51', 'Dakota', 'dakota', NULL, NULL, NULL, '2018-06-14 19:15:59'),(652, '51', 'H100', 'h100', NULL, NULL, NULL, '2018-06-14 19:15:59'),(653, '51', 'Promaster', 'promaster', NULL, NULL, NULL, '2018-06-14 19:15:59'),(654, '51', 'Promaster Rapid', 'promaster-rapid', NULL, NULL, NULL, '2018-06-14 19:15:59'),(655, '51', 'RAM', 'ram', NULL, NULL, NULL, '2018-06-14 19:15:59'),(656, '51', 'ST', 'st', NULL, NULL, NULL, '2018-06-14 19:15:59'),(657, '52', '12', '12', NULL, NULL, NULL, '2018-06-14 19:16:00'),(658, '52', '8', '8', NULL, NULL, NULL, '2018-06-14 19:16:00'),(659, '52', 'Captur', 'captur', NULL, NULL, NULL, '2018-06-14 19:16:00'),(660, '52', 'Clio', 'clio', NULL, NULL, NULL, '2018-06-14 19:16:00'),(661, '52', 'Clio R.S.', 'clio-r-s', NULL, NULL, NULL, '2018-06-14 19:16:00'),(662, '52', 'Duster', 'duster', NULL, NULL, NULL, '2018-06-14 19:16:00'),(663, '52', 'Euro Clio', 'euro-clio', NULL, NULL, NULL, '2018-06-14 19:16:00'),(664, '52', 'Fluence', 'fluence', NULL, NULL, NULL, '2018-06-14 19:16:00'),(665, '52', 'Kangoo', 'kangoo', NULL, NULL, NULL, '2018-06-14 19:16:00'),(666, '52', 'Koleos', 'koleos', NULL, NULL, NULL, '2018-06-14 19:16:00'),(667, '52', 'L 4', 'l-4', NULL, NULL, NULL, '2018-06-14 19:16:00'),(668, '52', 'Laguna', 'laguna', NULL, NULL, NULL, '2018-06-14 19:16:00'),(669, '52', 'Logan', 'logan', NULL, NULL, NULL, '2018-06-14 19:16:00'),(670, '52', 'Megane', 'megane', NULL, NULL, NULL, '2018-06-14 19:16:00'),(671, '52', 'Megane GT', 'megane-gt', NULL, NULL, NULL, '2018-06-14 19:16:00'),(672, '52', 'Oroch', 'oroch', NULL, NULL, NULL, '2018-06-14 19:16:00'),(673, '52', 'Safrane', 'safrane', NULL, NULL, NULL, '2018-06-14 19:16:00'),(674, '52', 'Sandero', 'sandero', NULL, NULL, NULL, '2018-06-14 19:16:00'),(675, '52', 'Scala', 'scala', NULL, NULL, NULL, '2018-06-14 19:16:00'),(676, '52', 'Scnic', 'scenic', NULL, NULL, NULL, '2018-06-14 19:16:00'),(677, '52', 'Stepway', 'stepway', NULL, NULL, NULL, '2018-06-14 19:16:00'),(678, '52', 'Trafic', 'trafic', NULL, NULL, NULL, '2018-06-14 19:16:00'),(679, '52', 'Twizy', 'twizy', NULL, NULL, NULL, '2018-06-14 19:16:00'),(680, '53', '75', '75', NULL, NULL, NULL, '2018-06-14 19:16:02'),(681, '53', 'Mini', 'mini', NULL, NULL, NULL, '2018-06-14 19:16:02'),(682, '54', '9-3', '9-3', NULL, NULL, NULL, '2018-06-14 19:16:03'),(683, '54', '9-5', '9-5', NULL, NULL, NULL, '2018-06-14 19:16:03'),(684, '55', 'Alhambra', 'alhambra', NULL, NULL, NULL, '2018-06-14 19:16:04'),(685, '55', 'Altea', 'altea', NULL, NULL, NULL, '2018-06-14 19:16:04'),(686, '55', 'Altea XL', 'altea-xl', NULL, NULL, NULL, '2018-06-14 19:16:04'),(687, '55', 'Arona', 'arona', NULL, NULL, NULL, '2018-06-14 19:16:04'),(688, '55', 'Ateca', 'ateca', NULL, NULL, NULL, '2018-06-14 19:16:04'),(689, '55', 'Bocanegra', 'bocanegra', NULL, NULL, NULL, '2018-06-14 19:16:04'),(690, '55', 'Cordoba', 'cordoba', NULL, NULL, NULL, '2018-06-14 19:16:04'),(691, '55', 'Exeo', 'exeo', NULL, NULL, NULL, '2018-06-14 19:16:04'),(692, '55', 'Freetrack', 'freetrack', NULL, NULL, NULL, '2018-06-14 19:16:04'),(693, '55', 'Ibiza', 'ibiza', NULL, NULL, NULL, '2018-06-14 19:16:04'),(694, '55', 'Ibiza Coup', 'ibiza-coupe', NULL, NULL, NULL, '2018-06-14 19:16:04'),(695, '55', 'Leon', 'leon', NULL, NULL, NULL, '2018-06-14 19:16:04'),(696, '55', 'Len Cupra', 'leon-cupra', NULL, NULL, NULL, '2018-06-14 19:16:04'),(697, '55', 'Len SC', 'leon-sc', NULL, NULL, NULL, '2018-06-14 19:16:04'),(698, '55', 'Len ST', 'leon-st', NULL, NULL, NULL, '2018-06-14 19:16:04'),(699, '55', 'Leon Sper Copa', 'leon-super-copa', NULL, NULL, NULL, '2018-06-14 19:16:04'),(700, '55', 'Toledo', 'toledo', NULL, NULL, NULL, '2018-06-14 19:16:04'),(701, '56', 'City', 'city', NULL, NULL, NULL, '2018-06-14 19:16:05'),(702, '56', 'Crossblade', 'crossblade', NULL, NULL, NULL, '2018-06-14 19:16:05'),(703, '56', 'Forfour', 'forfour', NULL, NULL, NULL, '2018-06-14 19:16:05'),(704, '56', 'Fortwo', 'fortwo', NULL, NULL, NULL, '2018-06-14 19:16:05'),(705, '56', 'Roadster', 'roadster', NULL, NULL, NULL, '2018-06-14 19:16:05'),(706, '57', 'Viper GTS', 'viper-gts', NULL, NULL, NULL, '2018-06-14 19:16:06'),(707, '58', 'B9 Tribeca', 'b9-tribeca', NULL, NULL, NULL, '2018-06-14 19:16:07'),(708, '58', 'BRZ', 'brz', NULL, NULL, NULL, '2018-06-14 19:16:07'),(709, '58', 'Forester', 'forester', NULL, NULL, NULL, '2018-06-14 19:16:07'),(710, '58', 'Impreza', 'impreza', NULL, NULL, NULL, '2018-06-14 19:16:07'),(711, '58', 'Impreza Sedn', 'impreza-sedan', NULL, NULL, NULL, '2018-06-14 19:16:07'),(712, '58', 'Impreza XV', 'impreza-xv', NULL, NULL, NULL, '2018-06-14 19:16:07'),(713, '58', 'Legacy', 'legacy', NULL, NULL, NULL, '2018-06-14 19:16:07'),(714, '58', 'Outback', 'outback', NULL, NULL, NULL, '2018-06-14 19:16:07'),(715, '58', 'WRX', 'wrx', NULL, NULL, NULL, '2018-06-14 19:16:07'),(716, '58', 'XV', 'xv', NULL, NULL, NULL, '2018-06-14 19:16:07'),(717, '59', 'Aerio', 'aerio', NULL, NULL, NULL, '2018-06-14 19:16:08'),(718, '59', 'Ciaz', 'ciaz', NULL, NULL, NULL, '2018-06-14 19:16:08'),(719, '59', 'Grand Vitara', 'grand-vitara', NULL, NULL, NULL, '2018-06-14 19:16:08'),(720, '59', 'Ignis', 'ignis', NULL, NULL, NULL, '2018-06-14 19:16:08'),(721, '59', 'Kizashi', 'kizashi', NULL, NULL, NULL, '2018-06-14 19:16:08'),(722, '59', 'S-Cross', 's-cross', NULL, NULL, NULL, '2018-06-14 19:16:08'),(723, '59', 'Swift', 'swift', NULL, NULL, NULL, '2018-06-14 19:16:08'),(724, '59', 'Swift Sport', 'swift-sport', NULL, NULL, NULL, '2018-06-14 19:16:08'),(725, '59', 'SX4 Sedn', 'sx4-sedan', NULL, NULL, NULL, '2018-06-14 19:16:08'),(726, '59', 'SX4 X-Over', 'sx4-x-over', NULL, NULL, NULL, '2018-06-14 19:16:08'),(727, '59', 'Vitara', 'vitara', NULL, NULL, NULL, '2018-06-14 19:16:08'),(728, '59', 'XL7', 'xl7', NULL, NULL, NULL, '2018-06-14 19:16:08'),(729, '60', 'Model 3', 'model-3', NULL, NULL, NULL, '2018-06-14 19:16:10'),(730, '60', 'Model S', 'model-s', NULL, NULL, NULL, '2018-06-14 19:16:10'),(731, '60', 'Model X', 'model-x', NULL, NULL, NULL, '2018-06-14 19:16:10'),(732, '61', '4 Runner', '4-runner', NULL, NULL, NULL, '2018-06-14 19:16:11'),(733, '61', 'Avanza', 'avanza', NULL, NULL, NULL, '2018-06-14 19:16:11'),(734, '61', 'Camry', 'camry', NULL, NULL, NULL, '2018-06-14 19:16:11'),(735, '61', 'C-HR', 'c-hr', NULL, NULL, NULL, '2018-06-14 19:16:11'),(736, '61', 'Corolla', 'corolla', NULL, NULL, NULL, '2018-06-14 19:16:11'),(737, '61', 'FJ Cruiser', 'fj-cruiser', NULL, NULL, NULL, '2018-06-14 19:16:11'),(738, '61', 'Hiace', 'hiace', NULL, NULL, NULL, '2018-06-14 19:16:11'),(739, '61', 'Highlander', 'highlander', NULL, NULL, NULL, '2018-06-14 19:16:11'),(740, '61', 'Hilux', 'hilux', NULL, NULL, NULL, '2018-06-14 19:16:11'),(741, '61', 'Land Cruiser', 'land-cruiser', NULL, NULL, NULL, '2018-06-14 19:16:11'),(742, '61', 'Matrix', 'matrix', NULL, NULL, NULL, '2018-06-14 19:16:11'),(743, '61', 'MR2', 'mr2', NULL, NULL, NULL, '2018-06-14 19:16:11'),(744, '61', 'Prius', 'prius', NULL, NULL, NULL, '2018-06-14 19:16:11'),(745, '61', 'Prius C', 'prius-c', NULL, NULL, NULL, '2018-06-14 19:16:11'),(746, '61', 'RAV4', 'rav4', NULL, NULL, NULL, '2018-06-14 19:16:11'),(747, '61', 'Rush', 'rush', NULL, NULL, NULL, '2018-06-14 19:16:11'),(748, '61', 'Sequoia', 'sequoia', NULL, NULL, NULL, '2018-06-14 19:16:11'),(749, '61', 'Sienna', 'sienna', NULL, NULL, NULL, '2018-06-14 19:16:11'),(750, '61', 'Solara', 'solara', NULL, NULL, NULL, '2018-06-14 19:16:11'),(751, '61', 'Tacoma', 'tacoma', NULL, NULL, NULL, '2018-06-14 19:16:11'),(752, '61', 'Tundra', 'tundra', NULL, NULL, NULL, '2018-06-14 19:16:11'),(753, '61', 'Yaris', 'yaris', NULL, NULL, NULL, '2018-06-14 19:16:11'),(754, '61', 'Yaris R', 'yaris-r', NULL, NULL, NULL, '2018-06-14 19:16:11'),(755, '61', 'Yaris Sedn', 'yaris-sedan', NULL, NULL, NULL, '2018-06-14 19:16:11'),(756, '62', 'TR', 'tr', NULL, NULL, NULL, '2018-06-14 19:16:12'),(757, '63', 'Amarok', 'amarok', NULL, NULL, NULL, '2018-06-14 19:16:13'),(758, '63', 'Atlantic', 'atlantic', NULL, NULL, NULL, '2018-06-14 19:16:13'),(759, '63', 'Beetle', 'beetle', NULL, NULL, NULL, '2018-06-14 19:16:13'),(760, '63', 'Bora', 'bora', NULL, NULL, NULL, '2018-06-14 19:16:13'),(761, '63', 'Bora SportWagen', 'bora-sportwagen', NULL, NULL, NULL, '2018-06-14 19:16:13'),(762, '63', 'Cabro', 'cabrio', NULL, NULL, NULL, '2018-06-14 19:16:13'),(763, '63', 'Caddy', 'caddy', NULL, NULL, NULL, '2018-06-14 19:16:13'),(764, '63', 'Caravelle', 'caravelle', NULL, NULL, NULL, '2018-06-14 19:16:13'),(765, '63', 'Caribe', 'caribe', NULL, NULL, NULL, '2018-06-14 19:16:13'),(766, '63', 'CC', 'cc', NULL, NULL, NULL, '2018-06-14 19:16:13'),(767, '63', 'Clsico', 'clasico', NULL, NULL, NULL, '2018-06-14 19:16:13'),(768, '63', 'Combi', 'combi', NULL, NULL, NULL, '2018-06-14 19:16:13'),(769, '63', 'Crafter', 'crafter', NULL, NULL, NULL, '2018-06-14 19:16:13'),(770, '63', 'CrossFox', 'crossfox', NULL, NULL, NULL, '2018-06-14 19:16:13'),(771, '63', 'CrossGolf', 'crossgolf', NULL, NULL, NULL, '2018-06-14 19:16:13'),(772, '63', 'Derby', 'derby', NULL, NULL, NULL, '2018-06-14 19:16:13'),(773, '63', 'Eos', 'eos', NULL, NULL, NULL, '2018-06-14 19:16:13'),(774, '63', 'Eurovan', 'eurovan', NULL, NULL, NULL, '2018-06-14 19:16:13'),(775, '63', 'Gol', 'gol', NULL, NULL, NULL, '2018-06-14 19:16:13'),(776, '63', 'Gol Sedn', 'gol-sedan', NULL, NULL, NULL, '2018-06-14 19:16:13'),(777, '63', 'Golf', 'golf', NULL, NULL, NULL, '2018-06-14 19:16:13'),(778, '63', 'Golf GTI', 'golf-gti', NULL, NULL, NULL, '2018-06-14 19:16:13'),(779, '63', 'Golf R', 'golf-r', NULL, NULL, NULL, '2018-06-14 19:16:13'),(780, '63', 'Golf Sportwagen', 'golf-sportwagen', NULL, NULL, NULL, '2018-06-14 19:16:13'),(781, '63', 'Jetta', 'jetta', NULL, NULL, NULL, '2018-06-14 19:16:13'),(782, '63', 'Jetta GLI', 'jetta-gli', NULL, NULL, NULL, '2018-06-14 19:16:13'),(783, '63', 'Jetta GLI', 'jetta-gli', NULL, NULL, NULL, '2018-06-14 19:16:13'),(784, '63', 'Lupo', 'lupo', NULL, NULL, NULL, '2018-06-14 19:16:13'),(785, '63', 'Multivan', 'multivan', NULL, NULL, NULL, '2018-06-14 19:16:13'),(786, '63', 'Panel', 'panel', NULL, NULL, NULL, '2018-06-14 19:16:13'),(787, '63', 'Passat', 'passat', NULL, NULL, NULL, '2018-06-14 19:16:13'),(788, '63', 'Pointer', 'pointer', NULL, NULL, NULL, '2018-06-14 19:16:13'),(789, '63', 'Pointer Pick Up', 'pointer-pick-up', NULL, NULL, NULL, '2018-06-14 19:16:13'),(790, '63', 'Polo', 'polo', NULL, NULL, NULL, '2018-06-14 19:16:13'),(791, '63', 'Polo GTI', 'polo-gti', NULL, NULL, NULL, '2018-06-14 19:16:13'),(792, '63', 'Polo Hatchback', 'polo-hatchback', NULL, NULL, NULL, '2018-06-14 19:16:13'),(793, '63', 'Routan', 'routan', NULL, NULL, NULL, '2018-06-14 19:16:13'),(794, '63', 'Saveiro', 'saveiro', NULL, NULL, NULL, '2018-06-14 19:16:13'),(795, '63', 'Sedn', 'sedan', NULL, NULL, NULL, '2018-06-14 19:16:13'),(796, '63', 'Sharan', 'sharan', NULL, NULL, NULL, '2018-06-14 19:16:13'),(797, '63', 'SportVan', 'sportvan', NULL, NULL, NULL, '2018-06-14 19:16:13'),(798, '63', 'Tiguan', 'tiguan', NULL, NULL, NULL, '2018-06-14 19:16:13'),(799, '63', 'Touareg', 'touareg', NULL, NULL, NULL, '2018-06-14 19:16:13'),(800, '63', 'Transporter', 'transporter', NULL, NULL, NULL, '2018-06-14 19:16:13'),(801, '63', 'up!', 'up', NULL, NULL, NULL, '2018-06-14 19:16:13'),(802, '63', 'Vento', 'vento', NULL, NULL, NULL, '2018-06-14 19:16:13'),(803, '63', 'VW Van', 'vw-van', NULL, NULL, NULL, '2018-06-14 19:16:13'),(804, '64', 'C30', 'c30', NULL, NULL, NULL, '2018-06-14 19:16:14'),(805, '64', 'C70', 'c70', NULL, NULL, NULL, '2018-06-14 19:16:14'),(806, '64', 'S40', 's40', NULL, NULL, NULL, '2018-06-14 19:16:14'),(807, '64', 'S60', 's60', NULL, NULL, NULL, '2018-06-14 19:16:14'),(808, '64', 'S60 Cross Country', 's60-cross-country', NULL, NULL, NULL, '2018-06-14 19:16:14'),(809, '64', 'S70', 's70', NULL, NULL, NULL, '2018-06-14 19:16:14'),(810, '64', 'S80', 's80', NULL, NULL, NULL, '2018-06-14 19:16:14'),(811, '64', 'S90', 's90', NULL, NULL, NULL, '2018-06-14 19:16:14'),(812, '64', 'V40', 'v40', NULL, NULL, NULL, '2018-06-14 19:16:14'),(813, '64', 'V40 Cross Country', 'v40-cross-country', NULL, NULL, NULL, '2018-06-14 19:16:14'),(814, '64', 'V50', 'v50', NULL, NULL, NULL, '2018-06-14 19:16:14'),(815, '64', 'V60', 'v60', NULL, NULL, NULL, '2018-06-14 19:16:14'),(816, '64', 'V60 Cross Country', 'v60-cross-country', NULL, NULL, NULL, '2018-06-14 19:16:14'),(817, '64', 'V70', 'v70', NULL, NULL, NULL, '2018-06-14 19:16:14'),(818, '64', 'XC40', 'xc40', NULL, NULL, NULL, '2018-06-14 19:16:14'),(819, '64', 'XC60', 'xc60', NULL, NULL, NULL, '2018-06-14 19:16:14'),(820, '64', 'XC70', 'xc70', NULL, NULL, NULL, '2018-06-14 19:16:14'),(821, '64', 'XC90', 'xc90', NULL, NULL, NULL, '2018-06-14 19:16:14');
UNLOCK TABLES;
COMMIT;
BEGIN;
LOCK TABLES `centralcar`.`cr_numeq` WRITE;
DELETE FROM `centralcar`.`cr_numeq`;
INSERT INTO `centralcar`.`cr_numeq` (`id_numeq`,`num`,`eq_status`,`user_alta`,`user_mod`,`fecha_alta`,`fecha_mod`) VALUES (1, '1', 7, 2, 2, '2016-02-24 21:24:49', '2018-06-18 18:12:31'),(2, '2', 7, 2, 2, '2016-02-24 21:24:49', '2018-06-18 18:12:38'),(3, '3', 6, 2, 40, '2016-02-24 21:24:49', '2018-06-09 23:34:08'),(4, '4', 6, 2, 1, '2016-02-24 21:24:49', '2017-07-13 03:24:59'),(5, '5', 7, 2, 2, '2016-02-24 21:24:49', '2018-06-25 14:59:40'),(6, '6', 6, 2, 2, '2016-02-24 21:24:49', '2018-06-09 23:34:08'),(7, '7', 6, 2, 1, '2016-02-24 21:24:49', '2018-06-09 23:34:08'),(8, '8', 6, 2, 40, '2016-02-24 21:24:49', '2017-07-12 16:49:05'),(9, '9', 6, 2, 1, '2016-02-24 21:24:49', '2018-06-09 23:34:08'),(10, '10', 6, 2, 2, '2016-02-24 21:24:49', '2018-06-09 23:34:08'),(11, '11', 6, 2, 40, '2016-02-24 21:24:49', '2017-07-12 16:56:30'),(12, '12', 7, 2, 2, '2016-02-24 21:24:49', '2018-06-18 18:02:24'),(13, '13', 6, 2, NULL, '2016-02-24 21:24:49', '2016-02-24 20:24:49'),(14, '14', 7, 2, 2, '2016-02-24 21:24:49', '2018-06-18 18:02:30'),(15, '15', 6, 2, 2, '2016-02-24 21:24:49', '2018-06-09 23:34:08'),(16, '16', 7, 2, 2, '2016-02-24 21:24:49', '2018-06-18 18:23:48'),(17, '17', 7, 2, 2, '2016-02-24 21:24:49', '2018-06-18 18:02:37'),(18, '18', 7, 2, 2, '2016-02-24 21:24:49', '2018-06-18 18:02:43'),(19, '19', 7, 2, 2, '2016-02-24 21:24:49', '2018-06-18 18:02:48'),(20, '20', 7, 2, 2, '2016-02-24 21:24:49', '2018-06-18 18:02:54'),(21, '21', 7, 2, 2, '2016-02-24 21:24:49', '2018-06-18 18:03:03'),(22, '22', 6, 2, 40, '2016-02-24 21:24:49', '2017-07-12 09:32:20'),(23, '23', 6, 2, 40, '2016-02-24 21:24:49', '2017-07-12 16:52:41'),(24, '24', 7, 2, 2, '2016-02-24 21:24:49', '2018-06-18 18:07:03'),(25, '25', 7, 2, 2, '2016-02-24 21:24:49', '2018-06-18 18:03:10'),(26, '26', 7, 2, 2, '2016-02-24 21:24:49', '2018-06-18 18:03:16'),(27, '27', 7, 2, 2, '2016-02-24 21:24:49', '2018-06-18 18:03:34'),(28, '28', 6, 2, 2, '2016-02-24 21:24:49', '2018-06-09 23:34:08'),(29, '29', 7, 2, 2, '2016-02-24 21:24:49', '2018-06-18 18:03:44'),(30, '30', 6, 2, 2, '2016-02-24 21:24:49', '2018-06-09 23:34:08'),(31, '31', 6, 2, 40, '2016-02-24 21:24:49', '2017-07-12 16:50:48'),(32, '32', 6, 2, 40, '2016-02-24 21:24:49', '2017-07-12 16:56:06'),(33, '33', 6, 2, 1, '2016-02-24 21:24:49', '2017-07-12 21:56:20'),(34, '34', 6, 2, 40, '2016-02-24 21:24:49', '2017-07-12 16:53:21'),(35, '35', 6, 2, 40, '2016-02-24 21:24:49', '2017-07-12 16:52:23'),(36, '36', 6, 2, 40, '2016-02-24 21:24:49', '2017-07-12 16:51:49'),(37, '37', 7, 2, 2, '2016-02-24 21:24:49', '2018-06-18 18:03:52'),(38, '38', 7, 2, 2, '2016-02-24 21:24:49', '2018-06-18 18:04:07'),(39, '39', 7, 2, 2, '2016-02-24 21:24:49', '2018-06-18 18:04:17'),(40, '40', 7, 2, 2, '2016-02-24 21:24:49', '2018-06-18 18:04:26'),(41, '41', 7, 2, 2, '2016-02-24 21:24:49', '2018-06-18 18:07:34'),(42, '42', 7, 2, 2, '2016-02-24 21:24:49', '2018-06-18 18:04:41'),(43, '43', 7, 2, 2, '2016-02-24 21:24:49', '2018-06-18 18:04:50'),(44, '44', 6, 2, 40, '2016-02-24 21:24:49', '2017-07-12 16:46:41'),(45, '45', 7, 2, 2, '2016-02-24 21:24:49', '2018-06-18 18:04:58'),(46, '46', 6, 2, 40, '2016-02-24 21:24:49', '2017-07-12 16:49:20'),(47, '47', 6, 2, 40, '2016-02-24 21:24:49', '2017-07-12 16:53:33'),(48, '48', 6, 2, 40, '2016-02-24 21:24:49', '2017-07-12 10:27:02'),(49, '49', 6, 2, 40, '2016-02-24 21:24:49', '2017-07-12 16:34:26'),(50, '50', 7, 2, 2, '2016-02-24 21:24:49', '2018-06-18 18:05:07'),(51, '51', 7, 2, 2, '2016-02-24 21:24:49', '2018-06-18 18:05:19'),(52, '52', 6, 2, 40, '2016-02-24 21:24:49', '2017-07-12 16:34:39'),(53, '53', 6, 2, 40, '2016-02-24 21:24:49', '2017-07-12 09:44:10'),(54, '54', 6, 2, 40, '2016-02-24 21:24:49', '2017-07-12 16:49:56'),(55, '55', 6, 2, 1, '2016-02-24 21:24:49', '2017-07-12 15:37:02'),(56, '56', 6, 2, 40, '2016-02-24 21:24:49', '2017-07-12 16:33:30'),(57, '57', 6, 2, 40, '2016-02-24 21:24:49', '2017-07-12 16:34:47'),(58, '58', 6, 2, 40, '2016-02-24 21:24:49', '2017-07-12 16:49:45'),(59, '59', 6, 2, 40, '2016-02-24 21:24:49', '2018-06-09 23:34:08'),(60, '60', 6, 2, 40, '2016-02-24 21:24:49', '2017-07-12 16:53:45'),(61, '61', 7, 2, 2, '2016-02-24 21:24:49', '2018-06-18 18:08:06'),(62, '62', 7, 2, 2, '2016-02-24 21:24:49', '2018-06-18 18:05:33'),(63, '63', 6, 2, 40, '2016-02-24 21:24:49', '2017-07-12 16:47:16'),(64, '64', 6, 2, 40, '2016-02-24 21:24:49', '2017-07-12 16:57:34'),(65, '65', 6, 2, 40, '2016-02-24 21:24:49', '2017-07-12 16:57:49'),(66, '66', 6, 2, 40, '2016-02-24 21:24:49', '2017-07-12 17:00:04'),(67, '67', 6, 2, 40, '2016-02-24 21:24:49', '2017-07-12 16:34:07'),(68, '68', 6, 2, 40, '2016-02-24 21:24:49', '2017-07-12 16:59:56'),(69, '69', 6, 2, 40, '2016-02-24 21:24:49', '2017-07-12 16:54:00'),(70, '70', 7, 2, 2, '2016-02-24 21:24:49', '2018-06-18 18:05:41'),(71, '71', 6, 2, 40, '2016-02-24 21:24:49', '2017-07-12 16:44:19'),(72, '72', 6, 2, NULL, '2016-02-24 21:24:49', '2016-02-24 20:24:49'),(73, '73', 7, 2, 2, '2016-02-24 21:24:49', '2018-06-18 18:05:53'),(74, '74', 6, 2, 2, '2016-02-24 21:24:49', '2018-06-09 23:34:08'),(75, '75', 6, 2, 40, '2016-02-24 21:24:49', '2017-07-12 16:45:21'),(76, '76', 6, 2, 40, '2016-02-24 21:24:49', '2017-07-12 16:59:49'),(77, '77', 7, 2, 2, '2016-02-24 21:24:49', '2018-06-18 18:07:47'),(78, '78', 6, 2, 40, '2016-02-24 21:24:49', '2017-07-12 17:00:13'),(79, '79', 6, 2, NULL, '2016-02-24 21:24:49', '2016-02-24 20:24:49'),(80, '80', 6, 2, 40, '2016-02-24 21:24:49', '2017-07-12 16:56:43'),(81, '81', 6, 2, NULL, '2016-02-24 21:24:49', '2016-02-24 20:24:49'),(82, '82', 7, 2, 2, '2016-02-24 21:24:49', '2018-06-18 18:07:56'),(83, '83', 6, 2, NULL, '2016-02-24 21:24:49', '2016-02-24 20:24:49'),(84, '84', 7, 2, 2, '2016-02-24 21:24:49', '2018-06-18 18:06:05'),(85, '85', 6, 2, NULL, '2016-02-24 21:24:49', '2016-02-24 20:24:49'),(86, '86', 6, 2, NULL, '2016-02-24 21:24:49', '2016-02-24 20:24:49'),(87, '87', 6, 2, 40, '2016-02-24 21:24:49', '2017-07-12 16:48:33'),(88, '88', 6, 2, 40, '2016-02-24 21:24:49', '2017-07-12 16:48:42'),(89, '89', 6, 2, NULL, '2016-02-24 21:24:49', '2016-02-24 20:24:49'),(90, '90', 6, 2, 2, '2016-02-24 21:24:49', '2018-06-09 23:34:08'),(91, '91', 7, 2, 2, '2016-02-24 21:24:49', '2018-06-18 18:06:21'),(92, '92', 7, 2, 2, '2016-02-24 21:24:49', '2018-06-18 18:06:32'),(93, '93', 6, 2, NULL, '2016-02-24 21:24:49', '2016-02-24 20:24:49'),(94, '94', 7, 2, 2, '2016-02-24 21:24:49', '2018-06-18 18:06:41'),(95, '95', 6, 2, 40, '2016-02-24 21:24:49', '2017-07-12 16:49:32'),(96, '96', 6, 2, NULL, '2016-02-24 21:24:49', '2016-02-24 20:24:49'),(97, '97', 6, 2, NULL, '2016-02-24 21:24:49', '2016-02-24 20:24:49'),(98, '98', 7, 2, 2, '2016-02-24 21:24:49', '2018-06-18 18:06:53'),(99, '99', 6, 2, 40, '2016-02-24 21:24:49', '2017-07-12 16:47:33'),(100, '100', 6, 2, 2, '2016-02-24 21:24:49', '2016-06-29 16:17:25'),(101, '101', 6, 2, NULL, '2016-02-24 21:24:49', '2016-02-24 20:24:49'),(102, '102', 6, 2, NULL, '2016-02-24 21:24:49', '2016-02-24 20:24:49'),(103, '103', 6, 2, NULL, '2016-02-24 21:24:49', '2016-02-24 20:24:49'),(104, '104', 6, 2, 2, '2016-02-24 21:24:49', '2018-06-09 23:34:08'),(105, '105', 6, 2, 40, '2016-02-24 21:24:49', '2018-06-09 23:34:08'),(106, '106', 6, 2, NULL, '2016-02-24 21:24:49', '2016-02-24 20:24:49'),(107, '107', 6, 2, NULL, '2016-02-24 21:24:49', '2016-02-24 20:24:49'),(108, '108', 6, 2, NULL, '2016-02-24 21:24:49', '2016-02-24 20:24:49'),(109, '109', 6, 2, NULL, '2016-02-24 21:24:49', '2016-02-24 20:24:49'),(110, '110', 6, 2, 40, '2016-02-24 21:24:49', '2017-07-12 16:57:02'),(111, '111', 6, 2, NULL, '2016-02-24 21:24:49', '2016-02-24 20:24:49'),(112, '112', 6, 2, NULL, '2016-02-24 21:24:49', '2016-02-24 20:24:49'),(113, '113', 6, 2, NULL, '2016-02-24 21:24:49', '2016-02-24 20:24:49'),(114, '114', 6, 2, NULL, '2016-02-24 21:24:49', '2016-02-24 20:24:49'),(115, '115', 6, 2, NULL, '2016-02-24 21:24:49', '2016-02-24 20:24:49'),(116, '116', 6, 2, NULL, '2016-02-24 21:24:49', '2016-02-24 20:24:49'),(117, '117', 6, 2, NULL, '2016-02-24 21:24:49', '2016-02-24 20:24:49'),(118, '118', 6, 2, NULL, '2016-02-24 21:24:49', '2016-02-24 20:24:49'),(119, '119', 6, 2, 2, '2016-02-24 21:24:49', '2016-05-26 12:03:29'),(120, '120', 6, 2, NULL, '2016-02-24 21:24:49', '2016-02-24 20:24:49'),(121, '121', 6, 2, 40, '2016-02-24 21:24:49', '2017-07-12 16:33:48'),(122, '122', 6, 2, NULL, '2016-02-24 21:24:49', '2016-02-24 20:24:49'),(123, '123', 6, 2, NULL, '2016-02-24 21:24:49', '2016-02-24 20:24:49'),(124, '124', 6, 2, NULL, '2016-02-24 21:24:49', '2016-02-24 20:24:49'),(125, '125', 6, 2, NULL, '2016-02-24 21:24:49', '2016-02-24 20:24:49'),(126, '126', 6, 2, NULL, '2016-02-24 21:24:49', '2016-02-24 20:24:49'),(127, '127', 6, 2, NULL, '2016-02-24 21:24:49', '2016-02-24 20:24:49'),(128, '128', 6, 2, NULL, '2016-02-24 21:24:49', '2016-02-24 20:24:49'),(129, '129', 6, 2, NULL, '2016-02-24 21:24:49', '2016-02-24 20:24:49'),(130, '130', 6, 2, NULL, '2016-02-24 21:24:49', '2016-02-24 20:24:49'),(131, '131', 6, 2, NULL, '2016-02-24 21:24:49', '2016-02-24 20:24:49'),(132, '132', 6, 2, NULL, '2016-02-24 21:24:49', '2016-02-24 20:24:49'),(133, '133', 6, 2, NULL, '2016-02-24 21:24:49', '2016-02-24 20:24:49'),(134, '134', 6, 2, NULL, '2016-02-24 21:24:49', '2016-02-24 20:24:49'),(135, '135', 6, 2, NULL, '2016-02-24 21:24:49', '2016-02-24 20:24:50'),(136, '136', 6, 2, NULL, '2016-02-24 21:24:49', '2016-02-24 20:24:50'),(137, '137', 6, 2, NULL, '2016-02-24 21:24:49', '2016-02-24 20:24:50'),(138, '138', 6, 2, NULL, '2016-02-24 21:24:49', '2016-02-24 20:24:50'),(139, '139', 6, 2, NULL, '2016-02-24 21:24:50', '2016-02-24 20:24:50'),(140, '140', 6, 2, NULL, '2016-02-24 21:24:50', '2016-02-24 20:24:50'),(141, '141', 6, 2, NULL, '2016-02-24 21:24:50', '2016-02-24 20:24:50'),(142, '142', 6, 2, NULL, '2016-02-24 21:24:50', '2016-02-24 20:24:50'),(143, '143', 6, 2, NULL, '2016-02-24 21:24:50', '2016-02-24 20:24:50'),(144, '144', 6, 2, NULL, '2016-02-24 21:24:50', '2016-02-24 20:24:50'),(145, '145', 6, 2, NULL, '2016-02-24 21:24:50', '2016-02-24 20:24:50'),(146, '146', 6, 2, NULL, '2016-02-24 21:24:50', '2016-02-24 20:24:50'),(147, '147', 6, 2, NULL, '2016-02-24 21:24:50', '2016-02-24 20:24:50'),(148, '148', 6, 2, NULL, '2016-02-24 21:24:50', '2016-02-24 20:24:50'),(149, '149', 6, 2, NULL, '2016-02-24 21:24:50', '2016-02-24 20:24:50'),(150, '150', 6, 2, NULL, '2016-02-24 21:24:50', '2016-02-24 20:24:50'),(151, '151', 6, 2, NULL, '2016-02-24 21:24:50', '2016-02-24 20:24:50'),(152, '152', 6, 2, NULL, '2016-02-24 21:24:50', '2016-02-24 20:24:50'),(153, '153', 6, 2, NULL, '2016-02-24 21:24:50', '2016-02-24 20:24:50'),(154, '154', 6, 2, NULL, '2016-02-24 21:24:50', '2016-02-24 20:24:50'),(155, '155', 6, 2, NULL, '2016-02-24 21:24:50', '2016-02-24 20:24:50'),(156, '156', 6, 2, NULL, '2016-02-24 21:24:50', '2016-02-24 20:24:50'),(157, '157', 6, 2, NULL, '2016-02-24 21:24:50', '2016-02-24 20:24:50'),(158, '158', 6, 2, NULL, '2016-02-24 21:24:50', '2016-02-24 20:24:50'),(159, '159', 6, 2, NULL, '2016-02-24 21:24:50', '2016-02-24 20:24:50'),(160, '160', 6, 2, NULL, '2016-02-24 21:24:50', '2016-02-24 20:24:50'),(161, '161', 6, 2, NULL, '2016-02-24 21:24:50', '2016-02-24 20:24:50'),(162, '162', 6, 2, NULL, '2016-02-24 21:24:50', '2016-02-24 20:24:50'),(163, '163', 6, 2, NULL, '2016-02-24 21:24:50', '2016-02-24 20:24:50'),(164, '164', 6, 2, NULL, '2016-02-24 21:24:50', '2016-02-24 20:24:50'),(165, '165', 6, 2, NULL, '2016-02-24 21:24:50', '2016-02-24 20:24:50'),(166, '166', 6, 2, NULL, '2016-02-24 21:24:50', '2016-02-24 20:24:50'),(167, '167', 6, 2, NULL, '2016-02-24 21:24:50', '2016-02-24 20:24:50'),(168, '168', 6, 2, NULL, '2016-02-24 21:24:50', '2016-02-24 20:24:50'),(169, '169', 6, 2, NULL, '2016-02-24 21:24:50', '2016-02-24 20:24:50'),(170, '170', 6, 2, NULL, '2016-02-24 21:24:50', '2016-02-24 20:24:50'),(171, '171', 6, 2, NULL, '2016-02-24 21:24:50', '2016-02-24 20:24:50'),(172, '172', 6, 2, NULL, '2016-02-24 21:24:50', '2016-02-24 20:24:50'),(173, '173', 6, 2, NULL, '2016-02-24 21:24:50', '2016-02-24 20:24:50'),(174, '174', 6, 2, NULL, '2016-02-24 21:24:50', '2016-02-24 20:24:50'),(175, '175', 6, 2, NULL, '2016-02-24 21:24:50', '2016-02-24 20:24:50'),(176, '176', 6, 2, NULL, '2016-02-24 21:24:50', '2016-02-24 20:24:50'),(177, '177', 6, 2, NULL, '2016-02-24 21:24:50', '2016-02-24 20:24:50'),(178, '178', 6, 2, NULL, '2016-02-24 21:24:50', '2016-02-24 20:24:50'),(179, '179', 6, 2, NULL, '2016-02-24 21:24:50', '2016-02-24 20:24:50'),(180, '180', 6, 2, NULL, '2016-02-24 21:24:50', '2016-02-24 20:24:50'),(181, '181', 6, 2, NULL, '2016-02-24 21:24:50', '2016-02-24 20:24:50'),(182, '182', 6, 2, NULL, '2016-02-24 21:24:50', '2016-02-24 20:24:50'),(183, '183', 6, 2, NULL, '2016-02-24 21:24:50', '2016-02-24 20:24:50'),(184, '184', 6, 2, NULL, '2016-02-24 21:24:50', '2016-02-24 20:24:50'),(185, '185', 6, 2, NULL, '2016-02-24 21:24:50', '2016-02-24 20:24:50'),(186, '186', 6, 2, NULL, '2016-02-24 21:24:50', '2016-02-24 20:24:50'),(187, '187', 6, 2, NULL, '2016-02-24 21:24:50', '2016-02-24 20:24:50'),(188, '188', 6, 2, NULL, '2016-02-24 21:24:50', '2016-02-24 20:24:50'),(189, '189', 6, 2, NULL, '2016-02-24 21:24:50', '2016-02-24 20:24:50'),(190, '190', 6, 2, NULL, '2016-02-24 21:24:50', '2016-02-24 20:24:50'),(191, '191', 6, 2, NULL, '2016-02-24 21:24:50', '2016-02-24 20:24:50'),(192, '192', 6, 2, NULL, '2016-02-24 21:24:50', '2016-02-24 20:24:50'),(193, '193', 6, 2, NULL, '2016-02-24 21:24:50', '2016-02-24 20:24:50'),(194, '194', 6, 2, NULL, '2016-02-24 21:24:50', '2016-02-24 20:24:50'),(195, '195', 6, 2, NULL, '2016-02-24 21:24:50', '2016-02-24 20:24:50'),(196, '196', 6, 2, NULL, '2016-02-24 21:24:50', '2016-02-24 20:24:50'),(197, '197', 6, 2, NULL, '2016-02-24 21:24:50', '2016-02-24 20:24:50'),(198, '198', 6, 2, NULL, '2016-02-24 21:24:50', '2016-02-24 20:24:50'),(199, '199', 6, 2, NULL, '2016-02-24 21:24:50', '2016-02-24 20:24:50'),(200, '200', 6, 2, NULL, '2016-02-24 21:24:50', '2016-02-24 20:24:50'),(201, '201', 6, 2, NULL, '2016-02-24 21:24:50', '2016-02-24 20:24:50'),(202, '202', 6, 2, NULL, '2016-02-24 21:24:50', '2016-02-24 20:24:50'),(203, '203', 6, 2, NULL, '2016-02-24 21:24:50', '2016-02-24 20:24:50'),(204, '204', 6, 2, NULL, '2016-02-24 21:24:50', '2016-02-24 20:24:50'),(205, '205', 6, 2, NULL, '2016-02-24 21:24:50', '2016-02-24 20:24:50'),(206, '206', 6, 2, NULL, '2016-02-24 21:24:50', '2016-02-24 20:24:50'),(207, '207', 6, 2, NULL, '2016-02-24 21:24:50', '2016-02-24 20:24:50'),(208, '208', 6, 2, NULL, '2016-02-24 21:24:50', '2016-02-24 20:24:50'),(209, '209', 6, 2, NULL, '2016-02-24 21:24:50', '2016-02-24 20:24:50'),(210, '210', 6, 2, NULL, '2016-02-24 21:24:50', '2016-02-24 20:24:50'),(211, '211', 6, 2, NULL, '2016-02-24 21:24:50', '2016-02-24 20:24:50'),(212, '212', 6, 2, NULL, '2016-02-24 21:24:50', '2016-02-24 20:24:50'),(213, '213', 6, 2, NULL, '2016-02-24 21:24:50', '2016-02-24 20:24:50'),(214, '214', 6, 2, NULL, '2016-02-24 21:24:50', '2016-02-24 20:24:50'),(215, '215', 6, 2, NULL, '2016-02-24 21:24:50', '2016-02-24 20:24:50'),(216, '216', 6, 2, NULL, '2016-02-24 21:24:50', '2016-02-24 20:24:50'),(217, '217', 6, 2, NULL, '2016-02-24 21:24:50', '2016-02-24 20:24:50'),(218, '218', 6, 2, NULL, '2016-02-24 21:24:50', '2016-02-24 20:24:50'),(219, '219', 6, 2, NULL, '2016-02-24 21:24:50', '2016-02-24 20:24:50'),(220, '220', 6, 2, NULL, '2016-02-24 21:24:50', '2016-02-24 20:24:50'),(221, '221', 6, 2, NULL, '2016-02-24 21:24:50', '2016-02-24 20:24:50'),(222, '222', 6, 2, NULL, '2016-02-24 21:24:50', '2016-02-24 20:24:50'),(223, '223', 6, 2, NULL, '2016-02-24 21:24:50', '2016-02-24 20:24:50'),(224, '224', 6, 2, NULL, '2016-02-24 21:24:50', '2016-02-24 20:24:50'),(225, '225', 6, 2, NULL, '2016-02-24 21:24:50', '2016-02-24 20:24:50'),(226, '226', 6, 2, NULL, '2016-02-24 21:24:50', '2016-02-24 20:24:50'),(227, '227', 6, 2, NULL, '2016-02-24 21:24:50', '2016-02-24 20:24:50'),(228, '228', 6, 2, NULL, '2016-02-24 21:24:50', '2016-02-24 20:24:50'),(229, '229', 6, 2, NULL, '2016-02-24 21:24:50', '2016-02-24 20:24:50'),(230, '230', 6, 2, NULL, '2016-02-24 21:24:50', '2016-02-24 20:24:50'),(231, '231', 6, 2, NULL, '2016-02-24 21:24:50', '2016-02-24 20:24:50'),(232, '232', 6, 2, NULL, '2016-02-24 21:24:50', '2016-02-24 20:24:50'),(233, '233', 6, 2, NULL, '2016-02-24 21:24:50', '2016-02-24 20:24:50'),(234, '234', 6, 2, NULL, '2016-02-24 21:24:50', '2016-02-24 20:24:50'),(235, '235', 6, 2, NULL, '2016-02-24 21:24:50', '2016-02-24 20:24:50'),(236, '236', 6, 2, NULL, '2016-02-24 21:24:50', '2016-02-24 20:24:50'),(237, '237', 6, 2, NULL, '2016-02-24 21:24:50', '2016-02-24 20:24:50'),(238, '238', 6, 2, NULL, '2016-02-24 21:24:50', '2016-02-24 20:24:50'),(239, '239', 6, 2, NULL, '2016-02-24 21:24:50', '2016-02-24 20:24:50'),(240, '240', 6, 2, NULL, '2016-02-24 21:24:50', '2016-02-24 20:24:50'),(241, '241', 6, 2, NULL, '2016-02-24 21:24:50', '2016-02-24 20:24:50'),(242, '242', 6, 2, NULL, '2016-02-24 21:24:50', '2016-02-24 20:24:50'),(243, '243', 6, 2, NULL, '2016-02-24 21:24:50', '2016-02-24 20:24:50'),(244, '244', 6, 2, NULL, '2016-02-24 21:24:50', '2016-02-24 20:24:50'),(245, '245', 6, 2, NULL, '2016-02-24 21:24:50', '2016-02-24 20:24:50'),(246, '246', 6, 2, NULL, '2016-02-24 21:24:50', '2016-02-24 20:24:50'),(247, '247', 6, 2, NULL, '2016-02-24 21:24:50', '2016-02-24 20:24:50'),(248, '248', 6, 2, NULL, '2016-02-24 21:24:50', '2016-02-24 20:24:50'),(249, '249', 6, 2, NULL, '2016-02-24 21:24:50', '2016-02-24 20:24:50'),(250, '250', 6, 2, NULL, '2016-02-24 21:24:50', '2016-02-24 20:24:50'),(251, '251', 6, 2, NULL, '2016-02-24 21:24:50', '2016-02-24 20:24:50'),(252, '252', 6, 2, NULL, '2016-02-24 21:24:50', '2016-02-24 20:24:50'),(253, '253', 6, 2, NULL, '2016-02-24 21:24:50', '2016-02-24 20:24:50'),(254, '254', 6, 2, NULL, '2016-02-24 21:24:50', '2016-02-24 20:24:50'),(255, '255', 6, 2, NULL, '2016-02-24 21:24:50', '2016-02-24 20:24:50'),(256, '256', 6, 2, NULL, '2016-02-24 21:24:50', '2016-02-24 20:24:50'),(257, '257', 6, 2, NULL, '2016-02-24 21:24:50', '2016-02-24 20:24:50'),(258, '258', 6, 2, NULL, '2016-02-24 21:24:50', '2016-02-24 20:24:50'),(259, '259', 6, 2, NULL, '2016-02-24 21:24:50', '2016-02-24 20:24:50'),(260, '260', 6, 2, NULL, '2016-02-24 21:24:50', '2016-02-24 20:24:50'),(261, '261', 6, 2, NULL, '2016-02-24 21:24:50', '2016-02-24 20:24:50'),(262, '262', 6, 2, NULL, '2016-02-24 21:24:50', '2016-02-24 20:24:50'),(263, '263', 6, 2, NULL, '2016-02-24 21:24:50', '2016-02-24 20:24:50'),(264, '264', 6, 2, NULL, '2016-02-24 21:24:50', '2016-02-24 20:24:50'),(265, '265', 6, 2, NULL, '2016-02-24 21:24:50', '2016-02-24 20:24:50'),(266, '266', 6, 2, NULL, '2016-02-24 21:24:50', '2016-02-24 20:24:50'),(267, '267', 6, 2, NULL, '2016-02-24 21:24:50', '2016-02-24 20:24:50'),(268, '268', 6, 2, NULL, '2016-02-24 21:24:50', '2016-02-24 20:24:50'),(269, '269', 6, 2, NULL, '2016-02-24 21:24:50', '2016-02-24 20:24:50'),(270, '270', 6, 2, NULL, '2016-02-24 21:24:50', '2016-02-24 20:24:50'),(271, '271', 6, 2, NULL, '2016-02-24 21:24:50', '2016-02-24 20:24:50'),(272, '272', 6, 2, NULL, '2016-02-24 21:24:50', '2016-02-24 20:24:50'),(273, '273', 6, 2, NULL, '2016-02-24 21:24:50', '2016-02-24 20:24:50'),(274, '274', 6, 2, NULL, '2016-02-24 21:24:50', '2016-02-24 20:24:50'),(275, '275', 6, 2, NULL, '2016-02-24 21:24:50', '2016-02-24 20:24:50'),(276, '276', 6, 2, NULL, '2016-02-24 21:24:50', '2016-02-24 20:24:50'),(277, '277', 6, 2, NULL, '2016-02-24 21:24:50', '2016-02-24 20:24:50'),(278, '278', 6, 2, NULL, '2016-02-24 21:24:50', '2016-02-24 20:24:50'),(279, '279', 6, 2, NULL, '2016-02-24 21:24:50', '2016-02-24 20:24:50'),(280, '280', 6, 2, NULL, '2016-02-24 21:24:50', '2016-02-24 20:24:50'),(281, '281', 6, 2, NULL, '2016-02-24 21:24:50', '2016-02-24 20:24:50'),(282, '282', 6, 2, NULL, '2016-02-24 21:24:50', '2016-02-24 20:24:50'),(283, '283', 6, 2, NULL, '2016-02-24 21:24:50', '2016-02-24 20:24:50'),(284, '284', 6, 2, NULL, '2016-02-24 21:24:50', '2016-02-24 20:24:50'),(285, '285', 6, 2, NULL, '2016-02-24 21:24:50', '2016-02-24 20:24:50'),(286, '286', 6, 2, NULL, '2016-02-24 21:24:50', '2016-02-24 20:24:50'),(287, '287', 6, 2, NULL, '2016-02-24 21:24:50', '2016-02-24 20:24:50'),(288, '288', 6, 2, NULL, '2016-02-24 21:24:50', '2016-02-24 20:24:50'),(289, '289', 6, 2, NULL, '2016-02-24 21:24:50', '2016-02-24 20:24:50'),(290, '290', 6, 2, NULL, '2016-02-24 21:24:50', '2016-02-24 20:24:50'),(291, '291', 6, 2, NULL, '2016-02-24 21:24:50', '2016-02-24 20:24:50'),(292, '292', 6, 2, NULL, '2016-02-24 21:24:50', '2016-02-24 20:24:50'),(293, '293', 6, 2, NULL, '2016-02-24 21:24:50', '2016-02-24 20:24:50'),(294, '294', 6, 2, NULL, '2016-02-24 21:24:50', '2016-02-24 20:24:50'),(295, '295', 6, 2, NULL, '2016-02-24 21:24:50', '2016-02-24 20:24:50'),(296, '296', 6, 2, NULL, '2016-02-24 21:24:50', '2016-02-24 20:24:50'),(297, '297', 6, 2, NULL, '2016-02-24 21:24:50', '2016-02-24 20:24:50'),(298, '298', 6, 2, NULL, '2016-02-24 21:24:50', '2016-02-24 20:24:50'),(299, '299', 6, 2, NULL, '2016-02-24 21:24:50', '2016-02-24 20:24:50'),(300, '300', 6, 2, NULL, '2016-02-24 21:24:50', '2016-02-24 20:24:50'),(301, '301', 6, 2, NULL, '2016-02-24 21:24:50', '2016-02-24 20:24:50'),(302, '302', 6, 2, NULL, '2016-02-24 21:24:50', '2016-02-24 20:24:50'),(303, '303', 6, 2, NULL, '2016-02-24 21:24:50', '2016-02-24 20:24:50'),(304, '304', 6, 2, NULL, '2016-02-24 21:24:50', '2016-02-24 20:24:50'),(305, '305', 6, 2, NULL, '2016-02-24 21:24:50', '2016-02-24 20:24:50'),(306, '306', 6, 2, NULL, '2016-02-24 21:24:50', '2016-02-24 20:24:50'),(307, '307', 6, 2, NULL, '2016-02-24 21:24:50', '2016-02-24 20:24:50'),(308, '308', 6, 2, NULL, '2016-02-24 21:24:50', '2016-02-24 20:24:50'),(309, '309', 6, 2, NULL, '2016-02-24 21:24:50', '2016-02-24 20:24:50'),(310, '310', 6, 2, NULL, '2016-02-24 21:24:50', '2016-02-24 20:24:50'),(311, '311', 6, 2, NULL, '2016-02-24 21:24:50', '2016-02-24 20:24:50'),(312, '312', 6, 2, NULL, '2016-02-24 21:24:50', '2016-02-24 20:24:50'),(313, '313', 6, 2, NULL, '2016-02-24 21:24:50', '2016-02-24 20:24:50'),(314, '314', 6, 2, NULL, '2016-02-24 21:24:50', '2016-02-24 20:24:50'),(315, '315', 6, 2, NULL, '2016-02-24 21:24:50', '2016-02-24 20:24:50'),(316, '316', 6, 2, NULL, '2016-02-24 21:24:50', '2016-02-24 20:24:50'),(317, '317', 6, 2, NULL, '2016-02-24 21:24:50', '2016-02-24 20:24:50'),(318, '318', 6, 2, NULL, '2016-02-24 21:24:50', '2016-02-24 20:24:50'),(319, '319', 6, 2, NULL, '2016-02-24 21:24:50', '2016-02-24 20:24:50'),(320, '320', 6, 2, NULL, '2016-02-24 21:24:50', '2016-02-24 20:24:50'),(321, '321', 6, 2, NULL, '2016-02-24 21:24:50', '2016-02-24 20:24:50'),(322, '322', 6, 2, NULL, '2016-02-24 21:24:50', '2016-02-24 20:24:50'),(323, '323', 6, 2, NULL, '2016-02-24 21:24:50', '2016-02-24 20:24:50'),(324, '324', 6, 2, NULL, '2016-02-24 21:24:50', '2016-02-24 20:24:50'),(325, '325', 6, 2, NULL, '2016-02-24 21:24:50', '2016-02-24 20:24:50'),(326, '326', 6, 2, NULL, '2016-02-24 21:24:50', '2016-02-24 20:24:50'),(327, '327', 6, 2, NULL, '2016-02-24 21:24:50', '2016-02-24 20:24:50'),(328, '328', 6, 2, NULL, '2016-02-24 21:24:50', '2016-02-24 20:24:50'),(329, '329', 6, 2, NULL, '2016-02-24 21:24:50', '2016-02-24 20:24:50'),(330, '330', 6, 2, NULL, '2016-02-24 21:24:50', '2016-02-24 20:24:50'),(331, '331', 6, 2, NULL, '2016-02-24 21:24:50', '2016-02-24 20:24:50'),(332, '332', 6, 2, NULL, '2016-02-24 21:24:50', '2016-02-24 20:24:50'),(333, '333', 6, 2, NULL, '2016-02-24 21:24:50', '2016-02-24 20:24:50'),(334, '334', 6, 2, NULL, '2016-02-24 21:24:50', '2016-02-24 20:24:50'),(335, '335', 6, 2, NULL, '2016-02-24 21:24:50', '2016-02-24 20:24:50'),(336, '336', 6, 2, NULL, '2016-02-24 21:24:50', '2016-02-24 20:24:50'),(337, '337', 6, 2, NULL, '2016-02-24 21:24:50', '2016-02-24 20:24:50'),(338, '338', 6, 2, NULL, '2016-02-24 21:24:50', '2016-02-24 20:24:50'),(339, '339', 6, 2, NULL, '2016-02-24 21:24:50', '2016-02-24 20:24:50'),(340, '340', 6, 2, NULL, '2016-02-24 21:24:50', '2016-02-24 20:24:50'),(341, '341', 6, 2, NULL, '2016-02-24 21:24:50', '2016-02-24 20:24:50'),(342, '342', 6, 2, NULL, '2016-02-24 21:24:50', '2016-02-24 20:24:50'),(343, '343', 6, 2, NULL, '2016-02-24 21:24:50', '2016-02-24 20:24:50'),(344, '344', 6, 2, NULL, '2016-02-24 21:24:50', '2016-02-24 20:24:50'),(345, '345', 6, 2, NULL, '2016-02-24 21:24:50', '2016-02-24 20:24:50'),(346, '346', 6, 2, NULL, '2016-02-24 21:24:50', '2016-02-24 20:24:50'),(347, '347', 6, 2, NULL, '2016-02-24 21:24:50', '2016-02-24 20:24:50'),(348, '348', 6, 2, NULL, '2016-02-24 21:24:50', '2016-02-24 20:24:50'),(349, '349', 6, 2, NULL, '2016-02-24 21:24:50', '2016-02-24 20:24:50'),(350, '350', 6, 2, NULL, '2016-02-24 21:24:50', '2016-02-24 20:24:50'),(351, '351', 6, 2, NULL, '2016-02-24 21:24:50', '2016-02-24 20:24:50'),(352, '352', 6, 2, NULL, '2016-02-24 21:24:50', '2016-02-24 20:24:50'),(353, '353', 6, 2, NULL, '2016-02-24 21:24:50', '2016-02-24 20:24:50'),(354, '354', 6, 2, NULL, '2016-02-24 21:24:50', '2016-02-24 20:24:50'),(355, '355', 6, 2, NULL, '2016-02-24 21:24:50', '2016-02-24 20:24:50'),(356, '356', 6, 2, NULL, '2016-02-24 21:24:50', '2016-02-24 20:24:50'),(357, '357', 6, 2, NULL, '2016-02-24 21:24:50', '2016-02-24 20:24:50'),(358, '358', 6, 2, NULL, '2016-02-24 21:24:50', '2016-02-24 20:24:50'),(359, '359', 6, 2, NULL, '2016-02-24 21:24:50', '2016-02-24 20:24:50'),(360, '360', 6, 2, NULL, '2016-02-24 21:24:50', '2016-02-24 20:24:50'),(361, '361', 6, 2, NULL, '2016-02-24 21:24:50', '2016-02-24 20:24:50'),(362, '362', 6, 2, NULL, '2016-02-24 21:24:50', '2016-02-24 20:24:50'),(363, '363', 6, 2, NULL, '2016-02-24 21:24:50', '2016-02-24 20:24:50'),(364, '364', 6, 2, NULL, '2016-02-24 21:24:50', '2016-02-24 20:24:50'),(365, '365', 6, 2, NULL, '2016-02-24 21:24:50', '2016-02-24 20:24:50'),(366, '366', 6, 2, NULL, '2016-02-24 21:24:50', '2016-02-24 20:24:50'),(367, '367', 6, 2, NULL, '2016-02-24 21:24:50', '2016-02-24 20:24:50'),(368, '368', 6, 2, NULL, '2016-02-24 21:24:50', '2016-02-24 20:24:50'),(369, '369', 6, 2, NULL, '2016-02-24 21:24:50', '2016-02-24 20:24:50'),(370, '370', 6, 2, NULL, '2016-02-24 21:24:50', '2016-02-24 20:24:50'),(371, '371', 6, 2, NULL, '2016-02-24 21:24:50', '2016-02-24 20:24:50'),(372, '372', 6, 2, NULL, '2016-02-24 21:24:50', '2016-02-24 20:24:50'),(373, '373', 6, 2, NULL, '2016-02-24 21:24:50', '2016-02-24 20:24:50'),(374, '374', 6, 2, NULL, '2016-02-24 21:24:50', '2016-02-24 20:24:50'),(375, '375', 6, 2, NULL, '2016-02-24 21:24:50', '2016-02-24 20:24:50'),(376, '376', 6, 2, NULL, '2016-02-24 21:24:50', '2016-02-24 20:24:50'),(377, '377', 6, 2, NULL, '2016-02-24 21:24:50', '2016-02-24 20:24:50'),(378, '378', 6, 2, NULL, '2016-02-24 21:24:50', '2016-02-24 20:24:50'),(379, '379', 6, 2, NULL, '2016-02-24 21:24:50', '2016-02-24 20:24:50'),(380, '380', 6, 2, NULL, '2016-02-24 21:24:50', '2016-02-24 20:24:50'),(381, '381', 6, 2, NULL, '2016-02-24 21:24:50', '2016-02-24 20:24:50'),(382, '382', 6, 2, NULL, '2016-02-24 21:24:50', '2016-02-24 20:24:50'),(383, '383', 6, 2, NULL, '2016-02-24 21:24:50', '2016-02-24 20:24:50'),(384, '384', 6, 2, NULL, '2016-02-24 21:24:50', '2016-02-24 20:24:50'),(385, '385', 6, 2, NULL, '2016-02-24 21:24:50', '2016-02-24 20:24:50'),(386, '386', 6, 2, NULL, '2016-02-24 21:24:50', '2016-02-24 20:24:50'),(387, '387', 6, 2, NULL, '2016-02-24 21:24:50', '2016-02-24 20:24:50'),(388, '388', 6, 2, NULL, '2016-02-24 21:24:50', '2016-02-24 20:24:50'),(389, '389', 6, 2, NULL, '2016-02-24 21:24:50', '2016-02-24 20:24:50'),(390, '390', 6, 2, NULL, '2016-02-24 21:24:50', '2016-02-24 20:24:50'),(391, '391', 6, 2, NULL, '2016-02-24 21:24:50', '2016-02-24 20:24:50'),(392, '392', 6, 2, NULL, '2016-02-24 21:24:50', '2016-02-24 20:24:50'),(393, '393', 6, 2, NULL, '2016-02-24 21:24:50', '2016-02-24 20:24:50'),(394, '394', 6, 2, NULL, '2016-02-24 21:24:50', '2016-02-24 20:24:50'),(395, '395', 6, 2, NULL, '2016-02-24 21:24:50', '2016-02-24 20:24:50'),(396, '396', 6, 2, NULL, '2016-02-24 21:24:50', '2016-02-24 20:24:50'),(397, '397', 6, 2, NULL, '2016-02-24 21:24:50', '2016-02-24 20:24:50'),(398, '398', 6, 2, NULL, '2016-02-24 21:24:50', '2016-02-24 20:24:50'),(399, '399', 6, 2, NULL, '2016-02-24 21:24:50', '2016-02-24 20:24:50'),(400, '400', 6, 2, NULL, '2016-02-24 21:24:50', '2016-02-24 20:24:50'),(401, '401', 6, 2, NULL, '2016-02-24 21:24:50', '2016-02-24 20:24:50'),(402, '402', 6, 2, NULL, '2016-02-24 21:24:50', '2016-02-24 20:24:50'),(403, '403', 6, 2, NULL, '2016-02-24 21:24:50', '2016-02-24 20:24:50'),(404, '404', 6, 2, NULL, '2016-02-24 21:24:50', '2016-02-24 20:24:50'),(405, '405', 6, 2, NULL, '2016-02-24 21:24:50', '2016-02-24 20:24:50'),(406, '406', 6, 2, NULL, '2016-02-24 21:24:50', '2016-02-24 20:24:50'),(407, '407', 6, 2, NULL, '2016-02-24 21:24:50', '2016-02-24 20:24:50'),(408, '408', 6, 2, NULL, '2016-02-24 21:24:50', '2016-02-24 20:24:50'),(409, '409', 6, 2, NULL, '2016-02-24 21:24:50', '2016-02-24 20:24:50'),(410, '410', 6, 2, NULL, '2016-02-24 21:24:50', '2016-02-24 20:24:50'),(411, '411', 6, 2, NULL, '2016-02-24 21:24:50', '2016-02-24 20:24:50'),(412, '412', 6, 2, NULL, '2016-02-24 21:24:50', '2016-02-24 20:24:50'),(413, '413', 6, 2, NULL, '2016-02-24 21:24:50', '2016-02-24 20:24:50'),(414, '414', 6, 2, NULL, '2016-02-24 21:24:50', '2016-02-24 20:24:50'),(415, '415', 6, 2, NULL, '2016-02-24 21:24:50', '2016-02-24 20:24:50'),(416, '416', 6, 2, NULL, '2016-02-24 21:24:50', '2016-02-24 20:24:50'),(417, '417', 6, 2, NULL, '2016-02-24 21:24:50', '2016-02-24 20:24:50'),(418, '418', 6, 2, NULL, '2016-02-24 21:24:50', '2016-02-24 20:24:50'),(419, '419', 6, 2, NULL, '2016-02-24 21:24:50', '2016-02-24 20:24:50'),(420, '420', 6, 2, NULL, '2016-02-24 21:24:50', '2016-02-24 20:24:50'),(421, '421', 6, 2, NULL, '2016-02-24 21:24:50', '2016-02-24 20:24:50'),(422, '422', 6, 2, NULL, '2016-02-24 21:24:50', '2016-02-24 20:24:50'),(423, '423', 6, 2, NULL, '2016-02-24 21:24:50', '2016-02-24 20:24:50'),(424, '424', 6, 2, NULL, '2016-02-24 21:24:50', '2016-02-24 20:24:50'),(425, '425', 6, 2, NULL, '2016-02-24 21:24:50', '2016-02-24 20:24:50'),(426, '426', 6, 2, NULL, '2016-02-24 21:24:50', '2016-02-24 20:24:50'),(427, '427', 6, 2, NULL, '2016-02-24 21:24:50', '2016-02-24 20:24:50'),(428, '428', 6, 2, NULL, '2016-02-24 21:24:50', '2016-02-24 20:24:50'),(429, '429', 6, 2, NULL, '2016-02-24 21:24:50', '2016-02-24 20:24:50'),(430, '430', 6, 2, NULL, '2016-02-24 21:24:50', '2016-02-24 20:24:50'),(431, '431', 6, 2, NULL, '2016-02-24 21:24:50', '2016-02-24 20:24:50'),(432, '432', 6, 2, NULL, '2016-02-24 21:24:50', '2016-02-24 20:24:50'),(433, '433', 6, 2, NULL, '2016-02-24 21:24:50', '2016-02-24 20:24:50'),(434, '434', 6, 2, NULL, '2016-02-24 21:24:50', '2016-02-24 20:24:50'),(435, '435', 6, 2, NULL, '2016-02-24 21:24:50', '2016-02-24 20:24:50'),(436, '436', 6, 2, NULL, '2016-02-24 21:24:50', '2016-02-24 20:24:50'),(437, '437', 6, 2, NULL, '2016-02-24 21:24:50', '2016-02-24 20:24:50'),(438, '438', 6, 2, NULL, '2016-02-24 21:24:50', '2016-02-24 20:24:50'),(439, '439', 6, 2, NULL, '2016-02-24 21:24:50', '2016-02-24 20:24:50'),(440, '440', 6, 2, NULL, '2016-02-24 21:24:50', '2016-02-24 20:24:50'),(441, '441', 6, 2, NULL, '2016-02-24 21:24:50', '2016-02-24 20:24:50'),(442, '442', 6, 2, NULL, '2016-02-24 21:24:50', '2016-02-24 20:24:50'),(443, '443', 6, 2, NULL, '2016-02-24 21:24:50', '2016-02-24 20:24:50'),(444, '444', 6, 2, NULL, '2016-02-24 21:24:50', '2016-02-24 20:24:50'),(445, '445', 6, 2, NULL, '2016-02-24 21:24:50', '2016-02-24 20:24:50'),(446, '446', 6, 2, NULL, '2016-02-24 21:24:50', '2016-02-24 20:24:50'),(447, '447', 6, 2, NULL, '2016-02-24 21:24:50', '2016-02-24 20:24:50'),(448, '448', 6, 2, NULL, '2016-02-24 21:24:50', '2016-02-24 20:24:50'),(449, '449', 6, 2, NULL, '2016-02-24 21:24:50', '2016-02-24 20:24:50'),(450, '450', 6, 2, NULL, '2016-02-24 21:24:50', '2016-02-24 20:24:50'),(451, '451', 6, 2, NULL, '2016-02-24 21:24:50', '2016-02-24 20:24:50'),(452, '452', 6, 2, NULL, '2016-02-24 21:24:50', '2016-02-24 20:24:50'),(453, '453', 6, 2, NULL, '2016-02-24 21:24:50', '2016-02-24 20:24:50'),(454, '454', 6, 2, NULL, '2016-02-24 21:24:50', '2016-02-24 20:24:50'),(455, '455', 6, 2, NULL, '2016-02-24 21:24:50', '2016-02-24 20:24:50'),(456, '456', 6, 2, NULL, '2016-02-24 21:24:50', '2016-02-24 20:24:50'),(457, '457', 6, 2, NULL, '2016-02-24 21:24:50', '2016-02-24 20:24:50'),(458, '458', 6, 2, NULL, '2016-02-24 21:24:50', '2016-02-24 20:24:50'),(459, '459', 6, 2, NULL, '2016-02-24 21:24:50', '2016-02-24 20:24:50'),(460, '460', 6, 2, NULL, '2016-02-24 21:24:50', '2016-02-24 20:24:50'),(461, '461', 6, 2, NULL, '2016-02-24 21:24:50', '2016-02-24 20:24:50'),(462, '462', 6, 2, NULL, '2016-02-24 21:24:50', '2016-02-24 20:24:50'),(463, '463', 6, 2, NULL, '2016-02-24 21:24:50', '2016-02-24 20:24:50'),(464, '464', 6, 2, NULL, '2016-02-24 21:24:50', '2016-02-24 20:24:50'),(465, '465', 6, 2, NULL, '2016-02-24 21:24:50', '2016-02-24 20:24:50'),(466, '466', 6, 2, NULL, '2016-02-24 21:24:50', '2016-02-24 20:24:50'),(467, '467', 6, 2, NULL, '2016-02-24 21:24:50', '2016-02-24 20:24:50'),(468, '468', 6, 2, NULL, '2016-02-24 21:24:50', '2016-02-24 20:24:50'),(469, '469', 6, 2, NULL, '2016-02-24 21:24:50', '2016-02-24 20:24:50'),(470, '470', 6, 2, NULL, '2016-02-24 21:24:50', '2016-02-24 20:24:50'),(471, '471', 6, 2, NULL, '2016-02-24 21:24:50', '2016-02-24 20:24:50'),(472, '472', 6, 2, NULL, '2016-02-24 21:24:50', '2016-02-24 20:24:50'),(473, '473', 6, 2, NULL, '2016-02-24 21:24:50', '2016-02-24 20:24:50'),(474, '474', 6, 2, NULL, '2016-02-24 21:24:50', '2016-02-24 20:24:50'),(475, '475', 6, 2, NULL, '2016-02-24 21:24:50', '2016-02-24 20:24:50'),(476, '476', 6, 2, NULL, '2016-02-24 21:24:50', '2016-02-24 20:24:50'),(477, '477', 6, 2, NULL, '2016-02-24 21:24:50', '2016-02-24 20:24:50'),(478, '478', 6, 2, NULL, '2016-02-24 21:24:50', '2016-02-24 20:24:50'),(479, '479', 6, 2, NULL, '2016-02-24 21:24:50', '2016-02-24 20:24:50'),(480, '480', 6, 2, NULL, '2016-02-24 21:24:50', '2016-02-24 20:24:50'),(481, '481', 6, 2, NULL, '2016-02-24 21:24:50', '2016-02-24 20:24:50'),(482, '482', 6, 2, NULL, '2016-02-24 21:24:50', '2016-02-24 20:24:50'),(483, '483', 6, 2, NULL, '2016-02-24 21:24:50', '2016-02-24 20:24:50'),(484, '484', 6, 2, NULL, '2016-02-24 21:24:50', '2016-02-24 20:24:50'),(485, '485', 6, 2, NULL, '2016-02-24 21:24:50', '2016-02-24 20:24:50'),(486, '486', 6, 2, NULL, '2016-02-24 21:24:50', '2016-02-24 20:24:50'),(487, '487', 6, 2, NULL, '2016-02-24 21:24:50', '2016-02-24 20:24:50'),(488, '488', 6, 2, NULL, '2016-02-24 21:24:50', '2016-02-24 20:24:50'),(489, '489', 6, 2, NULL, '2016-02-24 21:24:50', '2016-02-24 20:24:50'),(490, '490', 6, 2, NULL, '2016-02-24 21:24:50', '2016-02-24 20:24:50'),(491, '491', 6, 2, NULL, '2016-02-24 21:24:50', '2016-02-24 20:24:50'),(492, '492', 6, 2, NULL, '2016-02-24 21:24:50', '2016-02-24 20:24:50'),(493, '493', 6, 2, NULL, '2016-02-24 21:24:50', '2016-02-24 20:24:50'),(494, '494', 6, 2, NULL, '2016-02-24 21:24:50', '2016-02-24 20:24:50'),(495, '495', 6, 2, NULL, '2016-02-24 21:24:50', '2016-02-24 20:24:50'),(496, '496', 6, 2, NULL, '2016-02-24 21:24:50', '2016-02-24 20:24:50'),(497, '497', 6, 2, NULL, '2016-02-24 21:24:50', '2016-02-24 20:24:50'),(498, '498', 6, 2, NULL, '2016-02-24 21:24:50', '2016-02-24 20:24:50'),(499, '499', 6, 2, NULL, '2016-02-24 21:24:50', '2016-02-24 20:24:50'),(500, '500', 6, 2, NULL, '2016-02-24 21:24:50', '2016-02-24 20:24:50'),(501, '501', 6, 2, NULL, '2016-02-24 21:24:50', '2016-02-24 20:24:50'),(502, '502', 6, 2, NULL, '2016-02-24 21:24:50', '2016-02-24 20:24:50'),(503, '503', 6, 2, NULL, '2016-02-24 21:24:50', '2016-02-24 20:24:50'),(504, '504', 6, 2, NULL, '2016-02-24 21:24:50', '2016-02-24 20:24:50'),(505, '505', 6, 2, NULL, '2016-02-24 21:24:50', '2016-02-24 20:24:50'),(506, '506', 6, 2, NULL, '2016-02-24 21:24:50', '2016-02-24 20:24:50'),(507, '507', 6, 2, NULL, '2016-02-24 21:24:50', '2016-02-24 20:24:50'),(508, '508', 6, 2, NULL, '2016-02-24 21:24:50', '2016-02-24 20:24:50'),(509, '509', 6, 2, NULL, '2016-02-24 21:24:50', '2016-02-24 20:24:50'),(510, '510', 6, 2, NULL, '2016-02-24 21:24:50', '2016-02-24 20:24:50'),(511, '511', 6, 2, NULL, '2016-02-24 21:24:50', '2016-02-24 20:24:50'),(512, '512', 6, 2, NULL, '2016-02-24 21:24:50', '2016-02-24 20:24:50'),(513, '513', 6, 2, NULL, '2016-02-24 21:24:50', '2016-02-24 20:24:50'),(514, '514', 6, 2, NULL, '2016-02-24 21:24:50', '2016-02-24 20:24:50'),(515, '515', 6, 2, NULL, '2016-02-24 21:24:50', '2016-02-24 20:24:50'),(516, '516', 6, 2, NULL, '2016-02-24 21:24:50', '2016-02-24 20:24:50'),(517, '517', 6, 2, NULL, '2016-02-24 21:24:50', '2016-02-24 20:24:50'),(518, '518', 6, 2, NULL, '2016-02-24 21:24:50', '2016-02-24 20:24:50'),(519, '519', 6, 2, NULL, '2016-02-24 21:24:50', '2016-02-24 20:24:50'),(520, '520', 6, 2, NULL, '2016-02-24 21:24:50', '2016-02-24 20:24:50'),(521, '521', 6, 2, NULL, '2016-02-24 21:24:50', '2016-02-24 20:24:50'),(522, '522', 6, 2, NULL, '2016-02-24 21:24:50', '2016-02-24 20:24:50'),(523, '523', 6, 2, NULL, '2016-02-24 21:24:50', '2016-02-24 20:24:50'),(524, '524', 6, 2, NULL, '2016-02-24 21:24:50', '2016-02-24 20:24:50'),(525, '525', 6, 2, NULL, '2016-02-24 21:24:50', '2016-02-24 20:24:50'),(526, '526', 6, 2, NULL, '2016-02-24 21:24:50', '2016-02-24 20:24:50'),(527, '527', 6, 2, NULL, '2016-02-24 21:24:50', '2016-02-24 20:24:50'),(528, '528', 6, 2, NULL, '2016-02-24 21:24:50', '2016-02-24 20:24:50'),(529, '529', 6, 2, NULL, '2016-02-24 21:24:50', '2016-02-24 20:24:50'),(530, '530', 6, 2, NULL, '2016-02-24 21:24:50', '2016-02-24 20:24:50'),(531, '531', 6, 2, NULL, '2016-02-24 21:24:50', '2016-02-24 20:24:50'),(532, '532', 6, 2, NULL, '2016-02-24 21:24:50', '2016-02-24 20:24:50'),(533, '533', 6, 2, NULL, '2016-02-24 21:24:50', '2016-02-24 20:24:50'),(534, '534', 6, 2, NULL, '2016-02-24 21:24:50', '2016-02-24 20:24:50'),(535, '535', 6, 2, NULL, '2016-02-24 21:24:50', '2016-02-24 20:24:50'),(536, '536', 6, 2, NULL, '2016-02-24 21:24:50', '2016-02-24 20:24:50'),(537, '537', 6, 2, NULL, '2016-02-24 21:24:50', '2016-02-24 20:24:50'),(538, '538', 6, 2, NULL, '2016-02-24 21:24:50', '2016-02-24 20:24:50'),(539, '539', 6, 2, NULL, '2016-02-24 21:24:50', '2016-02-24 20:24:50'),(540, '540', 6, 2, NULL, '2016-02-24 21:24:50', '2016-02-24 20:24:50'),(541, '541', 6, 2, NULL, '2016-02-24 21:24:50', '2016-02-24 20:24:50'),(542, '542', 6, 2, NULL, '2016-02-24 21:24:50', '2016-02-24 20:24:50'),(543, '543', 6, 2, NULL, '2016-02-24 21:24:50', '2016-02-24 20:24:50'),(544, '544', 6, 2, NULL, '2016-02-24 21:24:50', '2016-02-24 20:24:50'),(545, '545', 6, 2, NULL, '2016-02-24 21:24:50', '2016-02-24 20:24:50'),(546, '546', 6, 2, NULL, '2016-02-24 21:24:50', '2016-02-24 20:24:50'),(547, '547', 6, 2, NULL, '2016-02-24 21:24:50', '2016-02-24 20:24:50'),(548, '548', 6, 2, NULL, '2016-02-24 21:24:50', '2016-02-24 20:24:50'),(549, '549', 6, 2, NULL, '2016-02-24 21:24:50', '2016-02-24 20:24:50'),(550, '550', 6, 2, NULL, '2016-02-24 21:24:50', '2016-02-24 20:24:50'),(551, '551', 6, 2, NULL, '2016-02-24 21:24:50', '2016-02-24 20:24:50'),(552, '552', 6, 2, NULL, '2016-02-24 21:24:50', '2016-02-24 20:24:50'),(553, '553', 6, 2, NULL, '2016-02-24 21:24:50', '2016-02-24 20:24:50'),(554, '554', 6, 2, NULL, '2016-02-24 21:24:50', '2016-02-24 20:24:50'),(555, '555', 6, 2, NULL, '2016-02-24 21:24:50', '2016-02-24 20:24:50'),(556, '556', 6, 2, NULL, '2016-02-24 21:24:50', '2016-02-24 20:24:50'),(557, '557', 6, 2, NULL, '2016-02-24 21:24:50', '2016-02-24 20:24:50'),(558, '558', 6, 2, NULL, '2016-02-24 21:24:50', '2016-02-24 20:24:50'),(559, '559', 6, 2, NULL, '2016-02-24 21:24:50', '2016-02-24 20:24:50'),(560, '560', 6, 2, NULL, '2016-02-24 21:24:50', '2016-02-24 20:24:50'),(561, '561', 6, 2, NULL, '2016-02-24 21:24:50', '2016-02-24 20:24:50'),(562, '562', 6, 2, NULL, '2016-02-24 21:24:50', '2016-02-24 20:24:50'),(563, '563', 6, 2, NULL, '2016-02-24 21:24:50', '2016-02-24 20:24:50'),(564, '564', 6, 2, NULL, '2016-02-24 21:24:50', '2016-02-24 20:24:50'),(565, '565', 6, 2, NULL, '2016-02-24 21:24:50', '2016-02-24 20:24:50'),(566, '566', 6, 2, NULL, '2016-02-24 21:24:50', '2016-02-24 20:24:50'),(567, '567', 6, 2, NULL, '2016-02-24 21:24:50', '2016-02-24 20:24:50'),(568, '568', 6, 2, NULL, '2016-02-24 21:24:50', '2016-02-24 20:24:50'),(569, '569', 6, 2, NULL, '2016-02-24 21:24:50', '2016-02-24 20:24:50'),(570, '570', 6, 2, NULL, '2016-02-24 21:24:50', '2016-02-24 20:24:50'),(571, '571', 6, 2, NULL, '2016-02-24 21:24:50', '2016-02-24 20:24:50'),(572, '572', 6, 2, NULL, '2016-02-24 21:24:50', '2016-02-24 20:24:50'),(573, '573', 6, 2, NULL, '2016-02-24 21:24:50', '2016-02-24 20:24:50'),(574, '574', 6, 2, NULL, '2016-02-24 21:24:50', '2016-02-24 20:24:50'),(575, '575', 6, 2, NULL, '2016-02-24 21:24:50', '2016-02-24 20:24:50'),(576, '576', 6, 2, NULL, '2016-02-24 21:24:50', '2016-02-24 20:24:50'),(577, '577', 6, 2, NULL, '2016-02-24 21:24:50', '2016-02-24 20:24:50'),(578, '578', 6, 2, NULL, '2016-02-24 21:24:50', '2016-02-24 20:24:50'),(579, '579', 6, 2, NULL, '2016-02-24 21:24:50', '2016-02-24 20:24:50'),(580, '580', 6, 2, NULL, '2016-02-24 21:24:50', '2016-02-24 20:24:50'),(581, '581', 6, 2, NULL, '2016-02-24 21:24:50', '2016-02-24 20:24:50'),(582, '582', 6, 2, NULL, '2016-02-24 21:24:50', '2016-02-24 20:24:50'),(583, '583', 6, 2, NULL, '2016-02-24 21:24:50', '2016-02-24 20:24:50'),(584, '584', 6, 2, NULL, '2016-02-24 21:24:50', '2016-02-24 20:24:50'),(585, '585', 6, 2, NULL, '2016-02-24 21:24:50', '2016-02-24 20:24:50'),(586, '586', 6, 2, NULL, '2016-02-24 21:24:50', '2016-02-24 20:24:50'),(587, '587', 6, 2, NULL, '2016-02-24 21:24:50', '2016-02-24 20:24:50'),(588, '588', 6, 2, NULL, '2016-02-24 21:24:50', '2016-02-24 20:24:50'),(589, '589', 6, 2, NULL, '2016-02-24 21:24:50', '2016-02-24 20:24:50'),(590, '590', 6, 2, NULL, '2016-02-24 21:24:50', '2016-02-24 20:24:50'),(591, '591', 6, 2, NULL, '2016-02-24 21:24:50', '2016-02-24 20:24:50'),(592, '592', 6, 2, NULL, '2016-02-24 21:24:50', '2016-02-24 20:24:50'),(593, '593', 6, 2, NULL, '2016-02-24 21:24:50', '2016-02-24 20:24:50'),(594, '594', 6, 2, NULL, '2016-02-24 21:24:50', '2016-02-24 20:24:50'),(595, '595', 6, 2, NULL, '2016-02-24 21:24:50', '2016-02-24 20:24:50'),(596, '596', 6, 2, NULL, '2016-02-24 21:24:50', '2016-02-24 20:24:50'),(597, '597', 6, 2, NULL, '2016-02-24 21:24:50', '2016-02-24 20:24:50'),(598, '598', 6, 2, NULL, '2016-02-24 21:24:50', '2016-02-24 20:24:50'),(599, '599', 6, 2, NULL, '2016-02-24 21:24:50', '2016-02-24 20:24:50'),(600, '600', 6, 2, NULL, '2016-02-24 21:24:50', '2016-02-24 20:24:50'),(601, '601', 6, 2, NULL, '2016-02-24 21:24:50', '2016-02-24 20:24:50'),(602, '602', 6, 2, NULL, '2016-02-24 21:24:50', '2016-02-24 20:24:50'),(603, '603', 6, 2, NULL, '2016-02-24 21:24:50', '2016-02-24 20:24:50'),(604, '604', 6, 2, NULL, '2016-02-24 21:24:50', '2016-02-24 20:24:50'),(605, '605', 6, 2, NULL, '2016-02-24 21:24:50', '2016-02-24 20:24:50'),(606, '606', 6, 2, NULL, '2016-02-24 21:24:50', '2016-02-24 20:24:50'),(607, '607', 6, 2, NULL, '2016-02-24 21:24:50', '2016-02-24 20:24:50'),(608, '608', 6, 2, NULL, '2016-02-24 21:24:50', '2016-02-24 20:24:50'),(609, '609', 6, 2, NULL, '2016-02-24 21:24:50', '2016-02-24 20:24:50'),(610, '610', 6, 2, NULL, '2016-02-24 21:24:50', '2016-02-24 20:24:50'),(611, '611', 6, 2, NULL, '2016-02-24 21:24:50', '2016-02-24 20:24:50'),(612, '612', 6, 2, NULL, '2016-02-24 21:24:50', '2016-02-24 20:24:50'),(613, '613', 6, 2, NULL, '2016-02-24 21:24:50', '2016-02-24 20:24:50'),(614, '614', 6, 2, NULL, '2016-02-24 21:24:50', '2016-02-24 20:24:50'),(615, '615', 6, 2, NULL, '2016-02-24 21:24:50', '2016-02-24 20:24:50'),(616, '616', 6, 2, NULL, '2016-02-24 21:24:50', '2016-02-24 20:24:50'),(617, '617', 6, 2, NULL, '2016-02-24 21:24:50', '2016-02-24 20:24:50'),(618, '618', 6, 2, NULL, '2016-02-24 21:24:50', '2016-02-24 20:24:50'),(619, '619', 6, 2, NULL, '2016-02-24 21:24:50', '2016-02-24 20:24:50'),(620, '620', 6, 2, NULL, '2016-02-24 21:24:50', '2016-02-24 20:24:50'),(621, '621', 6, 2, NULL, '2016-02-24 21:24:50', '2016-02-24 20:24:50'),(622, '622', 6, 2, NULL, '2016-02-24 21:24:50', '2016-02-24 20:24:50'),(623, '623', 6, 2, NULL, '2016-02-24 21:24:50', '2016-02-24 20:24:50'),(624, '624', 6, 2, NULL, '2016-02-24 21:24:50', '2016-02-24 20:24:50'),(625, '625', 6, 2, NULL, '2016-02-24 21:24:50', '2016-02-24 20:24:50'),(626, '626', 6, 2, NULL, '2016-02-24 21:24:50', '2016-02-24 20:24:50'),(627, '627', 6, 2, NULL, '2016-02-24 21:24:50', '2016-02-24 20:24:50'),(628, '628', 6, 2, NULL, '2016-02-24 21:24:50', '2016-02-24 20:24:50'),(629, '629', 6, 2, NULL, '2016-02-24 21:24:50', '2016-02-24 20:24:50'),(630, '630', 6, 2, NULL, '2016-02-24 21:24:50', '2016-02-24 20:24:50'),(631, '631', 6, 2, NULL, '2016-02-24 21:24:50', '2016-02-24 20:24:50'),(632, '632', 6, 2, NULL, '2016-02-24 21:24:50', '2016-02-24 20:24:50'),(633, '633', 6, 2, NULL, '2016-02-24 21:24:50', '2016-02-24 20:24:50'),(634, '634', 6, 2, NULL, '2016-02-24 21:24:50', '2016-02-24 20:24:50'),(635, '635', 6, 2, NULL, '2016-02-24 21:24:50', '2016-02-24 20:24:50'),(636, '636', 6, 2, NULL, '2016-02-24 21:24:50', '2016-02-24 20:24:50'),(637, '637', 6, 2, NULL, '2016-02-24 21:24:50', '2016-02-24 20:24:50'),(638, '638', 6, 2, NULL, '2016-02-24 21:24:50', '2016-02-24 20:24:50'),(639, '639', 6, 2, NULL, '2016-02-24 21:24:50', '2016-02-24 20:24:50'),(640, '640', 6, 2, NULL, '2016-02-24 21:24:50', '2016-02-24 20:24:50'),(641, '641', 6, 2, NULL, '2016-02-24 21:24:50', '2016-02-24 20:24:50'),(642, '642', 6, 2, NULL, '2016-02-24 21:24:50', '2016-02-24 20:24:50'),(643, '643', 6, 2, NULL, '2016-02-24 21:24:50', '2016-02-24 20:24:50'),(644, '644', 6, 2, NULL, '2016-02-24 21:24:50', '2016-02-24 20:24:50'),(645, '645', 6, 2, NULL, '2016-02-24 21:24:50', '2016-02-24 20:24:50'),(646, '646', 6, 2, NULL, '2016-02-24 21:24:50', '2016-02-24 20:24:50'),(647, '647', 6, 2, NULL, '2016-02-24 21:24:50', '2016-02-24 20:24:50'),(648, '648', 6, 2, NULL, '2016-02-24 21:24:50', '2016-02-24 20:24:50'),(649, '649', 6, 2, NULL, '2016-02-24 21:24:50', '2016-02-24 20:24:50'),(650, '650', 6, 2, NULL, '2016-02-24 21:24:50', '2016-02-24 20:24:50'),(651, '651', 6, 2, NULL, '2016-02-24 21:24:50', '2016-02-24 20:24:50'),(652, '652', 6, 2, NULL, '2016-02-24 21:24:50', '2016-02-24 20:24:50'),(653, '653', 6, 2, NULL, '2016-02-24 21:24:50', '2016-02-24 20:24:50'),(654, '654', 6, 2, NULL, '2016-02-24 21:24:50', '2016-02-24 20:24:50'),(655, '655', 6, 2, NULL, '2016-02-24 21:24:50', '2016-02-24 20:24:50'),(656, '656', 6, 2, NULL, '2016-02-24 21:24:50', '2016-02-24 20:24:50'),(657, '657', 6, 2, NULL, '2016-02-24 21:24:50', '2016-02-24 20:24:50'),(658, '658', 6, 2, NULL, '2016-02-24 21:24:50', '2016-02-24 20:24:50'),(659, '659', 6, 2, NULL, '2016-02-24 21:24:50', '2016-02-24 20:24:50'),(660, '660', 6, 2, NULL, '2016-02-24 21:24:50', '2016-02-24 20:24:50'),(661, '661', 6, 2, NULL, '2016-02-24 21:24:50', '2016-02-24 20:24:50'),(662, '662', 6, 2, NULL, '2016-02-24 21:24:50', '2016-02-24 20:24:50'),(663, '663', 6, 2, NULL, '2016-02-24 21:24:50', '2016-02-24 20:24:50'),(664, '664', 6, 2, NULL, '2016-02-24 21:24:50', '2016-02-24 20:24:50'),(665, '665', 6, 2, NULL, '2016-02-24 21:24:50', '2016-02-24 20:24:50'),(666, '666', 6, 2, NULL, '2016-02-24 21:24:50', '2016-02-24 20:24:50'),(667, '667', 6, 2, NULL, '2016-02-24 21:24:50', '2016-02-24 20:24:50'),(668, '668', 6, 2, NULL, '2016-02-24 21:24:50', '2016-02-24 20:24:50'),(669, '669', 6, 2, NULL, '2016-02-24 21:24:50', '2016-02-24 20:24:50'),(670, '670', 6, 2, NULL, '2016-02-24 21:24:50', '2016-02-24 20:24:50'),(671, '671', 6, 2, NULL, '2016-02-24 21:24:50', '2016-02-24 20:24:50'),(672, '672', 6, 2, NULL, '2016-02-24 21:24:50', '2016-02-24 20:24:50'),(673, '673', 6, 2, NULL, '2016-02-24 21:24:50', '2016-02-24 20:24:50'),(674, '674', 6, 2, NULL, '2016-02-24 21:24:50', '2016-02-24 20:24:50'),(675, '675', 6, 2, NULL, '2016-02-24 21:24:50', '2016-02-24 20:24:50'),(676, '676', 6, 2, NULL, '2016-02-24 21:24:50', '2016-02-24 20:24:50'),(677, '677', 6, 2, NULL, '2016-02-24 21:24:50', '2016-02-24 20:24:50'),(678, '678', 6, 2, NULL, '2016-02-24 21:24:50', '2016-02-24 20:24:50'),(679, '679', 6, 2, NULL, '2016-02-24 21:24:50', '2016-02-24 20:24:50'),(680, '680', 6, 2, NULL, '2016-02-24 21:24:50', '2016-02-24 20:24:50'),(681, '681', 6, 2, NULL, '2016-02-24 21:24:50', '2016-02-24 20:24:50'),(682, '682', 6, 2, NULL, '2016-02-24 21:24:50', '2016-02-24 20:24:50'),(683, '683', 6, 2, NULL, '2016-02-24 21:24:50', '2016-02-24 20:24:50'),(684, '684', 6, 2, NULL, '2016-02-24 21:24:50', '2016-02-24 20:24:50'),(685, '685', 6, 2, NULL, '2016-02-24 21:24:50', '2016-02-24 20:24:50'),(686, '686', 6, 2, NULL, '2016-02-24 21:24:50', '2016-02-24 20:24:50'),(687, '687', 6, 2, NULL, '2016-02-24 21:24:50', '2016-02-24 20:24:50'),(688, '688', 6, 2, NULL, '2016-02-24 21:24:50', '2016-02-24 20:24:50'),(689, '689', 6, 2, NULL, '2016-02-24 21:24:50', '2016-02-24 20:24:50'),(690, '690', 6, 2, NULL, '2016-02-24 21:24:50', '2016-02-24 20:24:50'),(691, '691', 6, 2, NULL, '2016-02-24 21:24:50', '2016-02-24 20:24:50'),(692, '692', 6, 2, NULL, '2016-02-24 21:24:50', '2016-02-24 20:24:50'),(693, '693', 6, 2, NULL, '2016-02-24 21:24:50', '2016-02-24 20:24:50'),(694, '694', 6, 2, NULL, '2016-02-24 21:24:50', '2016-02-24 20:24:50'),(695, '695', 6, 2, NULL, '2016-02-24 21:24:50', '2016-02-24 20:24:50'),(696, '696', 6, 2, NULL, '2016-02-24 21:24:50', '2016-02-24 20:24:50'),(697, '697', 6, 2, NULL, '2016-02-24 21:24:50', '2016-02-24 20:24:50'),(698, '698', 6, 2, NULL, '2016-02-24 21:24:50', '2016-02-24 20:24:50'),(699, '699', 6, 2, NULL, '2016-02-24 21:24:50', '2016-02-24 20:24:50'),(700, '700', 6, 2, NULL, '2016-02-24 21:24:50', '2016-02-24 20:24:50'),(701, '701', 6, 2, NULL, '2016-02-24 21:24:50', '2016-02-24 20:24:50'),(702, '702', 6, 2, NULL, '2016-02-24 21:24:50', '2016-02-24 20:24:50'),(703, '703', 6, 2, NULL, '2016-02-24 21:24:50', '2016-02-24 20:24:50'),(704, '704', 6, 2, NULL, '2016-02-24 21:24:50', '2016-02-24 20:24:50'),(705, '705', 6, 2, NULL, '2016-02-24 21:24:50', '2016-02-24 20:24:50'),(706, '706', 6, 2, NULL, '2016-02-24 21:24:50', '2016-02-24 20:24:50'),(707, '707', 6, 2, NULL, '2016-02-24 21:24:50', '2016-02-24 20:24:50'),(708, '708', 6, 2, NULL, '2016-02-24 21:24:50', '2016-02-24 20:24:50'),(709, '709', 6, 2, NULL, '2016-02-24 21:24:50', '2016-02-24 20:24:50'),(710, '710', 6, 2, NULL, '2016-02-24 21:24:50', '2016-02-24 20:24:50'),(711, '711', 6, 2, NULL, '2016-02-24 21:24:50', '2016-02-24 20:24:50'),(712, '712', 6, 2, NULL, '2016-02-24 21:24:50', '2016-02-24 20:24:50'),(713, '713', 6, 2, NULL, '2016-02-24 21:24:50', '2016-02-24 20:24:50'),(714, '714', 6, 2, NULL, '2016-02-24 21:24:50', '2016-02-24 20:24:50'),(715, '715', 6, 2, NULL, '2016-02-24 21:24:50', '2016-02-24 20:24:50'),(716, '716', 6, 2, NULL, '2016-02-24 21:24:50', '2016-02-24 20:24:50'),(717, '717', 6, 2, NULL, '2016-02-24 21:24:50', '2016-02-24 20:24:50'),(718, '718', 6, 2, NULL, '2016-02-24 21:24:50', '2016-02-24 20:24:50'),(719, '719', 6, 2, NULL, '2016-02-24 21:24:50', '2016-02-24 20:24:50'),(720, '720', 6, 2, NULL, '2016-02-24 21:24:50', '2016-02-24 20:24:50'),(721, '721', 6, 2, NULL, '2016-02-24 21:24:50', '2016-02-24 20:24:50'),(722, '722', 6, 2, NULL, '2016-02-24 21:24:50', '2016-02-24 20:24:50'),(723, '723', 6, 2, NULL, '2016-02-24 21:24:50', '2016-02-24 20:24:50'),(724, '724', 6, 2, NULL, '2016-02-24 21:24:50', '2016-02-24 20:24:50'),(725, '725', 6, 2, NULL, '2016-02-24 21:24:50', '2016-02-24 20:24:50'),(726, '726', 6, 2, NULL, '2016-02-24 21:24:50', '2016-02-24 20:24:50'),(727, '727', 6, 2, NULL, '2016-02-24 21:24:50', '2016-02-24 20:24:50'),(728, '728', 6, 2, NULL, '2016-02-24 21:24:50', '2016-02-24 20:24:50'),(729, '729', 6, 2, NULL, '2016-02-24 21:24:50', '2016-02-24 20:24:50'),(730, '730', 6, 2, NULL, '2016-02-24 21:24:50', '2016-02-24 20:24:50'),(731, '731', 6, 2, NULL, '2016-02-24 21:24:50', '2016-02-24 20:24:50'),(732, '732', 6, 2, NULL, '2016-02-24 21:24:50', '2016-02-24 20:24:50'),(733, '733', 6, 2, NULL, '2016-02-24 21:24:50', '2016-02-24 20:24:50'),(734, '734', 6, 2, NULL, '2016-02-24 21:24:50', '2016-02-24 20:24:50'),(735, '735', 6, 2, NULL, '2016-02-24 21:24:50', '2016-02-24 20:24:50'),(736, '736', 6, 2, NULL, '2016-02-24 21:24:50', '2016-02-24 20:24:50'),(737, '737', 6, 2, NULL, '2016-02-24 21:24:50', '2016-02-24 20:24:50'),(738, '738', 6, 2, NULL, '2016-02-24 21:24:50', '2016-02-24 20:24:50'),(739, '739', 6, 2, NULL, '2016-02-24 21:24:50', '2016-02-24 20:24:50'),(740, '740', 6, 2, NULL, '2016-02-24 21:24:50', '2016-02-24 20:24:50'),(741, '741', 6, 2, NULL, '2016-02-24 21:24:50', '2016-02-24 20:24:50'),(742, '742', 6, 2, NULL, '2016-02-24 21:24:50', '2016-02-24 20:24:50'),(743, '743', 6, 2, NULL, '2016-02-24 21:24:50', '2016-02-24 20:24:50'),(744, '744', 6, 2, NULL, '2016-02-24 21:24:50', '2016-02-24 20:24:50'),(745, '745', 6, 2, NULL, '2016-02-24 21:24:50', '2016-02-24 20:24:50'),(746, '746', 6, 2, NULL, '2016-02-24 21:24:50', '2016-02-24 20:24:50'),(747, '747', 6, 2, NULL, '2016-02-24 21:24:50', '2016-02-24 20:24:50'),(748, '748', 6, 2, NULL, '2016-02-24 21:24:50', '2016-02-24 20:24:50'),(749, '749', 6, 2, NULL, '2016-02-24 21:24:50', '2016-02-24 20:24:50'),(750, '750', 6, 2, NULL, '2016-02-24 21:24:50', '2016-02-24 20:24:50'),(751, '751', 6, 2, NULL, '2016-02-24 21:24:50', '2016-02-24 20:24:50'),(752, '752', 6, 2, NULL, '2016-02-24 21:24:50', '2016-02-24 20:24:50'),(753, '753', 6, 2, NULL, '2016-02-24 21:24:50', '2016-02-24 20:24:50'),(754, '754', 6, 2, NULL, '2016-02-24 21:24:50', '2016-02-24 20:24:50'),(755, '755', 6, 2, NULL, '2016-02-24 21:24:50', '2016-02-24 20:24:50'),(756, '756', 6, 2, NULL, '2016-02-24 21:24:50', '2016-02-24 20:24:50'),(757, '757', 6, 2, NULL, '2016-02-24 21:24:50', '2016-02-24 20:24:50'),(758, '758', 6, 2, NULL, '2016-02-24 21:24:50', '2016-02-24 20:24:50'),(759, '759', 6, 2, NULL, '2016-02-24 21:24:50', '2016-02-24 20:24:50'),(760, '760', 6, 2, NULL, '2016-02-24 21:24:50', '2016-02-24 20:24:50'),(761, '761', 6, 2, NULL, '2016-02-24 21:24:50', '2016-02-24 20:24:50'),(762, '762', 6, 2, NULL, '2016-02-24 21:24:50', '2016-02-24 20:24:50'),(763, '763', 6, 2, NULL, '2016-02-24 21:24:50', '2016-02-24 20:24:50'),(764, '764', 6, 2, NULL, '2016-02-24 21:24:50', '2016-02-24 20:24:50'),(765, '765', 6, 2, NULL, '2016-02-24 21:24:50', '2016-02-24 20:24:50'),(766, '766', 6, 2, NULL, '2016-02-24 21:24:50', '2016-02-24 20:24:50'),(767, '767', 6, 2, NULL, '2016-02-24 21:24:50', '2016-02-24 20:24:50'),(768, '768', 6, 2, NULL, '2016-02-24 21:24:50', '2016-02-24 20:24:50'),(769, '769', 6, 2, NULL, '2016-02-24 21:24:50', '2016-02-24 20:24:50'),(770, '770', 6, 2, NULL, '2016-02-24 21:24:50', '2016-02-24 20:24:50'),(771, '771', 6, 2, NULL, '2016-02-24 21:24:50', '2016-02-24 20:24:50'),(772, '772', 6, 2, NULL, '2016-02-24 21:24:50', '2016-02-24 20:24:50'),(773, '773', 6, 2, NULL, '2016-02-24 21:24:50', '2016-02-24 20:24:50'),(774, '774', 6, 2, NULL, '2016-02-24 21:24:50', '2016-02-24 20:24:50'),(775, '775', 6, 2, NULL, '2016-02-24 21:24:50', '2016-02-24 20:24:50'),(776, '776', 6, 2, NULL, '2016-02-24 21:24:50', '2016-02-24 20:24:50'),(777, '777', 6, 2, NULL, '2016-02-24 21:24:50', '2016-02-24 20:24:50'),(778, '778', 6, 2, NULL, '2016-02-24 21:24:50', '2016-02-24 20:24:50'),(779, '779', 6, 2, NULL, '2016-02-24 21:24:50', '2016-02-24 20:24:50'),(780, '780', 6, 2, NULL, '2016-02-24 21:24:50', '2016-02-24 20:24:50'),(781, '781', 6, 2, NULL, '2016-02-24 21:24:50', '2016-02-24 20:24:50'),(782, '782', 6, 2, NULL, '2016-02-24 21:24:50', '2016-02-24 20:24:50'),(783, '783', 6, 2, NULL, '2016-02-24 21:24:50', '2016-02-24 20:24:50'),(784, '784', 6, 2, NULL, '2016-02-24 21:24:50', '2016-02-24 20:24:50'),(785, '785', 6, 2, NULL, '2016-02-24 21:24:50', '2016-02-24 20:24:50'),(786, '786', 6, 2, NULL, '2016-02-24 21:24:50', '2016-02-24 20:24:50'),(787, '787', 6, 2, NULL, '2016-02-24 21:24:50', '2016-02-24 20:24:50'),(788, '788', 6, 2, NULL, '2016-02-24 21:24:50', '2016-02-24 20:24:50'),(789, '789', 6, 2, NULL, '2016-02-24 21:24:50', '2016-02-24 20:24:50'),(790, '790', 6, 2, NULL, '2016-02-24 21:24:50', '2016-02-24 20:24:50'),(791, '791', 6, 2, NULL, '2016-02-24 21:24:50', '2016-02-24 20:24:50'),(792, '792', 6, 2, NULL, '2016-02-24 21:24:50', '2016-02-24 20:24:50'),(793, '793', 6, 2, NULL, '2016-02-24 21:24:50', '2016-02-24 20:24:50'),(794, '794', 6, 2, NULL, '2016-02-24 21:24:50', '2016-02-24 20:24:50'),(795, '795', 6, 2, NULL, '2016-02-24 21:24:50', '2016-02-24 20:24:50'),(796, '796', 6, 2, NULL, '2016-02-24 21:24:50', '2016-02-24 20:24:50'),(797, '797', 6, 2, NULL, '2016-02-24 21:24:50', '2016-02-24 20:24:50'),(798, '798', 6, 2, NULL, '2016-02-24 21:24:50', '2016-02-24 20:24:50'),(799, '799', 6, 2, NULL, '2016-02-24 21:24:50', '2016-02-24 20:24:50'),(800, '800', 6, 2, NULL, '2016-02-24 21:24:50', '2016-02-24 20:24:50'),(801, '801', 6, 2, NULL, '2016-02-24 21:24:50', '2016-02-24 20:24:50'),(802, '802', 6, 2, NULL, '2016-02-24 21:24:50', '2016-02-24 20:24:50'),(803, '803', 6, 2, NULL, '2016-02-24 21:24:50', '2016-02-24 20:24:50'),(804, '804', 6, 2, NULL, '2016-02-24 21:24:50', '2016-02-24 20:24:50'),(805, '805', 6, 2, NULL, '2016-02-24 21:24:50', '2016-02-24 20:24:50'),(806, '806', 6, 2, NULL, '2016-02-24 21:24:50', '2016-02-24 20:24:50'),(807, '807', 6, 2, NULL, '2016-02-24 21:24:50', '2016-02-24 20:24:50'),(808, '808', 6, 2, NULL, '2016-02-24 21:24:50', '2016-02-24 20:24:50'),(809, '809', 6, 2, NULL, '2016-02-24 21:24:50', '2016-02-24 20:24:50'),(810, '810', 6, 2, NULL, '2016-02-24 21:24:50', '2016-02-24 20:24:50'),(811, '811', 6, 2, NULL, '2016-02-24 21:24:50', '2016-02-24 20:24:50'),(812, '812', 6, 2, NULL, '2016-02-24 21:24:50', '2016-02-24 20:24:50'),(813, '813', 6, 2, NULL, '2016-02-24 21:24:50', '2016-02-24 20:24:50'),(814, '814', 6, 2, NULL, '2016-02-24 21:24:50', '2016-02-24 20:24:50'),(815, '815', 6, 2, NULL, '2016-02-24 21:24:50', '2016-02-24 20:24:50'),(816, '816', 6, 2, NULL, '2016-02-24 21:24:50', '2016-02-24 20:24:50'),(817, '817', 6, 2, NULL, '2016-02-24 21:24:50', '2016-02-24 20:24:50'),(818, '818', 6, 2, NULL, '2016-02-24 21:24:50', '2016-02-24 20:24:50'),(819, '819', 6, 2, NULL, '2016-02-24 21:24:50', '2016-02-24 20:24:50'),(820, '820', 6, 2, NULL, '2016-02-24 21:24:50', '2016-02-24 20:24:50'),(821, '821', 6, 2, NULL, '2016-02-24 21:24:50', '2016-02-24 20:24:50'),(822, '822', 6, 2, NULL, '2016-02-24 21:24:50', '2016-02-24 20:24:50'),(823, '823', 6, 2, NULL, '2016-02-24 21:24:50', '2016-02-24 20:24:50'),(824, '824', 6, 2, NULL, '2016-02-24 21:24:50', '2016-02-24 20:24:50'),(825, '825', 6, 2, NULL, '2016-02-24 21:24:50', '2016-02-24 20:24:50'),(826, '826', 6, 2, NULL, '2016-02-24 21:24:50', '2016-02-24 20:24:50'),(827, '827', 6, 2, NULL, '2016-02-24 21:24:50', '2016-02-24 20:24:50'),(828, '828', 6, 2, NULL, '2016-02-24 21:24:50', '2016-02-24 20:24:50'),(829, '829', 6, 2, NULL, '2016-02-24 21:24:50', '2016-02-24 20:24:50'),(830, '830', 6, 2, NULL, '2016-02-24 21:24:50', '2016-02-24 20:24:50'),(831, '831', 6, 2, NULL, '2016-02-24 21:24:50', '2016-02-24 20:24:50'),(832, '832', 6, 2, NULL, '2016-02-24 21:24:50', '2016-02-24 20:24:50'),(833, '833', 6, 2, NULL, '2016-02-24 21:24:50', '2016-02-24 20:24:50'),(834, '834', 6, 2, NULL, '2016-02-24 21:24:50', '2016-02-24 20:24:50'),(835, '835', 6, 2, NULL, '2016-02-24 21:24:50', '2016-02-24 20:24:50'),(836, '836', 6, 2, NULL, '2016-02-24 21:24:50', '2016-02-24 20:24:50'),(837, '837', 6, 2, NULL, '2016-02-24 21:24:50', '2016-02-24 20:24:50'),(838, '838', 6, 2, NULL, '2016-02-24 21:24:50', '2016-02-24 20:24:50'),(839, '839', 6, 2, NULL, '2016-02-24 21:24:50', '2016-02-24 20:24:50'),(840, '840', 6, 2, NULL, '2016-02-24 21:24:50', '2016-02-24 20:24:50'),(841, '841', 6, 2, NULL, '2016-02-24 21:24:50', '2016-02-24 20:24:50'),(842, '842', 6, 2, NULL, '2016-02-24 21:24:50', '2016-02-24 20:24:50'),(843, '843', 6, 2, NULL, '2016-02-24 21:24:50', '2016-02-24 20:24:50'),(844, '844', 6, 2, NULL, '2016-02-24 21:24:50', '2016-02-24 20:24:50'),(845, '845', 6, 2, NULL, '2016-02-24 21:24:50', '2016-02-24 20:24:50'),(846, '846', 6, 2, NULL, '2016-02-24 21:24:50', '2016-02-24 20:24:50'),(847, '847', 6, 2, NULL, '2016-02-24 21:24:50', '2016-02-24 20:24:50'),(848, '848', 6, 2, NULL, '2016-02-24 21:24:50', '2016-02-24 20:24:50'),(849, '849', 6, 2, NULL, '2016-02-24 21:24:50', '2016-02-24 20:24:50'),(850, '850', 6, 2, NULL, '2016-02-24 21:24:50', '2016-02-24 20:24:50'),(851, '851', 6, 2, NULL, '2016-02-24 21:24:50', '2016-02-24 20:24:50'),(852, '852', 6, 2, NULL, '2016-02-24 21:24:50', '2016-02-24 20:24:50'),(853, '853', 6, 2, NULL, '2016-02-24 21:24:50', '2016-02-24 20:24:50'),(854, '854', 6, 2, NULL, '2016-02-24 21:24:50', '2016-02-24 20:24:50'),(855, '855', 6, 2, NULL, '2016-02-24 21:24:50', '2016-02-24 20:24:50'),(856, '856', 6, 2, NULL, '2016-02-24 21:24:50', '2016-02-24 20:24:50'),(857, '857', 6, 2, NULL, '2016-02-24 21:24:50', '2016-02-24 20:24:50'),(858, '858', 6, 2, NULL, '2016-02-24 21:24:50', '2016-02-24 20:24:50'),(859, '859', 6, 2, NULL, '2016-02-24 21:24:50', '2016-02-24 20:24:50'),(860, '860', 6, 2, NULL, '2016-02-24 21:24:50', '2016-02-24 20:24:50'),(861, '861', 6, 2, NULL, '2016-02-24 21:24:50', '2016-02-24 20:24:50'),(862, '862', 6, 2, NULL, '2016-02-24 21:24:50', '2016-02-24 20:24:50'),(863, '863', 6, 2, NULL, '2016-02-24 21:24:50', '2016-02-24 20:24:50'),(864, '864', 6, 2, NULL, '2016-02-24 21:24:50', '2016-02-24 20:24:50'),(865, '865', 6, 2, NULL, '2016-02-24 21:24:50', '2016-02-24 20:24:50'),(866, '866', 6, 2, NULL, '2016-02-24 21:24:50', '2016-02-24 20:24:50'),(867, '867', 6, 2, NULL, '2016-02-24 21:24:50', '2016-02-24 20:24:50'),(868, '868', 6, 2, NULL, '2016-02-24 21:24:50', '2016-02-24 20:24:50'),(869, '869', 6, 2, NULL, '2016-02-24 21:24:50', '2016-02-24 20:24:50'),(870, '870', 6, 2, NULL, '2016-02-24 21:24:50', '2016-02-24 20:24:50'),(871, '871', 6, 2, NULL, '2016-02-24 21:24:50', '2016-02-24 20:24:50'),(872, '872', 6, 2, NULL, '2016-02-24 21:24:50', '2016-02-24 20:24:50'),(873, '873', 6, 2, NULL, '2016-02-24 21:24:50', '2016-02-24 20:24:50'),(874, '874', 6, 2, NULL, '2016-02-24 21:24:50', '2016-02-24 20:24:50'),(875, '875', 6, 2, NULL, '2016-02-24 21:24:50', '2016-02-24 20:24:50'),(876, '876', 6, 2, NULL, '2016-02-24 21:24:50', '2016-02-24 20:24:50'),(877, '877', 6, 2, NULL, '2016-02-24 21:24:50', '2016-02-24 20:24:50'),(878, '878', 6, 2, NULL, '2016-02-24 21:24:50', '2016-02-24 20:24:50'),(879, '879', 6, 2, NULL, '2016-02-24 21:24:50', '2016-02-24 20:24:50'),(880, '880', 6, 2, NULL, '2016-02-24 21:24:50', '2016-02-24 20:24:50'),(881, '881', 6, 2, NULL, '2016-02-24 21:24:50', '2016-02-24 20:24:50'),(882, '882', 6, 2, NULL, '2016-02-24 21:24:50', '2016-02-24 20:24:50'),(883, '883', 6, 2, NULL, '2016-02-24 21:24:50', '2016-02-24 20:24:50'),(884, '884', 6, 2, NULL, '2016-02-24 21:24:50', '2016-02-24 20:24:50'),(885, '885', 6, 2, NULL, '2016-02-24 21:24:50', '2016-02-24 20:24:50'),(886, '886', 6, 2, NULL, '2016-02-24 21:24:50', '2016-02-24 20:24:50'),(887, '887', 6, 2, NULL, '2016-02-24 21:24:50', '2016-02-24 20:24:50'),(888, '888', 6, 2, NULL, '2016-02-24 21:24:50', '2016-02-24 20:24:50'),(889, '889', 6, 2, NULL, '2016-02-24 21:24:50', '2016-02-24 20:24:50'),(890, '890', 6, 2, NULL, '2016-02-24 21:24:50', '2016-02-24 20:24:50'),(891, '891', 6, 2, NULL, '2016-02-24 21:24:50', '2016-02-24 20:24:50'),(892, '892', 6, 2, NULL, '2016-02-24 21:24:50', '2016-02-24 20:24:50'),(893, '893', 6, 2, NULL, '2016-02-24 21:24:50', '2016-02-24 20:24:50'),(894, '894', 6, 2, NULL, '2016-02-24 21:24:50', '2016-02-24 20:24:50'),(895, '895', 6, 2, NULL, '2016-02-24 21:24:50', '2016-02-24 20:24:50'),(896, '896', 6, 2, NULL, '2016-02-24 21:24:50', '2016-02-24 20:24:50'),(897, '897', 6, 2, NULL, '2016-02-24 21:24:50', '2016-02-24 20:24:50'),(898, '898', 6, 2, NULL, '2016-02-24 21:24:50', '2016-02-24 20:24:50'),(899, '899', 6, 2, NULL, '2016-02-24 21:24:50', '2016-02-24 20:24:50'),(900, '900', 6, 2, NULL, '2016-02-24 21:24:50', '2016-02-24 20:24:50'),(901, '901', 6, 2, NULL, '2016-02-24 21:24:50', '2016-02-24 20:24:50'),(902, '902', 6, 2, NULL, '2016-02-24 21:24:50', '2016-02-24 20:24:50'),(903, '903', 6, 2, NULL, '2016-02-24 21:24:50', '2016-02-24 20:24:50'),(904, '904', 6, 2, NULL, '2016-02-24 21:24:50', '2016-02-24 20:24:50'),(905, '905', 6, 2, NULL, '2016-02-24 21:24:50', '2016-02-24 20:24:50'),(906, '906', 6, 2, NULL, '2016-02-24 21:24:50', '2016-02-24 20:24:50'),(907, '907', 6, 2, NULL, '2016-02-24 21:24:50', '2016-02-24 20:24:50'),(908, '908', 6, 2, NULL, '2016-02-24 21:24:50', '2016-02-24 20:24:50'),(909, '909', 6, 2, NULL, '2016-02-24 21:24:50', '2016-02-24 20:24:50'),(910, '910', 6, 2, NULL, '2016-02-24 21:24:50', '2016-02-24 20:24:50'),(911, '911', 6, 2, NULL, '2016-02-24 21:24:50', '2016-02-24 20:24:50'),(912, '912', 6, 2, NULL, '2016-02-24 21:24:50', '2016-02-24 20:24:50'),(913, '913', 6, 2, NULL, '2016-02-24 21:24:50', '2016-02-24 20:24:50'),(914, '914', 6, 2, NULL, '2016-02-24 21:24:50', '2016-02-24 20:24:50'),(915, '915', 6, 2, NULL, '2016-02-24 21:24:50', '2016-02-24 20:24:50'),(916, '916', 6, 2, NULL, '2016-02-24 21:24:50', '2016-02-24 20:24:50'),(917, '917', 6, 2, NULL, '2016-02-24 21:24:50', '2016-02-24 20:24:50'),(918, '918', 6, 2, NULL, '2016-02-24 21:24:50', '2016-02-24 20:24:50'),(919, '919', 6, 2, NULL, '2016-02-24 21:24:50', '2016-02-24 20:24:50'),(920, '920', 6, 2, NULL, '2016-02-24 21:24:50', '2016-02-24 20:24:50'),(921, '921', 6, 2, NULL, '2016-02-24 21:24:50', '2016-02-24 20:24:50'),(922, '922', 6, 2, NULL, '2016-02-24 21:24:50', '2016-02-24 20:24:50'),(923, '923', 6, 2, NULL, '2016-02-24 21:24:50', '2016-02-24 20:24:50'),(924, '924', 6, 2, NULL, '2016-02-24 21:24:50', '2016-02-24 20:24:50'),(925, '925', 6, 2, NULL, '2016-02-24 21:24:50', '2016-02-24 20:24:50'),(926, '926', 6, 2, NULL, '2016-02-24 21:24:50', '2016-02-24 20:24:50'),(927, '927', 6, 2, NULL, '2016-02-24 21:24:50', '2016-02-24 20:24:50'),(928, '928', 6, 2, NULL, '2016-02-24 21:24:50', '2016-02-24 20:24:50'),(929, '929', 6, 2, NULL, '2016-02-24 21:24:50', '2016-02-24 20:24:50'),(930, '930', 6, 2, NULL, '2016-02-24 21:24:50', '2016-02-24 20:24:50'),(931, '931', 6, 2, NULL, '2016-02-24 21:24:50', '2016-02-24 20:24:50'),(932, '932', 6, 2, NULL, '2016-02-24 21:24:50', '2016-02-24 20:24:50'),(933, '933', 6, 2, NULL, '2016-02-24 21:24:50', '2016-02-24 20:24:50'),(934, '934', 6, 2, NULL, '2016-02-24 21:24:50', '2016-02-24 20:24:50'),(935, '935', 6, 2, NULL, '2016-02-24 21:24:50', '2016-02-24 20:24:50'),(936, '936', 6, 2, NULL, '2016-02-24 21:24:50', '2016-02-24 20:24:50'),(937, '937', 6, 2, NULL, '2016-02-24 21:24:50', '2016-02-24 20:24:50'),(938, '938', 6, 2, NULL, '2016-02-24 21:24:50', '2016-02-24 20:24:50'),(939, '939', 6, 2, NULL, '2016-02-24 21:24:50', '2016-02-24 20:24:50'),(940, '940', 6, 2, NULL, '2016-02-24 21:24:50', '2016-02-24 20:24:50'),(941, '941', 6, 2, NULL, '2016-02-24 21:24:50', '2016-02-24 20:24:50'),(942, '942', 6, 2, NULL, '2016-02-24 21:24:50', '2016-02-24 20:24:50'),(943, '943', 6, 2, NULL, '2016-02-24 21:24:50', '2016-02-24 20:24:50'),(944, '944', 6, 2, NULL, '2016-02-24 21:24:50', '2016-02-24 20:24:50'),(945, '945', 6, 2, NULL, '2016-02-24 21:24:50', '2016-02-24 20:24:50'),(946, '946', 6, 2, NULL, '2016-02-24 21:24:50', '2016-02-24 20:24:50'),(947, '947', 6, 2, NULL, '2016-02-24 21:24:50', '2016-02-24 20:24:50'),(948, '948', 6, 2, NULL, '2016-02-24 21:24:50', '2016-02-24 20:24:50'),(949, '949', 6, 2, NULL, '2016-02-24 21:24:50', '2016-02-24 20:24:50'),(950, '950', 6, 2, NULL, '2016-02-24 21:24:50', '2016-02-24 20:24:50'),(951, '951', 6, 2, NULL, '2016-02-24 21:24:50', '2016-02-24 20:24:50'),(952, '952', 6, 2, NULL, '2016-02-24 21:24:50', '2016-02-24 20:24:50'),(953, '953', 6, 2, NULL, '2016-02-24 21:24:50', '2016-02-24 20:24:50'),(954, '954', 6, 2, NULL, '2016-02-24 21:24:50', '2016-02-24 20:24:50'),(955, '955', 6, 2, NULL, '2016-02-24 21:24:50', '2016-02-24 20:24:50'),(956, '956', 6, 2, NULL, '2016-02-24 21:24:50', '2016-02-24 20:24:50'),(957, '957', 6, 2, NULL, '2016-02-24 21:24:50', '2016-02-24 20:24:50'),(958, '958', 6, 2, NULL, '2016-02-24 21:24:50', '2016-02-24 20:24:50'),(959, '959', 6, 2, NULL, '2016-02-24 21:24:50', '2016-02-24 20:24:50'),(960, '960', 6, 2, NULL, '2016-02-24 21:24:50', '2016-02-24 20:24:50'),(961, '961', 6, 2, NULL, '2016-02-24 21:24:50', '2016-02-24 20:24:50'),(962, '962', 6, 2, NULL, '2016-02-24 21:24:50', '2016-02-24 20:24:50'),(963, '963', 6, 2, NULL, '2016-02-24 21:24:50', '2016-02-24 20:24:50'),(964, '964', 6, 2, NULL, '2016-02-24 21:24:50', '2016-02-24 20:24:50'),(965, '965', 6, 2, NULL, '2016-02-24 21:24:50', '2016-02-24 20:24:50'),(966, '966', 6, 2, NULL, '2016-02-24 21:24:50', '2016-02-24 20:24:50'),(967, '967', 6, 2, NULL, '2016-02-24 21:24:50', '2016-02-24 20:24:50'),(968, '968', 6, 2, NULL, '2016-02-24 21:24:50', '2016-02-24 20:24:50'),(969, '969', 6, 2, NULL, '2016-02-24 21:24:50', '2016-02-24 20:24:50'),(970, '970', 6, 2, NULL, '2016-02-24 21:24:50', '2016-02-24 20:24:50'),(971, '971', 6, 2, NULL, '2016-02-24 21:24:50', '2016-02-24 20:24:50'),(972, '972', 6, 2, NULL, '2016-02-24 21:24:50', '2016-02-24 20:24:50'),(973, '973', 6, 2, NULL, '2016-02-24 21:24:50', '2016-02-24 20:24:50'),(974, '974', 6, 2, NULL, '2016-02-24 21:24:50', '2016-02-24 20:24:50'),(975, '975', 6, 2, NULL, '2016-02-24 21:24:50', '2016-02-24 20:24:50'),(976, '976', 6, 2, NULL, '2016-02-24 21:24:50', '2016-02-24 20:24:50'),(977, '977', 6, 2, NULL, '2016-02-24 21:24:50', '2016-02-24 20:24:50'),(978, '978', 6, 2, NULL, '2016-02-24 21:24:50', '2016-02-24 20:24:50'),(979, '979', 6, 2, NULL, '2016-02-24 21:24:50', '2016-02-24 20:24:50'),(980, '980', 6, 2, NULL, '2016-02-24 21:24:50', '2016-02-24 20:24:50'),(981, '981', 6, 2, NULL, '2016-02-24 21:24:50', '2016-02-24 20:24:50'),(982, '982', 6, 2, NULL, '2016-02-24 21:24:50', '2016-02-24 20:24:50'),(983, '983', 6, 2, NULL, '2016-02-24 21:24:50', '2016-02-24 20:24:50'),(984, '984', 6, 2, NULL, '2016-02-24 21:24:50', '2016-02-24 20:24:50'),(985, '985', 6, 2, NULL, '2016-02-24 21:24:50', '2016-02-24 20:24:50'),(986, '986', 6, 2, NULL, '2016-02-24 21:24:50', '2016-02-24 20:24:50'),(987, '987', 6, 2, NULL, '2016-02-24 21:24:50', '2016-02-24 20:24:50'),(988, '988', 6, 2, NULL, '2016-02-24 21:24:50', '2016-02-24 20:24:50'),(989, '989', 6, 2, NULL, '2016-02-24 21:24:50', '2016-02-24 20:24:50'),(990, '990', 6, 2, NULL, '2016-02-24 21:24:50', '2016-02-24 20:24:50'),(991, '991', 6, 2, NULL, '2016-02-24 21:24:50', '2016-02-24 20:24:50'),(992, '992', 6, 2, NULL, '2016-02-24 21:24:50', '2016-02-24 20:24:50'),(993, '993', 6, 2, NULL, '2016-02-24 21:24:50', '2016-02-24 20:24:50'),(994, '994', 6, 2, NULL, '2016-02-24 21:24:50', '2016-02-24 20:24:50'),(995, '995', 6, 2, NULL, '2016-02-24 21:24:50', '2016-02-24 20:24:50'),(996, '996', 6, 2, NULL, '2016-02-24 21:24:50', '2016-02-24 20:24:50'),(997, '997', 6, 2, NULL, '2016-02-24 21:24:50', '2016-02-24 20:24:50'),(998, '998', 6, 2, NULL, '2016-02-24 21:24:50', '2016-02-24 20:24:50'),(999, '999', 6, 2, NULL, '2016-02-24 21:24:50', '2016-02-24 20:24:50'),(1000, '1000', 6, 2, 1, '2016-02-24 21:24:50', '2018-06-09 23:34:08');
UNLOCK TABLES;
COMMIT;
BEGIN;
LOCK TABLES `centralcar`.`cr_operador` WRITE;
DELETE FROM `centralcar`.`cr_operador`;
INSERT INTO `centralcar`.`cr_operador` (`id_operador`,`id_usuario`,`cat_statusoperador`,`comision`,`user_alta`,`user_mod`,`fecha_alta`,`fecha_mod`) VALUES (1, 3, 8, NULL, 2, NULL, '2018-06-18 13:12:47', '2018-06-18 13:12:47'),(2, 4, 8, NULL, 2, NULL, '2018-06-18 13:55:09', '2018-06-18 13:55:09'),(3, 5, 8, NULL, 2, NULL, '2018-06-18 14:05:21', '2018-06-18 14:05:21'),(4, 6, 8, NULL, 2, NULL, '2018-06-18 14:06:39', '2018-06-18 14:06:39'),(5, 7, 8, NULL, 2, NULL, '2018-06-18 14:14:20', '2018-06-18 14:14:20'),(6, 8, 8, NULL, 2, NULL, '2018-06-18 14:15:45', '2018-06-18 14:15:45'),(7, 9, 8, NULL, 2, NULL, '2018-06-18 15:33:03', '2018-06-18 15:33:03'),(8, 10, 8, NULL, 2, NULL, '2018-06-18 15:34:44', '2018-06-18 15:34:44'),(9, 11, 8, NULL, 2, NULL, '2018-06-18 15:36:43', '2018-06-18 15:36:43'),(10, 12, 8, NULL, 2, NULL, '2018-06-18 15:38:16', '2018-06-18 15:38:16'),(11, 13, 8, NULL, 2, NULL, '2018-06-18 15:43:36', '2018-06-18 15:43:36'),(12, 14, 8, NULL, 2, NULL, '2018-06-18 15:45:00', '2018-06-18 15:45:00'),(13, 15, 8, NULL, 2, NULL, '2018-06-18 15:46:56', '2018-06-18 15:46:56'),(14, 16, 8, NULL, 2, NULL, '2018-06-18 15:49:25', '2018-06-18 15:49:25'),(15, 17, 8, NULL, 2, NULL, '2018-06-18 15:55:34', '2018-06-18 15:55:34'),(16, 18, 8, NULL, 2, NULL, '2018-06-18 16:36:59', '2018-06-18 16:36:59'),(17, 19, 8, NULL, 2, NULL, '2018-06-18 16:38:40', '2018-06-18 16:38:40'),(18, 20, 8, NULL, 2, NULL, '2018-06-18 16:41:49', '2018-06-18 16:41:49'),(19, 21, 8, NULL, 2, NULL, '2018-06-18 17:18:18', '2018-06-18 17:18:18'),(20, 22, 8, NULL, 2, NULL, '2018-06-18 17:28:19', '2018-06-18 17:28:19'),(21, 23, 8, NULL, 2, NULL, '2018-06-18 17:29:20', '2018-06-18 17:29:20'),(22, 24, 8, NULL, 2, NULL, '2018-06-18 17:31:11', '2018-06-18 17:31:11'),(23, 25, 8, NULL, 2, NULL, '2018-06-18 17:32:33', '2018-06-18 17:32:33'),(24, 26, 8, NULL, 2, NULL, '2018-06-18 17:33:41', '2018-06-18 17:33:41'),(25, 27, 8, NULL, 2, NULL, '2018-06-18 17:34:44', '2018-06-18 17:34:44'),(26, 28, 8, NULL, 2, NULL, '2018-06-18 17:35:45', '2018-06-18 17:35:45'),(27, 29, 8, NULL, 2, NULL, '2018-06-18 17:37:01', '2018-06-18 17:37:01'),(28, 30, 8, NULL, 2, NULL, '2018-06-18 17:38:08', '2018-06-18 17:38:08'),(29, 31, 8, NULL, 2, NULL, '2018-06-18 17:39:42', '2018-06-18 17:39:42'),(30, 32, 8, NULL, 2, NULL, '2018-06-18 17:55:34', '2018-06-18 17:55:34'),(31, 33, 8, NULL, 2, NULL, '2018-06-18 17:56:26', '2018-06-18 17:56:26'),(32, 34, 8, NULL, 2, NULL, '2018-06-18 17:57:43', '2018-06-18 17:57:43'),(33, 35, 8, NULL, 2, NULL, '2018-06-18 17:58:32', '2018-06-18 17:58:32'),(34, 36, 8, NULL, 2, NULL, '2018-06-18 18:00:01', '2018-06-18 18:00:01'),(35, 37, 8, NULL, 2, NULL, '2018-06-18 18:11:12', '2018-06-18 18:11:12'),(36, 38, 8, NULL, 2, NULL, '2018-06-18 18:12:08', '2018-06-18 18:12:08'),(37, 39, 8, NULL, 2, NULL, '2018-06-18 18:18:47', '2018-06-18 18:18:47');
UNLOCK TABLES;
COMMIT;
BEGIN;
LOCK TABLES `centralcar`.`cr_operador_celular` WRITE;
DELETE FROM `centralcar`.`cr_operador_celular`;
INSERT INTO `centralcar`.`cr_operador_celular` (`id_operador_celular`,`id_operador`,`id_celular`,`fecha_baja`,`cat_status_operador_celular`,`user_alta`,`user_mod`,`fecha_alta`,`fecha_mod`) VALUES (1, 18, 11, NULL, 31, 2, NULL, '2018-06-21 17:47:51', '2018-06-21 17:47:51'),(2, 20, 2, NULL, 31, 2, NULL, '2018-06-21 17:49:23', '2018-06-21 17:49:23'),(3, 2, 3, NULL, 31, 2, NULL, '2018-06-21 17:56:26', '2018-06-21 17:56:26'),(4, 35, 4, NULL, 31, 2, NULL, '2018-06-21 17:56:36', '2018-06-21 17:56:36'),(5, 1, 5, NULL, 31, 2, NULL, '2018-06-21 17:56:47', '2018-06-21 17:56:47'),(6, 7, 6, NULL, 31, 2, NULL, '2018-06-21 17:56:53', '2018-06-21 17:56:53'),(7, 30, 7, NULL, 31, 2, NULL, '2018-06-21 17:57:06', '2018-06-21 17:57:06'),(8, 4, 8, NULL, 31, 2, NULL, '2018-06-21 17:57:13', '2018-06-21 17:57:13'),(9, 15, 9, NULL, 31, 2, NULL, '2018-06-21 17:57:19', '2018-06-21 17:57:19'),(10, 31, 10, NULL, 31, 2, NULL, '2018-06-21 17:57:27', '2018-06-21 17:57:27'),(11, 19, 12, NULL, 31, 2, NULL, '2018-06-21 17:57:49', '2018-06-21 17:57:49'),(12, 29, 13, NULL, 31, 2, NULL, '2018-06-21 17:57:59', '2018-06-21 17:57:59'),(13, 22, 14, NULL, 31, 2, NULL, '2018-06-21 17:58:11', '2018-06-21 17:58:11'),(14, 32, 15, NULL, 31, 2, NULL, '2018-06-21 17:58:21', '2018-06-21 17:58:21'),(15, 33, 16, NULL, 31, 2, NULL, '2018-06-21 17:58:30', '2018-06-21 17:58:30'),(16, 23, 17, NULL, 31, 2, NULL, '2018-06-21 17:58:56', '2018-06-21 17:58:56'),(17, 10, 20, NULL, 31, 2, NULL, '2018-06-21 17:59:22', '2018-06-21 17:59:22'),(18, 36, 21, NULL, 31, 2, NULL, '2018-06-21 18:02:28', '2018-06-21 18:02:28'),(19, 3, 22, NULL, 31, 2, NULL, '2018-06-21 18:06:14', '2018-06-21 18:06:14'),(20, 8, 23, NULL, 31, 2, NULL, '2018-06-21 19:50:31', '2018-06-21 19:50:31'),(21, 6, 24, NULL, 31, 2, NULL, '2018-06-21 19:51:10', '2018-06-21 19:51:10'),(22, 5, 25, NULL, 31, 2, NULL, '2018-06-21 19:51:46', '2018-06-21 19:51:46'),(23, 9, 26, NULL, 31, 2, NULL, '2018-06-21 19:53:32', '2018-06-21 19:53:32'),(24, 11, 27, NULL, 31, 2, NULL, '2018-06-21 19:54:41', '2018-06-21 19:54:41'),(25, 12, 28, NULL, 31, 2, NULL, '2018-06-21 19:56:08', '2018-06-21 19:56:08'),(26, 13, 29, NULL, 31, 2, NULL, '2018-06-21 19:57:44', '2018-06-21 19:57:44'),(27, 14, 30, NULL, 31, 2, NULL, '2018-06-21 20:01:09', '2018-06-21 20:01:09'),(28, 16, 31, NULL, 31, 2, NULL, '2018-06-21 20:06:58', '2018-06-21 20:06:58'),(29, 17, 32, NULL, 31, 2, NULL, '2018-06-21 20:07:12', '2018-06-21 20:07:12'),(30, 21, 33, NULL, 31, 2, NULL, '2018-06-21 20:07:23', '2018-06-21 20:07:23'),(31, 34, 34, NULL, 31, 2, NULL, '2018-06-21 20:10:06', '2018-06-21 20:10:06'),(32, 24, 35, NULL, 31, 2, NULL, '2018-06-21 20:13:02', '2018-06-21 20:13:02'),(33, 25, 36, NULL, 31, 2, NULL, '2018-06-21 20:14:09', '2018-06-21 20:14:09'),(34, 27, 37, NULL, 31, 2, NULL, '2018-06-21 20:15:05', '2018-06-21 20:15:05'),(35, 26, 38, NULL, 31, 2, NULL, '2018-06-21 20:15:39', '2018-06-21 20:15:39');
UNLOCK TABLES;
COMMIT;
BEGIN;
LOCK TABLES `centralcar`.`cr_operador_numeq` WRITE;
DELETE FROM `centralcar`.`cr_operador_numeq`;
INSERT INTO `centralcar`.`cr_operador_numeq` (`id_operador_numeq`,`id_operador`,`id_numeq`,`cat_status_oper_numeq`,`user_alta`,`user_mod`,`fecha_alta`,`fecha_mod`) VALUES (1, 1, 5, 12, 2, 2, '2018-06-18 13:12:47', '2018-06-25 14:59:40'),(2, 2, 12, 12, 2, 2, '2018-06-18 13:55:09', '2018-06-18 18:02:24'),(3, 3, 14, 12, 2, 2, '2018-06-18 14:05:21', '2018-06-18 18:02:30'),(4, 4, 17, 12, 2, 2, '2018-06-18 14:06:39', '2018-06-18 18:02:37'),(5, 5, 18, 12, 2, 2, '2018-06-18 14:14:20', '2018-06-18 18:02:43'),(6, 6, 19, 12, 2, 2, '2018-06-18 14:15:45', '2018-06-18 18:02:48'),(7, 7, 20, 12, 2, 2, '2018-06-18 15:33:03', '2018-06-18 18:02:54'),(8, 8, 21, 12, 2, 2, '2018-06-18 15:34:44', '2018-06-18 18:03:03'),(9, 9, 25, 12, 2, 2, '2018-06-18 15:36:43', '2018-06-18 18:03:10'),(10, 10, 26, 12, 2, 2, '2018-06-18 15:38:16', '2018-06-18 18:03:16'),(11, 11, 27, 12, 2, 2, '2018-06-18 15:43:36', '2018-06-18 18:03:34'),(12, 12, 29, 12, 2, 2, '2018-06-18 15:45:00', '2018-06-18 18:03:44'),(13, 13, 37, 12, 2, 2, '2018-06-18 15:46:56', '2018-06-18 18:03:52'),(14, 14, 38, 12, 2, 2, '2018-06-18 15:49:25', '2018-06-18 18:04:07'),(15, 15, 39, 12, 2, 2, '2018-06-18 15:55:34', '2018-06-18 18:04:17'),(16, 16, 40, 12, 2, 2, '2018-06-18 16:36:59', '2018-06-18 18:04:26'),(17, 17, 42, 12, 2, 2, '2018-06-18 16:38:40', '2018-06-18 18:04:41'),(18, 18, 43, 12, 2, 2, '2018-06-18 16:41:49', '2018-06-18 18:04:50'),(19, 19, 45, 12, 2, 2, '2018-06-18 17:18:18', '2018-06-18 18:04:58'),(20, 20, 50, 12, 2, 2, '2018-06-18 17:28:19', '2018-06-18 18:05:07'),(21, 21, 51, 12, 2, 2, '2018-06-18 17:29:20', '2018-06-18 18:05:19'),(22, 22, 62, 12, 2, 2, '2018-06-18 17:31:11', '2018-06-18 18:05:33'),(23, 23, 70, 12, 2, 2, '2018-06-18 17:32:33', '2018-06-18 18:05:41'),(24, 24, 73, 12, 2, 2, '2018-06-18 17:33:41', '2018-06-18 18:05:53'),(25, 25, 84, 12, 2, 2, '2018-06-18 17:34:44', '2018-06-18 18:06:05'),(26, 26, 91, 12, 2, 2, '2018-06-18 17:35:45', '2018-06-18 18:06:21'),(27, 27, 92, 12, 2, 2, '2018-06-18 17:37:01', '2018-06-18 18:06:32'),(28, 28, 94, 12, 2, 2, '2018-06-18 17:38:08', '2018-06-18 18:06:41'),(29, 29, 98, 12, 2, 2, '2018-06-18 17:39:42', '2018-06-18 18:06:53'),(30, 30, 24, 12, 2, 2, '2018-06-18 17:55:34', '2018-06-18 18:07:03'),(31, 31, 41, 12, 2, 2, '2018-06-18 17:56:26', '2018-06-18 18:07:34'),(32, 32, 77, 12, 2, 2, '2018-06-18 17:57:43', '2018-06-18 18:07:47'),(33, 33, 82, 12, 2, 2, '2018-06-18 17:58:32', '2018-06-18 18:07:56'),(34, 34, 61, 12, 2, 2, '2018-06-18 18:00:01', '2018-06-18 18:08:06'),(35, 35, 1, 12, 2, 2, '2018-06-18 18:11:12', '2018-06-18 18:12:31'),(36, 36, 2, 12, 2, 2, '2018-06-18 18:12:08', '2018-06-18 18:12:38'),(37, 37, 16, 12, 2, 2, '2018-06-18 18:18:47', '2018-06-18 18:23:48');
UNLOCK TABLES;
COMMIT;
BEGIN;
LOCK TABLES `centralcar`.`cr_operador_unidad` WRITE;
DELETE FROM `centralcar`.`cr_operador_unidad`;
INSERT INTO `centralcar`.`cr_operador_unidad` (`id_operador_unidad`,`id_operador`,`id_unidad`,`status_operador_unidad`,`user_alta`,`user_mod`,`fecha_alta`,`fecha_mod`) VALUES (1, 1, 3, 198, 2, NULL, '2018-06-18 18:01:05', '2018-06-18 18:01:05'),(2, 2, 4, 198, 2, NULL, '2018-06-18 18:01:29', '2018-06-18 18:01:29'),(3, 3, 5, 198, 2, NULL, '2018-06-18 18:01:46', '2018-06-18 18:01:46'),(4, 35, 1, 198, 2, NULL, '2018-06-18 18:12:45', '2018-06-18 18:12:45'),(5, 36, 2, 198, 2, NULL, '2018-06-18 18:12:54', '2018-06-18 18:12:54'),(6, 4, 7, 198, 2, NULL, '2018-06-18 18:22:57', '2018-06-18 18:22:57'),(7, 5, 8, 198, 2, NULL, '2018-06-18 18:23:27', '2018-06-18 18:23:27'),(8, 37, 6, 198, 2, NULL, '2018-06-18 18:23:59', '2018-06-18 18:23:59'),(9, 6, 9, 198, 2, NULL, '2018-06-18 18:27:40', '2018-06-18 18:27:40'),(10, 7, 10, 198, 2, NULL, '2018-06-18 18:27:56', '2018-06-18 18:27:56'),(11, 7, 11, 198, 2, NULL, '2018-06-18 18:27:57', '2018-06-18 18:27:57'),(12, 8, 12, 198, 2, NULL, '2018-06-18 18:32:59', '2018-06-18 18:32:59'),(13, 30, 13, 198, 2, NULL, '2018-06-18 18:36:52', '2018-06-18 18:36:52'),(14, 9, 14, 198, 2, NULL, '2018-06-18 18:37:09', '2018-06-18 18:37:09'),(15, 10, 15, 198, 2, NULL, '2018-06-18 18:37:18', '2018-06-18 18:37:18'),(16, 11, 16, 198, 2, NULL, '2018-06-18 18:37:28', '2018-06-18 18:37:28'),(17, 12, 17, 198, 2, NULL, '2018-06-18 18:46:53', '2018-06-18 18:46:53'),(18, 13, 18, 198, 2, NULL, '2018-06-18 18:47:11', '2018-06-18 18:47:11'),(19, 14, 19, 198, 2, NULL, '2018-06-18 18:48:22', '2018-06-18 18:48:22'),(20, 15, 20, 198, 2, NULL, '2018-06-18 18:48:31', '2018-06-18 18:48:31'),(21, 16, 21, 198, 2, NULL, '2018-06-18 18:51:16', '2018-06-18 18:51:16'),(22, 18, 24, 198, 2, NULL, '2018-06-18 18:54:35', '2018-06-18 18:54:35'),(23, 17, 23, 198, 2, NULL, '2018-06-18 18:54:48', '2018-06-18 18:54:48'),(24, 31, 22, 198, 2, NULL, '2018-06-18 18:55:11', '2018-06-18 18:55:11'),(25, 19, 25, 198, 2, NULL, '2018-06-18 18:59:00', '2018-06-18 18:59:00'),(26, 20, 26, 198, 2, NULL, '2018-06-18 19:13:12', '2018-06-18 19:13:12'),(27, 21, 27, 198, 2, NULL, '2018-06-18 19:13:28', '2018-06-18 19:13:28'),(28, 23, 28, 198, 2, NULL, '2018-06-18 19:13:44', '2018-06-18 19:13:44'),(29, 34, 29, 198, 2, NULL, '2018-06-18 19:16:02', '2018-06-18 19:16:02'),(30, 24, 30, 198, 2, NULL, '2018-06-18 19:18:20', '2018-06-18 19:18:20'),(31, 32, 31, 198, 2, NULL, '2018-06-18 19:19:10', '2018-06-18 19:19:10'),(32, 33, 32, 198, 2, NULL, '2018-06-18 19:19:57', '2018-06-18 19:19:57'),(33, 25, 33, 198, 2, NULL, '2018-06-18 19:21:41', '2018-06-18 19:21:41'),(34, 26, 34, 198, 2, NULL, '2018-06-18 19:22:48', '2018-06-18 19:22:48'),(35, 27, 35, 198, 2, NULL, '2018-06-18 19:23:51', '2018-06-18 19:23:51'),(36, 28, 36, 198, 2, NULL, '2018-06-18 19:29:27', '2018-06-18 19:29:27'),(37, 29, 37, 198, 2, NULL, '2018-06-18 19:30:24', '2018-06-18 19:30:24');
UNLOCK TABLES;
COMMIT;
BEGIN;
LOCK TABLES `centralcar`.`cr_state` WRITE;
DELETE FROM `centralcar`.`cr_state`;
INSERT INTO `centralcar`.`cr_state` (`id_state`,`id_operador`,`id_operador_unidad`,`id_episodio`,`id_viaje`,`numeq`,`state`,`flag1`,`flag2`,`flag3`,`flag4`,`motivo`,`serie`,`activo`,`user_alta`,`user_mod`,`fecha_alta`,`fecha_mod`) VALUES (1, 1, 1, NULL, NULL, 5, 'c2', 'c2', NULL, NULL, NULL, NULL, NULL, 0, NULL, NULL, NULL, '2018-07-10 17:39:42'),(2, 2, 2, NULL, NULL, 12, 'c2', 'c2', NULL, NULL, NULL, NULL, NULL, 0, NULL, NULL, NULL, '2018-07-10 17:39:46'),(3, 3, 3, NULL, NULL, 14, 'c2', 'c2', NULL, NULL, NULL, NULL, NULL, 0, NULL, NULL, NULL, '2018-07-10 17:39:49'),(4, 4, 6, NULL, NULL, 17, 'c2', 'c2', NULL, NULL, NULL, NULL, NULL, 1, NULL, NULL, NULL, '2018-07-10 11:29:56'),(5, 5, 7, NULL, NULL, 18, 'c2', 'c2', NULL, NULL, NULL, NULL, NULL, 0, NULL, NULL, NULL, '2018-07-10 17:39:04'),(6, 6, 9, NULL, NULL, 19, 'c2', 'c2', NULL, NULL, NULL, NULL, NULL, 1, NULL, NULL, NULL, '2018-07-10 11:29:56'),(7, 7, 10, NULL, NULL, 20, 'c2', 'c2', NULL, NULL, NULL, NULL, NULL, 0, NULL, NULL, NULL, '2018-07-10 19:24:41'),(8, 8, 12, NULL, NULL, 21, 'c2', 'c2', NULL, NULL, NULL, NULL, NULL, 0, NULL, NULL, NULL, '2018-07-10 17:39:02'),(9, 9, 14, NULL, NULL, 25, 'c2', 'c2', NULL, NULL, NULL, NULL, NULL, 1, NULL, NULL, NULL, '2018-07-10 11:29:56'),(10, 10, 15, NULL, NULL, 26, 'c2', 'c2', NULL, NULL, NULL, NULL, NULL, 1, NULL, NULL, NULL, '2018-07-10 11:29:56'),(11, 11, 16, NULL, NULL, 27, 'c2', 'c2', NULL, NULL, NULL, NULL, NULL, 1, NULL, NULL, NULL, '2018-07-10 11:29:56'),(12, 12, 17, NULL, NULL, 29, 'c2', 'c2', NULL, NULL, NULL, NULL, NULL, 0, NULL, NULL, NULL, '2018-07-10 19:18:41'),(13, 13, 18, NULL, NULL, 37, 'c2', 'c2', NULL, NULL, NULL, NULL, NULL, 1, NULL, NULL, NULL, '2018-07-10 11:29:56'),(14, 14, 19, NULL, NULL, 38, 'c2', 'c2', NULL, NULL, NULL, NULL, NULL, 1, NULL, NULL, NULL, '2018-07-10 11:29:56'),(15, 15, 20, NULL, NULL, 39, 'c2', 'c2', NULL, NULL, NULL, NULL, NULL, 1, NULL, NULL, NULL, '2018-07-10 11:29:56'),(16, 16, 21, NULL, NULL, 40, 'c2', 'c2', NULL, NULL, NULL, NULL, NULL, 1, NULL, NULL, NULL, '2018-07-10 11:29:56'),(17, 17, 23, NULL, NULL, 42, 'c2', 'c2', NULL, NULL, NULL, NULL, NULL, 1, NULL, NULL, NULL, '2018-07-10 11:29:56'),(18, 18, 22, NULL, NULL, 43, 'c2', 'c2', NULL, NULL, NULL, NULL, NULL, 1, NULL, NULL, NULL, '2018-07-10 11:29:56'),(19, 19, 25, NULL, NULL, 45, 'c2', 'c2', NULL, NULL, NULL, NULL, NULL, 1, NULL, NULL, NULL, '2018-07-10 11:29:56'),(20, 20, 26, NULL, NULL, 50, 'c2', 'c2', NULL, NULL, NULL, NULL, NULL, 1, NULL, NULL, NULL, '2018-07-10 11:29:56'),(21, 21, 27, NULL, NULL, 51, 'c2', 'c2', NULL, NULL, NULL, NULL, NULL, 1, NULL, NULL, NULL, '2018-07-10 11:29:56'),(22, 23, 28, NULL, NULL, 70, 'c2', 'c2', NULL, NULL, NULL, NULL, NULL, 1, NULL, NULL, NULL, '2018-07-10 11:29:56'),(23, 24, 30, NULL, NULL, 73, 'c2', 'c2', NULL, NULL, NULL, NULL, NULL, 1, NULL, NULL, NULL, '2018-07-10 11:29:56'),(24, 25, 33, NULL, NULL, 84, 'c2', 'c2', NULL, NULL, NULL, NULL, NULL, 1, NULL, NULL, NULL, '2018-07-10 11:29:56'),(25, 26, 34, NULL, NULL, 91, 'c2', 'c2', NULL, NULL, NULL, NULL, NULL, 1, NULL, NULL, NULL, '2018-07-10 11:29:56'),(26, 27, 35, NULL, NULL, 92, 'c2', 'c2', NULL, NULL, NULL, NULL, NULL, 1, NULL, NULL, NULL, '2018-07-10 11:29:56'),(27, 29, 37, NULL, NULL, 98, 'c2', 'c2', NULL, NULL, NULL, NULL, NULL, 1, NULL, NULL, NULL, '2018-07-10 11:29:56'),(28, 30, 13, NULL, NULL, 24, 'c2', 'c2', NULL, NULL, NULL, NULL, NULL, 1, NULL, NULL, NULL, '2018-07-10 11:29:56'),(29, 31, 24, NULL, NULL, 41, 'c2', 'c2', NULL, NULL, NULL, NULL, NULL, 1, NULL, NULL, NULL, '2018-07-10 11:29:56'),(30, 32, 31, NULL, NULL, 77, 'c2', 'c2', NULL, NULL, NULL, NULL, NULL, 0, NULL, NULL, NULL, '2018-07-10 17:38:59'),(31, 33, 32, NULL, NULL, 82, 'c2', 'c2', NULL, NULL, NULL, NULL, NULL, 1, NULL, NULL, NULL, '2018-07-10 11:29:56'),(32, 34, 29, NULL, NULL, 61, 'c2', 'c2', NULL, NULL, NULL, NULL, NULL, 1, NULL, NULL, NULL, '2018-07-10 11:29:56'),(33, 35, 4, NULL, NULL, 1, 'c2', 'c2', NULL, NULL, NULL, NULL, NULL, 1, NULL, NULL, NULL, '2018-07-10 11:29:56'),(34, 36, 5, NULL, NULL, 2, 'c2', 'c2', NULL, NULL, NULL, NULL, NULL, 1, NULL, NULL, NULL, '2018-07-10 11:29:56'),(35, 32, 31, 1, NULL, 77, 'C1', 'C1', 'F11', 'NULL', 'NULL', 'NULL', NULL, 0, 1, NULL, '2018-07-10 17:38:59', '2018-07-10 17:40:49'),(36, 8, 12, 2, NULL, 21, 'C1', 'C1', 'F11', 'NULL', 'NULL', 'NULL', NULL, 0, 1, NULL, '2018-07-10 17:39:02', '2018-07-10 17:41:23'),(37, 5, 7, 3, NULL, 18, 'C1', 'C1', 'F11', 'NULL', 'NULL', 'NULL', NULL, 0, 1, NULL, '2018-07-10 17:39:04', '2018-07-10 17:41:56'),(38, 1, 1, 4, NULL, 5, 'C1', 'C1', 'F11', 'NULL', 'NULL', 'NULL', NULL, 0, 2, NULL, '2018-07-10 17:39:42', '2018-07-10 17:42:02'),(39, 2, 2, 5, NULL, 12, 'C1', 'C1', 'F11', 'NULL', 'NULL', 'NULL', NULL, 0, 2, NULL, '2018-07-10 17:39:46', '2018-07-10 17:41:40'),(40, 3, 3, 6, NULL, 14, 'C1', 'C1', 'F11', 'NULL', 'NULL', 'NULL', NULL, 0, 2, NULL, '2018-07-10 17:39:49', '2018-07-10 17:41:48'),(41, 32, 31, 1, NULL, 77, 'F12', 'C1', 'B1', 'NULL', 'NULL', 'NULL', NULL, 0, 1, NULL, '2018-07-10 17:40:49', '2018-07-10 17:40:54'),(42, 32, 31, 1, NULL, 77, 'C18', 'C1', 'C18', 'F11', 'NULL', 'NULL', NULL, 0, 1, NULL, '2018-07-10 17:40:54', '2018-07-10 17:42:05'),(43, 8, 12, 2, NULL, 21, 'F12', 'C1', 'B1', 'NULL', 'NULL', 'NULL', NULL, 0, 2, NULL, '2018-07-10 17:41:23', '2018-07-10 17:43:12'),(44, 2, 2, 5, NULL, 12, 'F12', 'C1', 'B1', 'NULL', 'NULL', 'NULL', NULL, 0, 1, NULL, '2018-07-10 17:41:40', '2018-07-10 17:44:03'),(45, 3, 3, 6, NULL, 14, 'F12', 'C1', 'B1', 'NULL', 'NULL', 'NULL', NULL, 0, 2, NULL, '2018-07-10 17:41:48', '2018-07-10 17:46:16'),(46, 5, 7, 3, NULL, 18, 'F12', 'C1', 'B1', 'NULL', 'NULL', 'NULL', NULL, 0, 2, NULL, '2018-07-10 17:41:56', '2018-07-10 17:46:48'),(47, 1, 1, 4, NULL, 5, 'F12', 'C1', 'B1', 'NULL', 'NULL', 'NULL', NULL, 0, 2, NULL, '2018-07-10 17:42:01', '2018-07-10 17:46:45'),(48, 32, 31, 1, NULL, 77, 'F12', 'C1', 'B1', 'NULL', 'NULL', 'NULL', NULL, 0, 2, NULL, '2018-07-10 17:42:05', '2018-07-10 17:46:52'),(49, 8, 12, 2, 1, 21, 'A10', 'C1', 'A10', 'NULL', 'NULL', 'NULL', NULL, 0, 1, NULL, '2018-07-10 17:43:12', '2018-07-10 17:44:01'),(50, 8, 12, 2, 1, 21, 'C19', 'C1', 'C19', 'F11', 'NULL', 'CLIENTE REASIGNADO', NULL, 0, 1, NULL, '2018-07-10 17:44:01', '2018-07-10 17:49:28'),(51, 2, 2, 5, 1, 12, 'A10', 'C1', 'A10', 'NULL', 'NULL', 'NULL', NULL, 0, 1, NULL, '2018-07-10 17:44:02', '2018-07-10 17:46:14'),(52, 2, 2, 5, 1, 12, 'C19', 'C1', 'C19', 'F11', 'NULL', 'CLIENTE REASIGNADO', NULL, 0, 1, NULL, '2018-07-10 17:46:14', '2018-07-10 17:57:48'),(53, 3, 3, 6, 1, 14, 'A10', 'C1', 'A10', 'NULL', 'NULL', 'NULL', NULL, 0, 1, NULL, '2018-07-10 17:46:16', '2018-07-10 17:47:16'),(54, 1, 1, 4, NULL, 5, 'C18', 'C1', 'C18', 'F11', 'NULL', 'NULL', NULL, 0, 1, NULL, '2018-07-10 17:46:45', '2018-07-10 17:57:56'),(55, 5, 7, 3, NULL, 18, 'C18', 'C1', 'C18', 'F11', 'NULL', 'NULL', NULL, 0, 1, NULL, '2018-07-10 17:46:48', '2018-07-10 17:47:41'),(56, 32, 31, 1, NULL, 77, 'C18', 'C1', 'C18', 'F11', 'NULL', 'NULL', NULL, 0, 1, NULL, '2018-07-10 17:46:52', '2018-07-10 17:49:05'),(57, 3, 3, 6, 1, 14, 'C19', 'C1', 'C19', 'F11', 'NULL', 'CLIENTE REASIGNADO', NULL, 0, 1, NULL, '2018-07-10 17:47:16', '2018-07-10 17:57:53'),(58, 5, 7, 3, NULL, 18, 'F12', 'C1', 'B1', 'NULL', 'NULL', 'NULL', NULL, 0, 2, NULL, '2018-07-10 17:47:41', '2018-07-10 17:47:41'),(59, 5, 7, 3, NULL, 18, 'F12', 'C1', 'B1', 'NULL', 'NULL', 'NULL', NULL, 0, 1, NULL, '2018-07-10 17:47:41', '2018-07-10 17:47:43'),(60, 5, 7, 3, 1, 18, 'A10', 'C1', 'A10', 'NULL', 'NULL', 'NULL', NULL, 0, 1, NULL, '2018-07-10 17:47:43', '2018-07-10 17:48:49'),(61, 5, 7, 3, 1, 18, 'C19', 'C1', 'C19', 'F11', 'NULL', 'CLIENTE REASIGNADO', NULL, 0, 1, NULL, '2018-07-10 17:48:49', '2018-07-10 17:57:51'),(62, 32, 31, 1, NULL, 77, 'F12', 'C1', 'B1', 'NULL', 'NULL', 'NULL', NULL, 0, 2, NULL, '2018-07-10 17:49:05', '2018-07-10 17:49:06'),(63, 32, 31, 1, NULL, 77, 'F12', 'C1', 'B1', 'NULL', 'NULL', 'NULL', NULL, 0, 1, NULL, '2018-07-10 17:49:06', '2018-07-10 17:49:07'),(64, 32, 31, 1, 1, 77, 'A10', 'C1', 'A10', 'NULL', 'NULL', 'NULL', NULL, 0, 1, NULL, '2018-07-10 17:49:07', '2018-07-10 17:59:45'),(65, 8, 12, 2, NULL, 21, 'F12', 'C1', 'B1', 'NULL', 'NULL', 'NULL', NULL, 0, 2, NULL, '2018-07-10 17:49:28', '2018-07-10 17:49:38'),(66, 8, 12, 2, NULL, 21, 'F12', 'C1', 'B1', 'NULL', 'NULL', 'NULL', NULL, 0, 1, NULL, '2018-07-10 17:49:38', '2018-07-10 17:56:58'),(67, 8, 12, 2, 2, 21, 'A10', 'C1', 'A10', 'NULL', 'NULL', 'NULL', NULL, 0, 1, NULL, '2018-07-10 17:56:58', '2018-07-10 17:59:33'),(68, 2, 2, 5, NULL, 12, 'F12', 'C1', 'B1', 'NULL', 'NULL', 'NULL', NULL, 0, 2, NULL, '2018-07-10 17:57:48', '2018-07-10 19:08:46'),(69, 5, 7, 3, NULL, 18, 'F12', 'C1', 'B1', 'NULL', 'NULL', 'NULL', NULL, 0, 2, NULL, '2018-07-10 17:57:51', '2018-07-10 19:12:04'),(70, 3, 3, 6, NULL, 14, 'F12', 'C1', 'B1', 'NULL', 'NULL', 'NULL', NULL, 0, 2, NULL, '2018-07-10 17:57:53', '2018-07-10 19:12:38'),(71, 1, 1, 4, NULL, 5, 'F12', 'C1', 'B1', 'NULL', 'NULL', 'NULL', NULL, 0, 2, NULL, '2018-07-10 17:57:56', '2018-07-10 19:12:58'),(72, 8, 12, 2, 2, 21, 'C8', 'C1', 'A10', 'C8', 'NULL', 'NULL', NULL, 0, 2, NULL, '2018-07-10 17:59:33', '2018-07-10 18:05:44'),(73, 32, 31, 1, 1, 77, 'C8', 'C1', 'A10', 'C8', 'NULL', 'NULL', NULL, 0, 2, NULL, '2018-07-10 17:59:45', '2018-07-10 18:22:03'),(74, 8, 12, 2, 2, 21, 'C10', 'C1', 'A10', 'C10', 'NULL', 'NULL', NULL, 0, 2, NULL, '2018-07-10 18:05:44', '2018-07-10 18:20:28'),(75, 8, 12, 2, 2, 21, 'C11', 'C1', 'A10', 'C11', 'NULL', 'NULL', NULL, 0, 2, NULL, '2018-07-10 18:20:28', '2018-07-10 18:34:34'),(76, 32, 31, 1, 1, 77, 'C9', 'C1', 'A10', 'C9', 'NULL', 'NULL', NULL, 0, 2, NULL, '2018-07-10 18:22:03', '2018-07-10 18:22:03'),(77, 32, 31, 1, NULL, 77, 'C9', 'C1', 'C9', 'F11', 'NULL', 'Viaje Concluido', NULL, 0, 2, NULL, '2018-07-10 18:22:03', '2018-07-10 18:32:28'),(78, 32, 31, 1, 3, 77, 'F15', 'C1', 'F15', 'NULL', 'NULL', 'Servicio al aire desde solicitud', NULL, 0, 2, NULL, '2018-07-10 18:32:28', '2018-07-10 18:34:47'),(79, 8, 12, 2, 2, 21, 'C9', 'C1', 'A10', 'C9', 'NULL', 'NULL', NULL, 0, 2, NULL, '2018-07-10 18:34:34', '2018-07-10 18:34:34'),(80, 8, 12, 2, NULL, 21, 'C9', 'C1', 'C9', 'F11', 'NULL', 'Viaje Concluido', NULL, 0, 2, NULL, '2018-07-10 18:34:34', '2018-07-10 19:07:27'),(81, 32, 31, 1, 3, 77, 'C8', 'C1', 'F15', 'C8', 'NULL', 'NULL', NULL, 0, 2, NULL, '2018-07-10 18:34:47', '2018-07-10 19:04:47'),(82, 32, 31, 1, 3, 77, 'C9', 'C1', 'F15', 'C9', 'NULL', 'NULL', NULL, 0, 1, NULL, '2018-07-10 19:04:47', '2018-07-10 19:04:47'),(83, 32, 31, 1, NULL, 77, 'C9', 'C1', 'C9', 'F11', 'NULL', 'Viaje Concluido', NULL, 0, 1, NULL, '2018-07-10 19:04:47', '2018-07-10 19:07:31'),(84, 8, 12, 2, NULL, 21, 'F12', 'C1', 'B1', 'NULL', 'NULL', 'NULL', NULL, 0, 2, NULL, '2018-07-10 19:07:27', '2018-07-10 19:14:14'),(85, 32, 31, 1, NULL, 77, 'F12', 'C1', 'B1', 'NULL', 'NULL', 'NULL', NULL, 0, 2, NULL, '2018-07-10 19:07:31', '2018-07-10 19:07:34'),(86, 32, 31, 1, 4, 77, 'F15', 'C1', 'F15', 'NULL', 'NULL', 'Servicio al aire desde solicitud', NULL, 0, 1, NULL, '2018-07-10 19:07:34', '2018-07-10 19:09:30'),(87, 2, 2, 5, 5, 12, 'A10', 'C1', 'A10', 'NULL', 'NULL', 'NULL', NULL, 0, 1, NULL, '2018-07-10 19:08:46', '2018-07-10 19:27:22'),(88, 32, 31, 1, NULL, 77, 'C18', 'C1', 'C18', 'F11', 'NULL', 'NULL', NULL, 0, 1, NULL, '2018-07-10 19:09:30', '2018-07-10 19:10:55'),(89, 32, 31, 1, 4, 77, 'A11', 'C1', 'F15', 'A11', 'NULL', 'NULL', NULL, 0, 1, NULL, '2018-07-10 19:10:55', '2018-07-10 19:10:59'),(90, 32, 31, 1, 4, 77, 'C8', 'C1', 'F15', 'C8', 'NULL', 'NULL', NULL, 0, 1, NULL, '2018-07-10 19:10:59', '2018-07-10 19:11:07'),(91, 32, 31, 1, 4, 77, 'C9', 'C1', 'F15', 'C9', 'NULL', 'NULL', NULL, 0, 1, NULL, '2018-07-10 19:11:07', '2018-07-10 19:11:07'),(92, 32, 31, 1, NULL, 77, 'C9', 'C1', 'C9', 'F11', 'NULL', 'Viaje Concluido', NULL, 0, 1, NULL, '2018-07-10 19:11:07', '2018-07-10 19:11:40'),(93, 32, 31, 1, 6, 77, 'F15', 'C1', 'F15', 'NULL', 'NULL', 'Servicio al aire desde solicitud', NULL, 0, 1, NULL, '2018-07-10 19:11:40', '2018-07-10 19:25:48'),(94, 5, 7, 3, 7, 18, 'A10', 'C1', 'A10', 'NULL', 'NULL', 'NULL', NULL, 0, 1, NULL, '2018-07-10 19:12:04', '2018-07-10 19:27:15'),(95, 3, 3, 6, 8, 14, 'A10', 'C1', 'A10', 'NULL', 'NULL', 'NULL', NULL, 0, 1, NULL, '2018-07-10 19:12:38', '2018-07-10 19:27:06'),(96, 1, 1, 4, 9, 5, 'A10', 'C1', 'A10', 'NULL', 'NULL', 'NULL', NULL, 0, 1, NULL, '2018-07-10 19:12:58', '2018-07-10 19:26:27'),(97, 8, 12, 2, 12, 21, 'A10', 'C1', 'A10', 'NULL', 'NULL', 'NULL', NULL, 0, 1, NULL, '2018-07-10 19:14:14', '2018-07-10 19:26:06'),(98, 12, 17, 7, NULL, 29, 'C1', 'C1', 'F11', 'NULL', 'NULL', 'NULL', NULL, 0, 2, NULL, '2018-07-10 19:18:41', '2018-07-10 19:18:55'),(99, 12, 17, 7, NULL, 29, 'F12', 'C1', 'B1', 'NULL', 'NULL', 'NULL', NULL, 0, 2, NULL, '2018-07-10 19:18:55', '2018-07-10 19:18:57'),(100, 12, 17, 7, 13, 29, 'A10', 'C1', 'A10', 'NULL', 'NULL', 'NULL', NULL, 0, 1, NULL, '2018-07-10 19:18:57', '2018-07-10 19:25:59'),(101, 7, 10, 8, NULL, 20, 'C1', 'C1', 'F11', 'NULL', 'NULL', 'NULL', NULL, 0, 2, NULL, '2018-07-10 19:24:41', '2018-07-10 19:24:57'),(102, 7, 10, 8, 14, 20, 'T1', 'C1', 'T1', 'NULL', 'NULL', 'Se asign el apartado de forma normal', NULL, 0, 2, NULL, '2018-07-10 19:24:57', '2018-07-10 20:22:32'),(103, 32, 31, 1, 6, 77, 'A11', 'C1', 'F15', 'A11', 'NULL', 'NULL', NULL, 0, 2, NULL, '2018-07-10 19:25:48', '2018-07-10 19:26:46'),(104, 12, 17, 7, 13, 29, 'C8', 'C1', 'A10', 'C8', 'NULL', 'NULL', NULL, 0, 2, NULL, '2018-07-10 19:25:59', '2018-07-10 21:32:56'),(105, 8, 12, 2, 12, 21, 'C8', 'C1', 'A10', 'C8', 'NULL', 'NULL', NULL, 0, 2, NULL, '2018-07-10 19:26:06', '2018-07-10 20:22:58'),(106, 1, 1, 4, 9, 5, 'C8', 'C1', 'A10', 'C8', 'NULL', 'NULL', NULL, 0, 2, NULL, '2018-07-10 19:26:27', '2018-07-10 20:54:38'),(107, 32, 31, 1, 6, 77, 'C9', 'C1', 'F15', 'C9', 'NULL', 'NULL', NULL, 0, 2, NULL, '2018-07-10 19:26:46', '2018-07-10 19:26:46'),(108, 32, 31, 1, NULL, 77, 'C9', 'C1', 'C9', 'F11', 'NULL', 'Viaje Concluido', NULL, 0, 2, NULL, '2018-07-10 19:26:46', '2018-07-11 14:07:18'),(109, 3, 3, 6, 8, 14, 'C8', 'C1', 'A10', 'C8', 'NULL', 'NULL', NULL, 0, 2, NULL, '2018-07-10 19:27:06', '2018-07-10 20:23:07'),(110, 5, 7, 3, 7, 18, 'C8', 'C1', 'A10', 'C8', 'NULL', 'NULL', NULL, 0, 2, NULL, '2018-07-10 19:27:15', '2018-07-10 20:40:22'),(111, 2, 2, 5, 5, 12, 'C8', 'C1', 'A10', 'C8', 'NULL', 'NULL', NULL, 0, 2, NULL, '2018-07-10 19:27:22', '2018-07-10 20:22:48'),(112, 7, 10, 8, 14, 20, 'A11', 'C1', 'T1', 'A11', 'NULL', 'NULL', NULL, 0, 2, NULL, '2018-07-10 20:22:32', '2018-07-10 20:22:40'),(113, 7, 10, 8, 14, 20, 'C8', 'C1', 'T1', 'C8', 'NULL', 'NULL', NULL, 0, 2, NULL, '2018-07-10 20:22:40', '2018-07-10 21:01:30'),(114, 2, 2, 5, 5, 12, 'C9', 'C1', 'A10', 'C9', 'NULL', 'NULL', NULL, 0, 2, NULL, '2018-07-10 20:22:48', '2018-07-10 20:22:48'),(115, 2, 2, 5, NULL, 12, 'C9', 'C1', 'C9', 'F11', 'NULL', 'Viaje Concluido', NULL, 0, 2, NULL, '2018-07-10 20:22:48', '2018-07-11 13:55:59'),(116, 8, 12, 2, 12, 21, 'C9', 'C1', 'A10', 'C9', 'NULL', 'NULL', NULL, 0, 2, NULL, '2018-07-10 20:22:58', '2018-07-10 20:22:58'),(117, 8, 12, 2, NULL, 21, 'C9', 'C1', 'C9', 'F11', 'NULL', 'Viaje Concluido', NULL, 0, 2, NULL, '2018-07-10 20:22:58', '2018-07-11 14:22:12'),(118, 3, 3, 6, 8, 14, 'C9', 'C1', 'A10', 'C9', 'NULL', 'NULL', NULL, 0, 2, NULL, '2018-07-10 20:23:07', '2018-07-10 20:23:07'),(119, 3, 3, 6, NULL, 14, 'C9', 'C1', 'C9', 'F11', 'NULL', 'Viaje Concluido', NULL, 0, 2, NULL, '2018-07-10 20:23:07', '2018-07-11 13:37:17'),(120, 5, 7, 3, 7, 18, 'C9', 'C1', 'A10', 'C9', 'NULL', 'NULL', NULL, 0, 2, NULL, '2018-07-10 20:40:22', '2018-07-10 20:40:22'),(121, 5, 7, 3, NULL, 18, 'C9', 'C1', 'C9', 'F11', 'NULL', 'Viaje Concluido', NULL, 0, 2, NULL, '2018-07-10 20:40:22', '2018-07-11 14:12:40'),(122, 1, 1, 4, 9, 5, 'C9', 'C1', 'A10', 'C9', 'NULL', 'NULL', NULL, 0, 2, NULL, '2018-07-10 20:54:38', '2018-07-10 20:54:38'),(123, 1, 1, 4, NULL, 5, 'C9', 'C1', 'C9', 'F11', 'NULL', 'Viaje Concluido', NULL, 0, 2, NULL, '2018-07-10 20:54:38', '2018-07-11 16:15:33'),(124, 7, 10, 8, 14, 20, 'C8', 'C1', 'T1', 'C8', 'NULL', 'NULL', NULL, 0, 2, NULL, '2018-07-10 21:01:30', '2018-07-10 21:01:50'),(125, 7, 10, 8, 14, 20, 'C9', 'C1', 'T1', 'C9', 'NULL', 'NULL', NULL, 0, 2, NULL, '2018-07-10 21:01:50', '2018-07-10 21:01:50'),(126, 7, 10, 8, NULL, 20, 'C9', 'C1', 'C9', 'F11', 'NULL', 'Viaje Concluido', NULL, 0, 2, NULL, '2018-07-10 21:01:50', '2018-07-11 14:06:26'),(127, 12, 17, 7, 13, 29, 'C9', 'C1', 'A10', 'C9', 'NULL', 'NULL', NULL, 0, 2, NULL, '2018-07-10 21:32:56', '2018-07-10 21:32:57'),(128, 12, 17, 7, NULL, 29, 'C9', 'C1', 'C9', 'F11', 'NULL', 'Viaje Concluido', NULL, 0, 2, NULL, '2018-07-10 21:32:56', '2018-07-11 13:30:51'),(129, 12, 17, 7, NULL, 29, 'F12', 'C1', 'B1', 'NULL', 'NULL', 'NULL', NULL, 0, 2, NULL, '2018-07-11 13:30:51', '2018-07-11 13:31:50'),(130, 12, 17, 7, 15, 29, 'A10', 'C1', 'A10', 'NULL', 'NULL', 'NULL', NULL, 0, 1, NULL, '2018-07-11 13:31:50', '2018-07-11 13:34:49'),(131, 12, 17, 7, 15, 29, 'A11', 'C1', 'A10', 'A11', 'NULL', 'NULL', NULL, 0, 2, NULL, '2018-07-11 13:34:49', '2018-07-11 13:35:31'),(132, 12, 17, 7, 15, 29, 'A14', 'C1', 'A10', 'A14', 'NULL', 'NULL', NULL, 0, 2, NULL, '2018-07-11 13:35:31', '2018-07-11 13:35:31'),(133, 12, 17, 7, NULL, 29, 'C2', 'C2', 'NULL', 'NULL', 'NULL', 'Abandono', NULL, 1, 2, NULL, '2018-07-11 13:35:31', '2018-07-11 13:35:31'),(134, 3, 3, 6, NULL, 14, 'F12', 'C1', 'B1', 'NULL', 'NULL', 'NULL', NULL, 0, 2, NULL, '2018-07-11 13:37:17', '2018-07-11 13:38:26'),(135, 3, 3, 6, 16, 14, 'A10', 'C1', 'A10', 'NULL', 'NULL', 'NULL', NULL, 0, 1, NULL, '2018-07-11 13:38:26', '2018-07-11 13:38:38'),(136, 3, 3, 6, 16, 14, 'A11', 'C1', 'A10', 'A11', 'NULL', 'NULL', NULL, 0, 2, NULL, '2018-07-11 13:38:38', '2018-07-11 13:41:00'),(137, 3, 3, 6, 16, 14, 'C8', 'C1', 'A10', 'C8', 'NULL', 'NULL', NULL, 0, 2, NULL, '2018-07-11 13:41:00', '2018-07-11 13:52:09'),(138, 3, 3, 6, 16, 14, 'C9', 'C1', 'A10', 'C9', 'NULL', 'NULL', NULL, 0, 2, NULL, '2018-07-11 13:52:09', '2018-07-11 13:52:09'),(139, 3, 3, 6, NULL, 14, 'C9', 'C1', 'C9', 'F11', 'NULL', 'Viaje Concluido', NULL, 0, 2, NULL, '2018-07-11 13:52:09', '2018-07-11 14:22:15'),(140, 2, 2, 5, NULL, 12, 'F12', 'C1', 'B1', 'NULL', 'NULL', 'NULL', NULL, 0, 2, NULL, '2018-07-11 13:55:59', '2018-07-11 13:56:22'),(141, 2, 2, 5, NULL, 12, 'C18', 'C1', 'C18', 'F11', 'NULL', 'NULL', NULL, 0, 2, NULL, '2018-07-11 13:56:22', '2018-07-11 13:56:33'),(142, 2, 2, 5, NULL, 12, 'F12', 'C1', 'B1', 'NULL', 'NULL', 'NULL', NULL, 0, 2, NULL, '2018-07-11 13:56:33', '2018-07-11 13:56:41'),(143, 2, 2, 5, 17, 12, 'A10', 'C1', 'A10', 'NULL', 'NULL', 'NULL', NULL, 0, 2, NULL, '2018-07-11 13:56:41', '2018-07-11 13:56:41'),(144, 2, 2, 5, 17, 12, 'F13', 'C1', 'F13', 'NULL', 'NULL', 'Salida por sitio', NULL, 0, 2, NULL, '2018-07-11 13:56:41', '2018-07-11 14:06:16'),(145, 2, 2, 5, 17, 12, 'A14', 'C1', 'F13', 'A14', 'NULL', 'NULL', NULL, 0, 2, NULL, '2018-07-11 14:06:16', '2018-07-11 14:06:16'),(146, 2, 2, 5, NULL, 12, 'C2', 'C2', 'NULL', 'NULL', 'NULL', 'Abandono', NULL, 0, 2, NULL, '2018-07-11 14:06:16', '2018-07-11 14:21:41'),(147, 7, 10, 8, NULL, 20, 'F12', 'C1', 'B1', 'NULL', 'NULL', 'NULL', NULL, 0, 2, NULL, '2018-07-11 14:06:26', '2018-07-11 15:21:46'),(148, 32, 31, 1, 18, 77, 'F15', 'C1', 'F15', 'NULL', 'NULL', 'Servicio al aire desde solicitud', NULL, 0, 2, NULL, '2018-07-11 14:07:18', '2018-07-11 14:08:47'),(149, 32, 31, 1, 18, 77, 'A11', 'C1', 'F15', 'A11', 'NULL', 'NULL', NULL, 0, 2, NULL, '2018-07-11 14:08:47', '2018-07-11 14:13:03'),(150, 5, 7, 3, 17, 18, 'F15', 'C1', 'F15', 'NULL', 'NULL', 'Servicio al aire desde pendientes', NULL, 0, 2, NULL, '2018-07-11 14:12:40', '2018-07-11 14:12:56'),(151, 5, 7, 3, 17, 18, 'A11', 'C1', 'F15', 'A11', 'NULL', 'NULL', NULL, 0, 2, NULL, '2018-07-11 14:12:56', '2018-07-11 14:24:41'),(152, 32, 31, 1, 18, 77, 'C8', 'C1', 'F15', 'C8', 'NULL', 'NULL', NULL, 0, 2, NULL, '2018-07-11 14:13:03', '2018-07-11 14:13:08'),(153, 32, 31, 1, 18, 77, 'A2', 'C1', 'F15', 'A2', 'NULL', 'NULL', NULL, 0, 2, NULL, '2018-07-11 14:13:08', '2018-07-11 15:06:02'),(154, 2, 2, 9, NULL, 12, 'C1', 'C1', 'F11', 'NULL', 'NULL', 'NULL', NULL, 0, 2, NULL, '2018-07-11 14:21:41', '2018-07-11 14:21:55'),(155, 2, 2, 9, 20, 12, 'T1', 'C1', 'T1', 'NULL', 'NULL', 'Se asign el apartado de forma normal', NULL, 0, 2, NULL, '2018-07-11 14:21:55', '2018-07-11 15:11:48'),(156, 8, 12, 2, NULL, 21, 'F12', 'C1', 'B1', 'NULL', 'NULL', 'NULL', NULL, 0, 2, NULL, '2018-07-11 14:22:12', '2018-07-11 17:48:21'),(157, 3, 3, 6, NULL, 14, 'F12', 'C1', 'B1', 'NULL', 'NULL', 'NULL', NULL, 0, 2, NULL, '2018-07-11 14:22:15', '2018-07-11 16:15:08'),(158, 5, 7, 3, 17, 18, 'C8', 'C1', 'F15', 'C8', 'NULL', 'NULL', NULL, 0, 2, NULL, '2018-07-11 14:24:41', '2018-07-11 14:55:24'),(159, 5, 7, 3, 17, 18, 'C9', 'C1', 'F15', 'C9', 'NULL', 'NULL', NULL, 0, 2, NULL, '2018-07-11 14:55:24', '2018-07-11 14:55:24'),(160, 5, 7, 3, NULL, 18, 'C9', 'C1', 'C9', 'F11', 'NULL', 'Viaje Concluido', NULL, 0, 2, NULL, '2018-07-11 14:55:24', '2018-07-11 16:15:28'),(161, 32, 31, 1, 18, 77, 'C8', 'C1', 'F15', 'C8', 'NULL', 'NULL', NULL, 0, 2, NULL, '2018-07-11 15:06:02', '2018-07-11 15:12:21'),(162, 2, 2, 9, 20, 12, 'A11', 'C1', 'T1', 'A11', 'NULL', 'NULL', NULL, 0, 2, NULL, '2018-07-11 15:11:48', '2018-07-11 15:18:56'),(163, 32, 31, 1, 18, 77, 'C9', 'C1', 'F15', 'C9', 'NULL', 'NULL', NULL, 0, 2, NULL, '2018-07-11 15:12:21', '2018-07-11 15:12:21'),(164, 32, 31, 1, NULL, 77, 'C9', 'C1', 'C9', 'F11', 'NULL', 'Viaje Concluido', NULL, 0, 2, NULL, '2018-07-11 15:12:21', '2018-07-11 18:19:56'),(165, 2, 2, 9, 20, 12, 'C8', 'C1', 'T1', 'C8', 'NULL', 'NULL', NULL, 0, 2, NULL, '2018-07-11 15:18:56', '2018-07-11 16:04:08'),(166, 7, 10, 8, 21, 20, 'A10', 'C1', 'A10', 'NULL', 'NULL', 'NULL', NULL, 0, 1, NULL, '2018-07-11 15:21:46', '2018-07-11 15:22:00'),(167, 7, 10, 8, 21, 20, 'A11', 'C1', 'A10', 'A11', 'NULL', 'NULL', NULL, 0, 2, NULL, '2018-07-11 15:22:00', '2018-07-11 15:22:10'),(168, 7, 10, 8, 21, 20, 'C8', 'C1', 'A10', 'C8', 'NULL', 'NULL', NULL, 0, 2, NULL, '2018-07-11 15:22:10', '2018-07-11 16:51:13'),(169, 2, 2, 9, 20, 12, 'C9', 'C1', 'T1', 'C9', 'NULL', 'NULL', NULL, 0, 2, NULL, '2018-07-11 16:04:08', '2018-07-11 16:04:08'),(170, 2, 2, 9, NULL, 12, 'C9', 'C1', 'C9', 'F11', 'NULL', 'Viaje Concluido', NULL, 0, 2, NULL, '2018-07-11 16:04:08', '2018-07-11 18:19:59'),(171, 3, 3, 6, 22, 14, 'A10', 'C1', 'A10', 'NULL', 'NULL', 'NULL', NULL, 0, 2, NULL, '2018-07-11 16:15:08', '2018-07-11 16:15:08'),(172, 3, 3, 6, 22, 14, 'F13', 'C1', 'F13', 'NULL', 'NULL', 'Salida por sitio', NULL, 0, 2, NULL, '2018-07-11 16:15:08', '2018-07-11 16:50:54'),(173, 5, 7, 3, NULL, 18, 'F12', 'C1', 'B1', 'NULL', 'NULL', 'NULL', NULL, 0, 2, NULL, '2018-07-11 16:15:28', '2018-07-11 18:57:46'),(174, 1, 1, 4, NULL, 5, 'F12', 'C1', 'B1', 'NULL', 'NULL', 'NULL', NULL, 0, 2, NULL, '2018-07-11 16:15:33', '2018-07-11 19:41:27'),(175, 3, 3, 6, 22, 14, 'C9', 'C1', 'F13', 'C9', 'NULL', 'NULL', NULL, 0, 2, NULL, '2018-07-11 16:50:54', '2018-07-11 16:50:54'),(176, 3, 3, 6, NULL, 14, 'C9', 'C1', 'C9', 'F11', 'NULL', 'Viaje Concluido', NULL, 0, 2, NULL, '2018-07-11 16:50:54', '2018-07-11 16:52:50'),(177, 7, 10, 8, 21, 20, 'C12', 'C1', 'A10', 'C12', 'NULL', 'NULL', NULL, 0, 2, NULL, '2018-07-11 16:51:13', '2018-07-11 17:10:07'),(178, 3, 3, 6, NULL, 14, 'F12', 'C1', 'B1', 'NULL', 'NULL', 'NULL', NULL, 0, 2, NULL, '2018-07-11 16:52:50', '2018-07-11 19:56:11'),(179, 7, 10, 8, 21, 20, 'C8', 'C1', 'A10', 'C8', 'NULL', 'NULL', NULL, 0, 2, NULL, '2018-07-11 17:10:07', '2018-07-11 17:12:04'),(180, 7, 10, 8, 21, 20, 'C9', 'C1', 'A10', 'C9', 'NULL', 'NULL', NULL, 0, 2, NULL, '2018-07-11 17:12:04', '2018-07-11 17:12:04'),(181, 7, 10, 8, NULL, 20, 'C9', 'C1', 'C9', 'F11', 'NULL', 'Viaje Concluido', NULL, 0, 2, NULL, '2018-07-11 17:12:04', '2018-07-11 18:20:01'),(182, 8, 12, 2, 23, 21, 'A10', 'C1', 'A10', 'NULL', 'NULL', 'NULL', NULL, 0, 1, NULL, '2018-07-11 17:48:21', '2018-07-11 17:48:38'),(183, 8, 12, 2, 23, 21, 'C8', 'C1', 'A10', 'C8', 'NULL', 'NULL', NULL, 0, 2, NULL, '2018-07-11 17:48:38', '2018-07-11 18:13:50'),(184, 8, 12, 2, 23, 21, 'C9', 'C1', 'A10', 'C9', 'NULL', 'NULL', NULL, 0, 2, NULL, '2018-07-11 18:13:50', '2018-07-11 18:13:50'),(185, 8, 12, 2, NULL, 21, 'C9', 'C1', 'C9', 'F11', 'NULL', 'Viaje Concluido', NULL, 0, 2, NULL, '2018-07-11 18:13:50', '2018-07-11 18:20:04'),(186, 32, 31, 1, NULL, 77, 'F12', 'C1', 'B1', 'NULL', 'NULL', 'NULL', NULL, 0, 2, NULL, '2018-07-11 18:19:56', '2018-07-11 19:59:31'),(187, 2, 2, 9, NULL, 12, 'F12', 'C1', 'B1', 'NULL', 'NULL', 'NULL', NULL, 0, 2, NULL, '2018-07-11 18:19:59', '2018-07-11 20:04:24'),(188, 7, 10, 8, NULL, 20, 'F12', 'C1', 'B1', 'NULL', 'NULL', 'NULL', NULL, 0, 2, NULL, '2018-07-11 18:20:01', '2018-07-11 20:07:11'),(189, 8, 12, 2, NULL, 21, 'F12', 'C1', 'B1', 'NULL', 'NULL', 'NULL', NULL, 0, 2, NULL, '2018-07-11 18:20:04', '2018-07-11 18:59:12'),(190, 5, 7, 3, 24, 18, 'A10', 'C1', 'A10', 'NULL', 'NULL', 'NULL', NULL, 0, 1, NULL, '2018-07-11 18:57:46', '2018-07-11 18:57:58'),(191, 5, 7, 3, 24, 18, 'A14', 'C1', 'A10', 'A14', 'NULL', 'NULL', NULL, 0, 2, NULL, '2018-07-11 18:57:58', '2018-07-11 18:57:58'),(192, 5, 7, 3, NULL, 18, 'C2', 'C2', 'NULL', 'NULL', 'NULL', 'Abandono', NULL, 1, 2, NULL, '2018-07-11 18:57:58', '2018-07-11 18:57:58'),(193, 8, 12, 2, NULL, 21, 'C18', 'C1', 'C18', 'F11', 'NULL', 'NULL', NULL, 0, 2, NULL, '2018-07-11 18:59:12', '2018-07-11 19:00:32'),(194, 8, 12, 2, 24, 21, 'F15', 'C1', 'F15', 'NULL', 'NULL', 'Servicio al aire desde pendientes', NULL, 0, 2, NULL, '2018-07-11 19:00:32', '2018-07-11 19:00:48'),(195, 8, 12, 2, 24, 21, 'A11', 'C1', 'F15', 'A11', 'NULL', 'NULL', NULL, 0, 2, NULL, '2018-07-11 19:00:48', '2018-07-11 19:00:55'),(196, 8, 12, 2, 24, 21, 'C8', 'C1', 'F15', 'C8', 'NULL', 'NULL', NULL, 0, 2, NULL, '2018-07-11 19:00:55', '2018-07-11 19:54:28'),(197, 1, 1, 4, 26, 5, 'A10', 'C1', 'A10', 'NULL', 'NULL', 'NULL', NULL, 0, 1, NULL, '2018-07-11 19:41:27', '2018-07-11 20:13:51'),(198, 8, 12, 2, 24, 21, 'C9', 'C1', 'F15', 'C9', 'NULL', 'NULL', NULL, 0, 2, NULL, '2018-07-11 19:54:28', '2018-07-11 19:54:28'),(199, 8, 12, 2, NULL, 21, 'C9', 'C1', 'C9', 'F11', 'NULL', 'Viaje Concluido', NULL, 0, 2, NULL, '2018-07-11 19:54:28', '2018-07-11 19:59:41'),(200, 3, 3, 6, 27, 14, 'A10', 'C1', 'A10', 'NULL', 'NULL', 'NULL', NULL, 0, 1, NULL, '2018-07-11 19:56:11', '2018-07-11 20:08:46'),(201, 32, 31, 1, 28, 77, 'A10', 'C1', 'A10', 'NULL', 'NULL', 'NULL', NULL, 0, 1, NULL, '2018-07-11 19:59:31', '2018-07-11 20:08:53'),(202, 8, 12, 2, NULL, 21, 'F12', 'C1', 'B1', 'NULL', 'NULL', 'NULL', NULL, 0, 2, NULL, '2018-07-11 19:59:41', '2018-07-11 20:10:54'),(203, 2, 2, 9, 29, 12, 'A10', 'C1', 'A10', 'NULL', 'NULL', 'NULL', NULL, 0, 1, NULL, '2018-07-11 20:04:24', '2018-07-11 20:09:01'),(204, 7, 10, 8, 30, 20, 'A10', 'C1', 'A10', 'NULL', 'NULL', 'NULL', NULL, 0, 1, NULL, '2018-07-11 20:07:11', '2018-07-11 20:09:05'),(205, 3, 3, 6, 27, 14, 'A11', 'C1', 'A10', 'A11', 'NULL', 'NULL', NULL, 0, 2, NULL, '2018-07-11 20:08:46', '2018-07-11 20:14:04'),(206, 32, 31, 1, 28, 77, 'A11', 'C1', 'A10', 'A11', 'NULL', 'NULL', NULL, 0, 2, NULL, '2018-07-11 20:08:53', '2018-07-11 20:24:39'),(207, 2, 2, 9, 29, 12, 'A11', 'C1', 'A10', 'A11', 'NULL', 'NULL', NULL, 0, 2, NULL, '2018-07-11 20:09:01', '2018-07-11 20:14:45'),(208, 7, 10, 8, 30, 20, 'A11', 'C1', 'A10', 'A11', 'NULL', 'NULL', NULL, 0, 2, NULL, '2018-07-11 20:09:05', '2018-07-11 20:14:12'),(209, 8, 12, 2, 31, 21, 'A10', 'C1', 'A10', 'NULL', 'NULL', 'NULL', NULL, 0, 1, NULL, '2018-07-11 20:10:54', '2018-07-11 20:13:33'),(210, 8, 12, 2, 31, 21, 'A11', 'C1', 'A10', 'A11', 'NULL', 'NULL', NULL, 0, 2, NULL, '2018-07-11 20:13:33', '2018-07-11 20:21:06'),(211, 1, 1, 4, 26, 5, 'A11', 'C1', 'A10', 'A11', 'NULL', 'NULL', NULL, 0, 2, NULL, '2018-07-11 20:13:51', '2018-07-11 20:27:08'),(212, 3, 3, 6, 27, 14, 'C8', 'C1', 'A10', 'C8', 'NULL', 'NULL', NULL, 0, 2, NULL, '2018-07-11 20:14:04', '2018-07-11 20:26:41'),(213, 7, 10, 8, 30, 20, 'C8', 'C1', 'A10', 'C8', 'NULL', 'NULL', NULL, 0, 2, NULL, '2018-07-11 20:14:12', '2018-07-11 20:27:29'),(214, 2, 2, 9, 29, 12, 'C8', 'C1', 'A10', 'C8', 'NULL', 'NULL', NULL, 0, 2, NULL, '2018-07-11 20:14:45', '2018-07-11 20:26:53'),(215, 8, 12, 2, 31, 21, 'C8', 'C1', 'A10', 'C8', 'NULL', 'NULL', NULL, 0, 2, NULL, '2018-07-11 20:21:06', '2018-07-11 20:27:00'),(216, 32, 31, 1, 28, 77, 'C8', 'C1', 'A10', 'C8', 'NULL', 'NULL', NULL, 0, 2, NULL, '2018-07-11 20:24:39', '2018-07-11 20:26:48'),(217, 3, 3, 6, 27, 14, 'C9', 'C1', 'A10', 'C9', 'NULL', 'NULL', NULL, 0, 2, NULL, '2018-07-11 20:26:41', '2018-07-11 20:26:41'),(218, 3, 3, 6, NULL, 14, 'C9', 'C1', 'C9', 'F11', 'NULL', 'Viaje Concluido', NULL, 0, 2, NULL, '2018-07-11 20:26:41', '2018-07-17 12:59:31'),(219, 32, 31, 1, 28, 77, 'C9', 'C1', 'A10', 'C9', 'NULL', 'NULL', NULL, 0, 2, NULL, '2018-07-11 20:26:48', '2018-07-11 20:26:48'),(220, 32, 31, 1, NULL, 77, 'C9', 'C1', 'C9', 'F11', 'NULL', 'Viaje Concluido', NULL, 1, 2, NULL, '2018-07-11 20:26:48', '2018-07-11 20:26:48'),(221, 2, 2, 9, 29, 12, 'C9', 'C1', 'A10', 'C9', 'NULL', 'NULL', NULL, 0, 2, NULL, '2018-07-11 20:26:53', '2018-07-11 20:26:53'),(222, 2, 2, 9, NULL, 12, 'C9', 'C1', 'C9', 'F11', 'NULL', 'Viaje Concluido', NULL, 0, 2, NULL, '2018-07-11 20:26:53', '2018-07-22 16:06:51'),(223, 8, 12, 2, 31, 21, 'C9', 'C1', 'A10', 'C9', 'NULL', 'NULL', NULL, 0, 2, NULL, '2018-07-11 20:27:00', '2018-07-11 20:27:00'),(224, 8, 12, 2, NULL, 21, 'C9', 'C1', 'C9', 'F11', 'NULL', 'Viaje Concluido', NULL, 1, 2, NULL, '2018-07-11 20:27:00', '2018-07-11 20:27:00'),(225, 1, 1, 4, 26, 5, 'C8', 'C1', 'A10', 'C8', 'NULL', 'NULL', NULL, 0, 2, NULL, '2018-07-11 20:27:08', '2018-07-11 20:27:36'),(226, 7, 10, 8, 30, 20, 'C9', 'C1', 'A10', 'C9', 'NULL', 'NULL', NULL, 0, 2, NULL, '2018-07-11 20:27:29', '2018-07-11 20:27:29'),(227, 7, 10, 8, NULL, 20, 'C9', 'C1', 'C9', 'F11', 'NULL', 'Viaje Concluido', NULL, 1, 2, NULL, '2018-07-11 20:27:29', '2018-07-11 20:27:29'),(228, 1, 1, 4, 26, 5, 'C9', 'C1', 'A10', 'C9', 'NULL', 'NULL', NULL, 0, 2, NULL, '2018-07-11 20:27:36', '2018-07-11 20:27:36'),(229, 1, 1, 4, NULL, 5, 'C9', 'C1', 'C9', 'F11', 'NULL', 'Viaje Concluido', NULL, 0, 2, NULL, '2018-07-11 20:27:36', '2018-07-22 16:06:41'),(230, 3, 3, 6, 32, 14, 'F15', 'C1', 'F15', 'NULL', 'NULL', 'Servicio al aire desde solicitud', NULL, 0, 2, NULL, '2018-07-17 12:59:31', '2018-07-17 17:30:32'),(231, 3, 3, 6, 32, 14, 'A14', 'C1', 'F15', 'A14', 'NULL', 'NULL', NULL, 0, 2, NULL, '2018-07-17 17:30:32', '2018-07-17 17:30:32'),(232, 3, 3, 6, NULL, 14, 'C2', 'C2', 'NULL', 'NULL', 'NULL', 'Abandono', NULL, 1, 2, NULL, '2018-07-17 17:30:32', '2018-07-17 17:30:32'),(233, 1, 1, 4, NULL, 5, 'F12', 'C1', 'B1', 'NULL', 'NULL', 'NULL', NULL, 0, 1, NULL, '2018-07-22 16:06:41', '2018-07-22 17:12:02'),(234, 2, 2, 9, 32, 12, 'F15', 'C1', 'F15', 'NULL', 'NULL', 'Servicio al aire desde pendientes', NULL, 0, 1, NULL, '2018-07-22 16:06:51', '2018-07-22 16:12:40'),(235, 2, 2, 9, 32, 12, 'C10', 'C1', 'F15', 'C10', 'NULL', 'NULL', NULL, 0, 1, NULL, '2018-07-22 16:12:39', '2018-07-22 16:52:38'),(236, 2, 2, 9, 32, 12, 'C11', 'C1', 'F15', 'C11', 'NULL', 'NULL', NULL, 0, 1, NULL, '2018-07-22 16:52:38', '2018-07-22 17:07:44'),(237, 2, 2, 9, 32, 12, 'C12', 'C1', 'F15', 'C12', 'NULL', 'NULL', NULL, 0, 1, NULL, '2018-07-22 17:07:44', '2018-07-22 17:08:07'),(238, 2, 2, 9, 32, 12, 'C10', 'C1', 'F15', 'C10', 'NULL', 'NULL', NULL, 0, 1, NULL, '2018-07-22 17:08:07', '2018-07-22 17:08:16'),(239, 2, 2, 9, 32, 12, 'C11', 'C1', 'F15', 'C11', 'NULL', 'NULL', NULL, 0, 1, NULL, '2018-07-22 17:08:16', '2018-07-22 17:08:41'),(240, 2, 2, 9, 32, 12, 'C9', 'C1', 'F15', 'C9', 'NULL', 'NULL', NULL, 0, 1, NULL, '2018-07-22 17:08:41', '2018-07-22 17:08:41'),(241, 2, 2, 9, NULL, 12, 'C9', 'C1', 'C9', 'F11', 'NULL', 'Viaje Concluido', NULL, 1, 1, NULL, '2018-07-22 17:08:41', '2018-07-22 17:08:41'),(242, 1, 1, 4, 33, 5, 'A10', 'C1', 'A10', 'NULL', 'NULL', 'NULL', NULL, 1, 1, NULL, '2018-07-22 17:12:02', '2018-07-22 17:12:02');
UNLOCK TABLES;
COMMIT;
BEGIN;
LOCK TABLES `centralcar`.`cr_telefonos` WRITE;
DELETE FROM `centralcar`.`cr_telefonos`;
INSERT INTO `centralcar`.`cr_telefonos` (`id_telefono`,`id_operador`,`numero`,`cat_tipotelefono`,`cat_statustelefono`,`user_alta`,`user_mod`,`fecha_alta`,`fecha_mod`) VALUES (1, 1, '52727936', 105, 108, 2, NULL, '2018-06-19 19:08:07', '2018-06-19 19:08:07'),(2, 1, '5565812242', 104, 108, 2, NULL, '2018-06-19 19:08:38', '2018-06-19 19:08:38'),(3, 3, '44261481', 105, 108, 2, NULL, '2018-06-19 19:09:27', '2018-06-19 19:09:27'),(4, 3, '5528105463', 104, 108, 2, NULL, '2018-06-19 19:09:47', '2018-06-19 19:09:47'),(5, 4, '55153551', 105, 108, 2, NULL, '2018-06-19 19:10:16', '2018-06-19 19:10:16'),(6, 4, '5537901579', 104, 108, 2, NULL, '2018-06-19 19:10:37', '2018-06-19 19:10:37'),(7, 5, '5531929097', 104, 108, 2, NULL, '2018-06-19 19:11:26', '2018-06-19 19:11:26'),(8, 5, '5532475964', 107, 108, 2, NULL, '2018-06-19 19:12:00', '2018-06-19 19:12:00'),(9, 6, '58423595', 105, 108, 2, NULL, '2018-06-19 19:12:48', '2018-06-19 19:12:48'),(10, 6, '5570065498', 104, 108, 2, NULL, '2018-06-19 19:13:25', '2018-06-19 19:13:25'),(11, 6, '5569607432', 104, 108, 2, NULL, '2018-06-19 19:13:49', '2018-06-19 19:13:49'),(12, 7, '5533978772', 104, 108, 2, NULL, '2018-06-19 19:15:51', '2018-06-19 19:15:51'),(13, 8, '5576255367', 104, 108, 2, NULL, '2018-06-19 19:17:01', '2018-06-19 19:17:01'),(14, 8, '5544825599', 107, 108, 2, NULL, '2018-06-19 19:17:18', '2018-06-19 19:17:18'),(15, 9, '5548600375', 104, 108, 2, NULL, '2018-06-19 19:17:59', '2018-06-19 19:17:59'),(16, 9, '5567097709', 107, 108, 2, NULL, '2018-06-19 19:18:15', '2018-06-19 19:18:15'),(17, 9, '56433024', 105, 108, 2, NULL, '2018-06-19 19:18:39', '2018-06-19 19:18:39'),(18, 10, '5585050430', 104, 108, 2, NULL, '2018-06-19 19:19:41', '2018-06-19 19:19:41'),(19, 11, '5546693527', 104, 108, 2, NULL, '2018-06-19 19:40:08', '2018-06-19 19:40:08'),(20, 11, '5535654697', 107, 108, 2, NULL, '2018-06-19 19:49:37', '2018-06-19 19:49:37'),(21, 12, '5537918594', 104, 108, 2, NULL, '2018-06-19 19:50:34', '2018-06-19 19:50:34'),(22, 12, '5553826932', 107, 108, 2, NULL, '2018-06-19 19:51:07', '2018-06-19 19:51:07'),(23, 13, '5535775254', 104, 108, 2, NULL, '2018-06-19 19:52:08', '2018-06-19 19:52:08'),(24, 13, '5527407883', 104, 108, 2, NULL, '2018-06-19 19:52:39', '2018-06-19 19:52:39'),(25, 13, '56971992', 105, 108, 2, NULL, '2018-06-19 19:53:01', '2018-06-19 19:53:01'),(26, 14, '55406481', 105, 108, 2, NULL, '2018-06-19 19:53:39', '2018-06-19 19:53:39'),(27, 14, '5546950727', 104, 108, 2, NULL, '2018-06-19 19:54:02', '2018-06-19 19:54:02'),(28, 15, '56488320', 105, 108, 2, NULL, '2018-06-19 19:54:41', '2018-06-19 19:54:41'),(29, 15, '5522692262', 104, 108, 2, NULL, '2018-06-19 19:55:02', '2018-06-19 19:55:02'),(30, 16, '5568043504', 104, 108, 2, NULL, '2018-06-19 20:12:06', '2018-06-19 20:12:06'),(31, 17, '5545025579', 104, 108, 2, NULL, '2018-06-19 20:13:00', '2018-06-19 20:13:00'),(32, 17, '58532427', 105, 108, 2, NULL, '2018-06-19 20:13:33', '2018-06-19 20:13:33'),(33, 18, '53120024', 105, 108, 2, NULL, '2018-06-19 20:15:56', '2018-06-19 20:15:56'),(34, 18, '5523606842', 104, 108, 2, NULL, '2018-06-19 20:16:23', '2018-06-19 20:16:23'),(35, 19, '5549665982', 104, 108, 2, NULL, '2018-06-19 20:17:16', '2018-06-19 20:17:16'),(36, 20, '56974979', 105, 108, 2, NULL, '2018-06-19 20:17:47', '2018-06-19 20:17:47'),(37, 21, '63062820', 105, 108, 2, NULL, '2018-06-19 20:19:15', '2018-06-19 20:19:15'),(38, 21, '5543424395', 104, 108, 2, NULL, '2018-06-19 20:19:36', '2018-06-19 20:19:36'),(39, 22, '5536779803', 104, 108, 2, NULL, '2018-06-19 20:20:09', '2018-06-19 20:20:09'),(40, 23, '53120024', 105, 108, 2, NULL, '2018-06-19 20:20:34', '2018-06-19 20:20:34'),(41, 24, '5585380683', 104, 108, 2, NULL, '2018-06-19 20:21:18', '2018-06-19 20:21:18'),(42, 24, '55296588', 105, 108, 2, NULL, '2018-06-19 20:21:41', '2018-06-19 20:21:41'),(43, 25, '5518183468', 104, 108, 2, NULL, '2018-06-19 20:24:59', '2018-06-19 20:24:59'),(44, 25, '5517974646', 107, 108, 2, NULL, '2018-06-19 20:25:16', '2018-06-19 20:25:16'),(45, 26, '5541176476', 104, 108, 2, NULL, '2018-06-19 20:25:47', '2018-06-19 20:25:47'),(46, 26, '41733157', 105, 108, 2, NULL, '2018-06-19 20:26:05', '2018-06-19 20:26:05'),(47, 27, '55391246', 105, 108, 2, NULL, '2018-06-19 20:26:21', '2018-06-19 20:26:21'),(48, 27, '5523076043', 104, 108, 2, NULL, '2018-06-19 20:26:35', '2018-06-19 20:26:35'),(49, 28, '26260865', 105, 108, 2, NULL, '2018-06-19 20:27:29', '2018-06-19 20:27:29'),(50, 28, '5551829519', 104, 108, 2, NULL, '2018-06-19 20:27:55', '2018-06-19 20:27:55'),(51, 29, '5512416563', 104, 108, 2, NULL, '2018-06-19 20:28:18', '2018-06-19 20:28:18'),(52, 35, '5535554169', 104, 108, 2, NULL, '2018-06-19 20:29:07', '2018-06-19 20:29:07'),(53, 36, '5548884910', 104, 108, 2, NULL, '2018-06-19 20:29:19', '2018-06-19 20:29:19');
UNLOCK TABLES;
COMMIT;
BEGIN;
LOCK TABLES `centralcar`.`cr_unidades` WRITE;
DELETE FROM `centralcar`.`cr_unidades`;
INSERT INTO `centralcar`.`cr_unidades` (`id_unidad`,`id_modelo`,`id_marca`,`year`,`placas`,`motor`,`color`,`cat_status_unidad`,`user_alta`,`user_mod`,`fecha_alta`,`fecha_mod`) VALUES (1, 397, 27, '2017', 'PZT 3808 ', 'xxxx', 'BLANCO', 14, 2, 2, '2018-06-18 17:48:29', '2018-06-18 18:25:41'),(2, 760, 63, '2008', '384 VUV', 'XXXX', 'GRIS PLATA', 14, 2, NULL, '2018-06-18 17:49:17', '2018-06-18 17:49:17'),(3, 113, 12, '2018', 'SIN PLACAS', 'XXXX', 'NEGRO', 14, 2, NULL, '2018-06-18 17:49:58', '2018-06-18 17:49:58'),(4, 781, 63, '2014', 'MTZ 4545', 'XXXX', 'ARENA', 14, 2, 2, '2018-06-18 17:52:16', '2018-06-18 18:50:58'),(5, 208, 14, '2016', '248 YAW', 'XXXX', 'GRIS PLATA', 14, 2, NULL, '2018-06-18 17:53:57', '2018-06-18 17:53:57'),(6, 113, 12, '2015', 'MUD 5107 ', 'XXXX', 'ROJO', 14, 2, 2, '2018-06-18 18:16:26', '2018-06-18 18:25:30'),(7, 113, 12, '2015', '424 ZWU', 'XXXX', 'BLANCO', 14, 2, 2, '2018-06-18 18:19:58', '2018-06-18 18:29:57'),(8, 155, 12, '2014', 'MRC 5126', 'XXXX', 'PLATA', 14, 2, 2, '2018-06-18 18:20:54', '2018-06-18 18:30:30'),(9, 753, 61, '2014', 'H39 ACF', 'XXXX', 'VERDE OLIVO', 14, 2, NULL, '2018-06-18 18:25:05', '2018-06-18 18:25:05'),(10, 621, 49, '2015', 'MLV 9055', 'XXXX', 'AZUL', 14, 2, NULL, '2018-06-18 18:26:33', '2018-06-18 18:26:33'),(11, 802, 63, '2016', 'L75 AFN', 'XXXX', 'PLATA', 14, 2, 2, '2018-06-18 18:27:25', '2018-06-18 18:31:01'),(12, 580, 44, '2016', 'Y25 AJC', 'XXXX', 'NEGRO', 14, 2, 2, '2018-06-18 18:29:06', '2018-06-18 18:40:24'),(13, 753, 61, '2014', 'NAG 8049', 'XXXX', 'BLANCO', 14, 2, NULL, '2018-06-18 18:34:19', '2018-06-18 18:34:19'),(14, 155, 12, '2015', 'D03 ABW', 'XXXX', 'VINO', 14, 2, 2, '2018-06-18 18:35:06', '2018-06-18 18:40:44'),(15, 113, 12, '2016', 'MZS 6388', 'XXXX', 'BLANCO', 14, 2, NULL, '2018-06-18 18:35:42', '2018-06-18 18:35:42'),(16, 338, 20, '2018', 'Z46 AWC', 'XXXX', 'GRIS', 14, 2, 2, '2018-06-18 18:36:28', '2018-06-18 18:41:34'),(17, 775, 63, '2017', 'P85 ARR', 'XXXX', 'PLATA', 14, 2, 2, '2018-06-18 18:38:43', '2018-06-18 18:41:49'),(18, 113, 12, '2018', 'W69 AVR', 'XXXX', 'BLANCO', 14, 2, NULL, '2018-06-18 18:44:06', '2018-06-18 18:44:06'),(19, 113, 12, '2017', 'X06 AMP', 'XXXX', 'NEGRO', 14, 2, NULL, '2018-06-18 18:44:59', '2018-06-18 18:44:59'),(20, 575, 44, '2014', 'MWS 9640', 'XXXX', 'NEGRO', 14, 2, NULL, '2018-06-18 18:46:23', '2018-06-18 18:46:23'),(21, 580, 44, '2012', '895 XZN', 'XXXX', 'HIERRO', 14, 2, NULL, '2018-06-18 18:50:49', '2018-06-18 18:50:49'),(22, 113, 12, '2015', '865 YVE', 'XXXX', 'GRIS PLATA', 14, 2, NULL, '2018-06-18 18:52:12', '2018-06-18 18:52:12'),(23, 580, 44, '2016', 'U95 AGG', 'XXXX', 'AZUL', 14, 2, NULL, '2018-06-18 18:53:18', '2018-06-18 18:53:18'),(24, 575, 44, '2015', 'K30 AKA', 'XXXX', 'PLATA', 14, 2, NULL, '2018-06-18 18:54:13', '2018-06-18 18:54:13'),(25, 113, 12, '2017', 'C14 ARY', 'XXXX', 'GRIS OXFORD', 14, 2, NULL, '2018-06-18 18:57:49', '2018-06-18 18:57:49'),(26, 693, 55, '2017', 'X03 AMH', 'XXXX', 'GRIS OXFORD', 14, 2, NULL, '2018-06-18 19:09:46', '2018-06-18 19:09:46'),(27, 673, 52, '2009', 'MEV 2241', 'XXXX', 'PLATA', 14, 2, NULL, '2018-06-18 19:11:25', '2018-06-18 19:11:25'),(28, 155, 12, '2017', 'NBZ 3266', 'XXXX', 'NARANJA OCRE', 14, 2, NULL, '2018-06-18 19:12:52', '2018-06-18 19:12:52'),(29, 781, 63, '2015', 'NAK 3143', 'XXXX', 'GRIS', 14, 2, NULL, '2018-06-18 19:15:50', '2018-06-18 19:15:50'),(30, 767, 63, '2013', 'MWT 4085', 'XXXX', 'ROJO', 14, 2, NULL, '2018-06-18 19:17:25', '2018-06-18 19:17:25'),(31, 575, 44, '2016', 'C95 ARB', 'XXXX', 'BLANCO', 14, 2, NULL, '2018-06-18 19:18:59', '2018-06-18 19:18:59'),(32, 775, 63, '2016', '521 XPZ', 'XXXX', 'BLANCO', 14, 2, NULL, '2018-06-18 19:19:50', '2018-06-18 19:19:50'),(33, 580, 44, '2016', 'J08 AJR', 'XXXX', 'AZUL ACERO', 14, 2, NULL, '2018-06-18 19:21:23', '2018-06-18 19:21:23'),(34, 113, 12, '2016', '808 WDH', 'XXXX', 'AZUL MARINO', 14, 2, NULL, '2018-06-18 19:22:32', '2018-06-18 19:22:32'),(35, 580, 44, '2017', '050 AFB', 'XXXX', 'AZUL OREON', 14, 2, NULL, '2018-06-18 19:23:41', '2018-06-18 19:23:41'),(36, 572, 44, '2014', 'NFJ 1826', 'XXXX', 'AZUL', 14, 2, NULL, '2018-06-18 19:29:12', '2018-06-18 19:29:12'),(37, 575, 44, '2017', '562 WXM', 'XXXX', 'ARENA', 14, 2, NULL, '2018-06-18 19:30:16', '2018-06-18 19:30:16');
UNLOCK TABLES;
COMMIT;
BEGIN;
LOCK TABLES `centralcar`.`fo_cobro_ingresos` WRITE;
DELETE FROM `centralcar`.`fo_cobro_ingresos`;
UNLOCK TABLES;
COMMIT;
BEGIN;
LOCK TABLES `centralcar`.`fo_concepto_adeudo` WRITE;
DELETE FROM `centralcar`.`fo_concepto_adeudo`;
UNLOCK TABLES;
COMMIT;
BEGIN;
LOCK TABLES `centralcar`.`fo_conceptos` WRITE;
DELETE FROM `centralcar`.`fo_conceptos`;
UNLOCK TABLES;
COMMIT;
BEGIN;
LOCK TABLES `centralcar`.`fo_conceptos_aplicaciones` WRITE;
DELETE FROM `centralcar`.`fo_conceptos_aplicaciones`;
UNLOCK TABLES;
COMMIT;
BEGIN;
LOCK TABLES `centralcar`.`fo_ingresos` WRITE;
DELETE FROM `centralcar`.`fo_ingresos`;
INSERT INTO `centralcar`.`fo_ingresos` (`id_ingreso`,`id_operador`,`id_viaje`,`cat_status_pago`,`monto`,`ad_cgravamen`,`ad_sgravamen`,`comision`,`neto`,`user_alta`,`user_mod`,`fecha_alta`,`fecha_mod`) VALUES (1, 32, 1, 244, 45.00, 88.50, 0.00, 20.00, 106.80, 2, NULL, '2018-07-10 18:22:04', '2018-07-10 18:22:04'),(2, 8, 2, 244, 45.00, 126.50, 0.00, 20.00, 137.20, 2, NULL, '2018-07-10 18:34:36', '2018-07-10 18:34:36'),(3, 32, 3, 244, 45.00, 194.00, 0.00, 20.00, 191.20, 1, NULL, '2018-07-10 19:04:50', '2018-07-10 19:04:50'),(4, 32, 4, 244, 45.00, 160.00, 0.00, 20.00, 164.00, 1, NULL, '2018-07-10 19:11:09', '2018-07-10 19:11:09'),(5, 32, 6, 244, 45.00, 192.00, 0.00, 20.00, 189.60, 2, NULL, '2018-07-10 19:26:48', '2018-07-10 19:26:48'),(6, 2, 5, 244, 45.00, 371.00, 0.00, 20.00, 332.80, 2, NULL, '2018-07-10 20:22:50', '2018-07-10 20:22:50'),(7, 8, 12, 244, 45.00, 317.50, 0.00, 20.00, 290.00, 2, NULL, '2018-07-10 20:23:00', '2018-07-10 20:23:00'),(8, 3, 8, 244, 45.00, 285.50, 30.00, 20.00, 294.40, 2, NULL, '2018-07-10 20:23:09', '2018-07-10 20:23:09'),(9, 5, 7, 244, 45.00, 224.00, 0.00, 20.00, 215.20, 2, NULL, '2018-07-10 20:40:23', '2018-07-10 20:40:23'),(10, 1, 9, 244, 45.00, 245.50, 0.00, 20.00, 232.40, 2, NULL, '2018-07-10 20:54:41', '2018-07-10 20:54:41'),(11, 7, 14, 244, 45.00, 72.00, 0.00, 20.00, 93.60, 2, NULL, '2018-07-10 21:01:52', '2018-07-10 21:01:52'),(12, 12, 13, 244, 45.00, 332.50, 0.00, 20.00, 302.00, 2, NULL, '2018-07-10 21:32:59', '2018-07-10 21:32:59'),(13, 3, 16, 244, 45.00, 56.00, 0.00, 20.00, 80.80, 2, NULL, '2018-07-11 13:52:11', '2018-07-11 13:52:11'),(14, 5, 17, 244, 45.00, 93.00, 0.00, 20.00, 110.40, 2, NULL, '2018-07-11 14:55:26', '2018-07-11 14:55:26'),(15, 32, 18, 244, 45.00, 112.00, 0.00, 20.00, 125.60, 2, NULL, '2018-07-11 15:12:22', '2018-07-11 15:12:22'),(16, 2, 20, 244, 45.00, 32.00, 0.00, 20.00, 61.60, 2, NULL, '2018-07-11 16:04:10', '2018-07-11 16:04:10'),(17, 3, 22, 244, 45.00, 120.00, 0.00, 20.00, 132.00, 2, NULL, '2018-07-11 16:50:56', '2018-07-11 16:50:56'),(18, 7, 21, 244, 45.00, 160.00, 0.00, 20.00, 164.00, 2, NULL, '2018-07-11 17:12:05', '2018-07-11 17:12:05'),(19, 8, 23, 244, 45.00, 40.00, 0.00, 20.00, 68.00, 2, NULL, '2018-07-11 18:13:51', '2018-07-11 18:13:51'),(20, 8, 24, 244, 45.00, 216.00, 0.00, 20.00, 208.80, 2, NULL, '2018-07-11 19:54:28', '2018-07-11 19:54:28'),(21, 3, 27, 244, 45.00, 88.00, 0.00, 20.00, 106.40, 2, NULL, '2018-07-11 20:26:43', '2018-07-11 20:26:43'),(22, 32, 28, 244, 45.00, 159.00, 0.00, 20.00, 163.20, 2, NULL, '2018-07-11 20:26:49', '2018-07-11 20:26:49'),(23, 2, 29, 244, 45.00, 136.00, 0.00, 20.00, 144.80, 2, NULL, '2018-07-11 20:26:55', '2018-07-11 20:26:55'),(24, 8, 31, 244, 45.00, 192.00, 0.00, 20.00, 189.60, 2, NULL, '2018-07-11 20:27:01', '2018-07-11 20:27:01'),(25, 7, 30, 244, 45.00, 320.00, 0.00, 20.00, 292.00, 2, NULL, '2018-07-11 20:27:31', '2018-07-11 20:27:31'),(26, 1, 26, 244, 45.00, 562.00, 0.00, 20.00, 485.60, 2, NULL, '2018-07-11 20:27:38', '2018-07-11 20:27:38'),(27, 2, 32, 244, 45.00, 230.50, 0.00, 20.00, 220.40, 1, NULL, '2018-07-22 17:08:43', '2018-07-22 17:08:43');
UNLOCK TABLES;
COMMIT;
BEGIN;
LOCK TABLES `centralcar`.`fo_movimientos` WRITE;
DELETE FROM `centralcar`.`fo_movimientos`;
UNLOCK TABLES;
COMMIT;
BEGIN;
LOCK TABLES `centralcar`.`fo_operador_conceptos` WRITE;
DELETE FROM `centralcar`.`fo_operador_conceptos`;
UNLOCK TABLES;
COMMIT;
BEGIN;
LOCK TABLES `centralcar`.`fo_pagos_conceptos` WRITE;
DELETE FROM `centralcar`.`fo_pagos_conceptos`;
UNLOCK TABLES;
COMMIT;
BEGIN;
LOCK TABLES `centralcar`.`fo_papeletas` WRITE;
DELETE FROM `centralcar`.`fo_papeletas`;
UNLOCK TABLES;
COMMIT;
BEGIN;
LOCK TABLES `centralcar`.`fo_papeletas_viajes` WRITE;
DELETE FROM `centralcar`.`fo_papeletas_viajes`;
UNLOCK TABLES;
COMMIT;
BEGIN;
LOCK TABLES `centralcar`.`fw_area` WRITE;
DELETE FROM `centralcar`.`fw_area`;
UNLOCK TABLES;
COMMIT;
BEGIN;
LOCK TABLES `centralcar`.`fw_config` WRITE;
DELETE FROM `centralcar`.`fw_config`;
INSERT INTO `centralcar`.`fw_config` (`id_config`,`id_site`,`descripcion`,`valor`,`tmp_val`,`data`,`user_alta`,`user_mod`,`fecha_alta`,`fecha_mod`) VALUES (1, 1, 'login_operadores', '1', '0', '0', 1, 1, '2016-05-29 04:31:53', '2017-02-20 21:03:01'),(2, 1, 'status_pendientes', '170', '0', 'cfcd208495d565ef66e7dff9f98764da', 1, 1, '2016-07-12 23:22:13', '2018-07-22 17:12:04'),(3, 1, 'status_enproceso', '171', '0', 'b55ec28c52d5f6205684a473a2193564', 1, 1, '2016-07-12 23:22:44', '2017-05-14 20:31:22'),(4, 1, 'status_asignados', '179', '0', '97b7565791ddb6403a2a9349bf3d713c', 1, 1, '2016-07-12 23:23:09', '2018-07-22 17:12:04'),(5, 1, 'turno_apartados', '16', '0', '0', NULL, 2, NULL, '2018-07-11 19:05:21'),(6, 1, 'status_abandonados', '188', '0', 'cfcd208495d565ef66e7dff9f98764da', 1, 1, NULL, '2018-07-22 16:06:52'),(7, 1, 'websockets_control', '1', '0', NULL, 1, 1, '2016-12-12 20:55:10', '2016-12-12 14:55:15'),(8, 1, 'costo_hora', '150', NULL, NULL, 1, 1, '2017-06-14 18:11:20', '2018-06-14 18:49:11'),(9, 1, 'tiempo_cortesia', '00:10:00', NULL, NULL, 1, 1, '2017-06-14 18:11:20', '2018-06-14 18:49:11'),(10, 1, 'km_perimetro', '4', NULL, NULL, 1, 1, '2017-06-14 18:11:20', '2017-06-14 18:13:12'),(11, 1, 'km_cortesia', '5', NULL, NULL, 1, 1, '2017-06-14 18:11:20', '2017-06-14 18:13:12'),(12, 1, 'comision_operadores', '20', NULL, NULL, 1, 1, '2017-06-14 18:11:20', '2018-06-14 18:49:11');
UNLOCK TABLES;
COMMIT;
BEGIN;
LOCK TABLES `centralcar`.`fw_dac_acl` WRITE;
DELETE FROM `centralcar`.`fw_dac_acl`;
UNLOCK TABLES;
COMMIT;
BEGIN;
LOCK TABLES `centralcar`.`fw_login` WRITE;
DELETE FROM `centralcar`.`fw_login`;
INSERT INTO `centralcar`.`fw_login` (`id_login`,`id_usuario`,`session_id`,`open`,`fecha_login`,`ultima_verificacion`,`fecha_logout`,`tiempo_session`,`ipv4`,`ipv6`,`user_alta`,`user_mod`,`fecha_alta`,`fecha_mod`) VALUES (1, 1, 'fSJKHr6PkRyBuUY2LoWTMG5pNCVshmIe', 0, '2018-06-14 20:35:05', '2018-06-14 20:47:56', '2018-06-14 20:47:56', '0000-00-00 00:12:51', '201.141.202.70', 'c98d::ca46::/48', 1, 1, '2018-06-14 20:35:05', '2018-06-14 20:47:56'),(2, 2, 'E0eIxLC1Hol7VcYFGiPRK5SubUjfkwaX', 0, '2018-06-18 12:32:08', '2018-06-18 15:15:42', '2018-06-18 15:15:52', '0000-00-00 02:43:44', '201.149.32.226', 'c995::20e2::/48', 2, 2, '2018-06-18 12:32:08', '2018-06-18 15:15:52'),(3, 2, 'pYIhgi5CVJOjPU0xnuDT98SAd6Nr3f1K', 0, '2018-06-18 15:31:31', '2018-06-18 19:35:34', '2018-06-19 17:36:58', '0000-00-01 02:05:27', '201.149.32.226', 'c995::20e2::/48', 2, 2, '2018-06-18 15:31:31', '2018-06-19 17:36:58'),(4, 2, 'dfgEwKzv7SaX2FBxL9AnYotsMi6WlcNG', 0, '2018-06-19 17:36:58', '2018-06-19 18:36:52', '2018-06-19 18:37:02', '0000-00-00 01:00:04', '201.149.32.226', 'c995::20e2::/48', 2, 2, '2018-06-19 17:36:58', '2018-06-19 18:37:02'),(5, 2, '9AiWrZJbpuKyT5N8hUOMfaQXtsx0HEYw', 0, '2018-06-19 19:06:35', '2018-06-19 21:29:57', '2018-06-20 13:18:14', '0000-00-00 18:11:39', '201.149.32.226', 'c995::20e2::/48', 2, 2, '2018-06-19 19:06:35', '2018-06-20 13:18:14'),(6, 1, '2wmRluHsdAqeDY184CtjfyFNS6h7oEpa', 0, '2018-06-20 00:13:13', '2018-06-20 00:38:58', '2018-06-20 00:38:58', '0000-00-00 00:25:45', '201.141.202.70', 'c98d::ca46::/48', 1, 1, '2018-06-20 00:13:13', '2018-06-20 00:38:58'),(7, 2, 'Uwug8vtloXV1bAHfKRmaJ3E5k9TjL20N', 0, '2018-06-20 13:18:14', '2018-06-20 15:07:07', '2018-06-21 16:53:38', '0000-00-01 03:35:24', '201.149.32.226', 'c995::20e2::/48', 2, 2, '2018-06-20 13:18:14', '2018-06-21 16:53:38'),(8, 2, 'jwNXYL6t5okGrmAcuDW0zU4PMiypbTVI', 0, '2018-06-21 16:53:38', '2018-06-21 20:19:41', '2018-06-22 14:23:31', '0000-00-00 21:29:53', '201.149.32.226', 'c995::20e2::/48', 2, 2, '2018-06-21 16:53:38', '2018-06-22 14:23:31'),(9, 1, 'cbnQZyh3J7oLgfMViFjHGKdzeEuv652a', 0, '2018-06-21 18:14:13', '2018-06-21 18:38:05', '2018-06-25 14:11:07', '0000-00-03 19:56:54', '201.141.203.134', 'c98d::cb86::/48', 1, 1, '2018-06-21 18:14:13', '2018-06-25 14:11:07'),(10, 2, 'hkmrSD4gdX1ZAE9aRnWPV0NKvC6HFfbp', 0, '2018-06-22 14:23:31', '2018-06-22 15:43:13', '2018-06-22 15:43:23', '0000-00-00 01:19:52', '201.149.32.226', 'c995::20e2::/48', 2, 2, '2018-06-22 14:23:31', '2018-06-22 15:43:23'),(11, 2, '1TNqueIfhlCapEvW8bDP9Mj6FLmVGAky', 0, '2018-06-22 18:09:53', '2018-06-22 18:36:46', '2018-06-25 14:00:11', '0000-00-02 19:50:18', '201.149.32.226', 'c995::20e2::/48', 2, 2, '2018-06-22 18:09:53', '2018-06-25 14:00:11'),(12, 2, 'uN67OE4yM3zBc1toIxRbd0UrhCvepQAa', 0, '2018-06-25 14:00:11', '2018-06-25 16:14:23', '2018-06-25 16:14:33', '0000-00-00 02:14:22', '201.149.32.226', 'c995::20e2::/48', 2, 2, '2018-06-25 14:00:11', '2018-06-25 16:14:33'),(13, 1, 'ZTWuMpq7P5bYwED1FS8OyRk3B9lAm4CH', 0, '2018-06-25 14:11:07', '2018-06-25 16:24:14', '2018-07-02 15:45:41', '0000-00-07 01:34:34', '201.141.202.198', 'c98d::cac6::/48', 1, 1, '2018-06-25 14:11:07', '2018-07-02 15:45:41'),(14, 2, 'Au1lCfPeJrOYs0VHmdI5EU4oTKMjgtFL', 0, '2018-06-26 14:09:02', '2018-06-26 15:03:45', '2018-06-26 15:10:10', '0000-00-00 01:01:08', '201.149.32.226', 'c995::20e2::/48', 2, 2, '2018-06-26 14:09:02', '2018-06-26 15:10:10'),(15, 2, 'wIKEPJuoFV97Zjba0Y2BLklgH4zpQX3T', 0, '2018-06-28 18:55:12', '2018-06-28 19:24:58', '2018-07-02 15:33:51', '0000-00-03 20:38:39', '201.149.32.226', 'c995::20e2::/48', 2, 2, '2018-06-28 18:55:12', '2018-07-02 15:33:51'),(16, 2, 'n4DhOX2MmW9KBEs0Tia6QLdtFzjYZA7R', 0, '2018-07-02 15:33:51', '2018-07-02 16:33:46', '2018-07-02 16:33:56', '0000-00-00 01:00:05', '201.149.32.226', 'c995::20e2::/48', 2, 2, '2018-07-02 15:33:51', '2018-07-02 16:33:56'),(17, 1, 'B5CNr6GHaXF7oejkAwZiYOn3Ml2VJhbm', 0, '2018-07-02 15:45:41', '2018-07-02 16:36:11', '2018-07-02 16:36:11', '0000-00-00 00:50:30', '201.141.201.134', 'c98d::c986::/48', 1, 1, '2018-07-02 15:45:41', '2018-07-02 16:36:11'),(18, 1, 'QDN5tPIasiM8vCLA31zJcVXTbfqkjn4R', 0, '2018-07-02 16:36:19', '2018-07-02 16:36:31', '2018-07-02 16:36:33', '0000-00-00 00:00:14', '201.141.201.134', 'c98d::c986::/48', 1, 1, '2018-07-02 16:36:19', '2018-07-02 16:36:33'),(19, 1, '51vfsa8IbcYmLzEGJHru2OBDUytKwFeM', 0, '2018-07-02 16:36:33', '2018-07-02 16:36:33', '2018-07-02 16:36:44', '0000-00-00 00:00:11', '201.141.201.134', 'c98d::c986::/48', 1, 1, '2018-07-02 16:36:33', '2018-07-02 16:36:44'),(20, 1, 'ly4ApP8C5Wm1fbIOiEaGwB2snLt0FuTj', 0, '2018-07-02 16:36:44', '2018-07-02 17:12:09', '2018-07-02 17:12:21', '0000-00-00 00:35:37', '201.141.201.134', 'c98d::c986::/48', 1, 1, '2018-07-02 16:36:44', '2018-07-02 17:12:21'),(21, 2, 'tRyBHrW5NCn9qxcAiEk4wVIm0d6GZLUO', 0, '2018-07-02 16:37:22', '2018-07-02 18:14:15', '2018-07-02 18:14:25', '0000-00-00 01:37:03', '201.149.32.226', 'c995::20e2::/48', 2, 2, '2018-07-02 16:37:22', '2018-07-02 18:14:25'),(22, 1, 'CsRgVmwuWI0StyJ7pHYFzleNj4KnkErb', 0, '2018-07-02 17:12:21', '2018-07-02 17:12:53', '2018-07-02 17:13:04', '0000-00-00 00:00:43', '201.141.201.134', 'c98d::c986::/48', 1, 1, '2018-07-02 17:12:21', '2018-07-02 17:13:04'),(23, 1, 'zV0KtyfdjPpQ58WISY6xMLb3veTEUCBO', 0, '2018-07-02 17:13:04', '2018-07-02 17:26:16', '2018-07-03 00:22:27', '0000-00-00 07:09:23', '201.141.201.134', 'c98d::c986::/48', 1, 1, '2018-07-02 17:13:04', '2018-07-03 00:22:27'),(24, 1, '7CONXklc2UyEfAtPpYIQJT6b9vazxiHg', 0, '2018-07-03 00:22:27', '2018-07-03 00:55:03', '2018-07-03 00:55:03', '0000-00-00 00:32:36', '201.141.201.134', 'c98d::c986::/48', 1, 1, '2018-07-03 00:22:27', '2018-07-03 00:55:03'),(25, 1, 'ikAeKav0my9gOYsoNwrGRQxVLIj3HnDd', 0, '2018-07-03 00:55:05', '2018-07-03 01:07:22', '2018-07-03 22:05:00', '0000-00-00 21:09:55', '201.141.201.134', 'c98d::c986::/48', 1, 1, '2018-07-03 00:55:05', '2018-07-03 22:05:00'),(26, 1, 'ATChxM3tgcs7IUWerbfBHRNuYOXFdwGS', 0, '2018-07-03 22:05:00', '2018-07-03 22:06:02', '2018-07-04 23:28:17', '0000-00-01 01:23:17', '201.141.200.70', 'c98d::c846::/48', 1, 1, '2018-07-03 22:05:00', '2018-07-04 23:28:17'),(27, 1, 'Yfuj3niALrdepE72PwZIs1NlzWxHhJDV', 0, '2018-07-04 23:28:17', '2018-07-05 00:21:49', '2018-07-05 00:21:49', '0000-00-00 00:53:32', '201.141.200.70', 'c98d::c846::/48', 1, 1, '2018-07-04 23:28:17', '2018-07-05 00:21:49'),(28, 1, 'HC1sO3AXiF9Tgtdp2ev7U5bLE6P8VJlc', 0, '2018-07-08 17:00:36', '2018-07-08 19:01:37', '2018-07-09 08:32:15', '0000-00-00 15:31:39', '201.141.200.70', 'c98d::c846::/48', 1, 1, '2018-07-08 17:00:36', '2018-07-09 08:32:15'),(29, 1, 'S5zjq2Q1rXk9uIlBwyP63RabphDZcNLm', 0, '2018-07-09 08:32:15', '2018-07-09 09:44:47', '2018-07-09 11:07:10', '0000-00-00 02:34:55', '201.141.200.70', 'c98d::c846::/48', 1, 1, '2018-07-09 08:32:15', '2018-07-09 11:07:10'),(30, 1, 'F4PRHuBagAtWGC3v2bnc0sDrSQkoV1Uf', 0, '2018-07-09 11:07:10', '2018-07-09 15:07:36', '2018-07-09 15:07:46', '0000-00-00 04:00:36', '201.141.200.70', 'c98d::c846::/48', 1, 1, '2018-07-09 11:07:10', '2018-07-09 15:07:46'),(31, 2, '4UKSitfHX7yBNF01YxQwlskbrVv5jI9m', 0, '2018-07-09 12:33:51', '2018-07-09 14:53:33', '2018-07-09 14:53:43', '0000-00-00 02:19:52', '201.149.32.226', 'c995::20e2::/48', 2, 2, '2018-07-09 12:33:51', '2018-07-09 14:53:43'),(32, 1, 'powL1aDlAj0Bx2gf7btQ9UWOSVc86kNu', 0, '2018-07-09 15:32:18', '2018-07-09 16:14:30', '2018-07-10 09:09:58', '0000-00-00 17:37:40', '201.141.200.70', 'c98d::c846::/48', 1, 1, '2018-07-09 15:32:18', '2018-07-10 09:09:58'),(33, 2, 'cYzmKSTeaMwxZRsovqDf6kuOX4AB9tWI', 0, '2018-07-09 17:04:35', '2018-07-09 18:04:26', '2018-07-09 18:04:36', '0000-00-00 01:00:01', '201.149.32.226', 'c995::20e2::/48', 2, 2, '2018-07-09 17:04:35', '2018-07-09 18:04:36'),(34, 1, 'U6loNh3SpKz9rwqu1DCHdEJ0GsyiAXfx', 0, '2018-07-10 09:09:58', '2018-07-10 11:48:48', '2018-07-10 17:38:35', '0000-00-00 08:28:37', '201.141.200.70', 'c98d::c846::/48', 1, 1, '2018-07-10 09:09:58', '2018-07-10 17:38:35'),(35, 2, 'Q0YRmCeXUtGrI5kV1dM94E7cxW68AiHv', 0, '2018-07-10 17:30:36', '2018-07-10 21:36:45', '2018-07-11 12:55:02', '0000-00-00 19:24:26', '201.149.32.226', 'c995::20e2::/48', 2, 2, '2018-07-10 17:30:36', '2018-07-11 12:55:02'),(36, 1, 'UHSewX2dzhvO3J0qAnygsBPtNkm5EQb7', 0, '2018-07-10 17:38:35', '2018-07-10 20:05:53', '2018-07-11 11:42:07', '0000-00-00 18:03:32', '201.141.200.70', 'c98d::c846::/48', 1, 1, '2018-07-10 17:38:35', '2018-07-11 11:42:07'),(37, 1, '7OdqrghxfaY3HQDR4kJsbonPAXINuT1E', 0, '2018-07-11 11:42:07', '2018-07-11 11:47:48', '2018-07-11 21:49:40', '0000-00-00 10:07:33', '201.141.200.70', 'c98d::c846::/48', 1, 1, '2018-07-11 11:42:07', '2018-07-11 21:49:40'),(38, 2, 'AHbcYj0hQ2DNWEmLSZi3O51lsBxFrzR8', 0, '2018-07-11 12:55:02', '2018-07-11 20:27:38', '2018-07-12 13:11:23', '0000-00-01 00:16:21', '201.149.32.226', 'c995::20e2::/48', 2, 2, '2018-07-11 12:55:02', '2018-07-12 13:11:23'),(39, 1, 'kiFcE4NIZ7duhGO069TWlRjwzt32peox', 0, '2018-07-11 21:49:40', '2018-07-11 22:14:51', '2018-07-12 23:32:17', '0000-00-01 01:42:37', '201.141.200.70', 'c98d::c846::/48', 1, 1, '2018-07-11 21:49:40', '2018-07-12 23:32:17'),(40, 2, 'Im2Zo9U8tMwVHJch3yQKTEC5k1zPFR4N', 0, '2018-07-12 13:11:23', '2018-07-12 16:07:06', '2018-07-12 16:07:16', '0000-00-00 02:55:53', '201.149.32.226', 'c995::20e2::/48', 2, 2, '2018-07-12 13:11:23', '2018-07-12 16:07:16'),(41, 2, '0dfXhbK7lVyqRx8D1JZunC2EsjAkaMFS', 0, '2018-07-12 16:16:54', '2018-07-12 16:26:46', '2018-07-12 17:40:34', '0000-00-00 01:23:40', '201.149.32.226', 'c995::20e2::/48', 2, 2, '2018-07-12 16:16:54', '2018-07-12 17:40:34'),(42, 2, 'JQzLngHvFlDdBReycS5MpobYNT3j1VC4', 0, '2018-07-12 17:40:34', '2018-07-12 18:46:06', '2018-07-13 14:36:14', '0000-00-00 20:55:40', '201.149.32.226', 'c995::20e2::/48', 2, 2, '2018-07-12 17:40:34', '2018-07-13 14:36:14'),(43, 1, 'tLs4dWo0GiYmjDTZM9k7ObUwxcvEKA5l', 0, '2018-07-12 23:32:17', '2018-07-12 23:32:17', '2018-07-22 16:04:14', '0000-00-09 16:31:57', '201.141.200.70', 'c98d::c846::/48', 1, 1, '2018-07-12 23:32:17', '2018-07-22 16:04:14'),(44, 2, '738CO2WUByRFNKDoSsvh0Yeku6q9jVG5', 0, '2018-07-13 14:36:14', '2018-07-13 15:44:12', '2018-07-13 16:59:31', '0000-00-00 02:23:17', '201.149.32.226', 'c995::20e2::/48', 2, 2, '2018-07-13 14:36:14', '2018-07-13 16:59:31'),(45, 2, '3OakGNRcTm9HBW5ow2idjz7rt06lnC8L', 0, '2018-07-13 16:59:31', '2018-07-13 18:10:43', '2018-07-13 18:10:53', '0000-00-00 01:11:22', '201.149.32.226', 'c995::20e2::/48', 2, 2, '2018-07-13 16:59:31', '2018-07-13 18:10:53'),(46, 2, 'Z97evkTUGmVilHoAQPp5OYFucnKDwMh8', 0, '2018-07-17 12:47:07', '2018-07-17 13:59:53', '2018-07-17 14:00:03', '0000-00-00 01:12:56', '201.149.32.226', 'c995::20e2::/48', 2, 2, '2018-07-17 12:47:07', '2018-07-17 14:00:03'),(47, 2, 'a6XReA9vmH2GVlWJnxLIzkgEjPSchMB1', 0, '2018-07-17 15:16:25', '2018-07-17 16:32:37', '2018-07-17 16:32:47', '0000-00-00 01:16:22', '201.149.32.226', 'c995::20e2::/48', 2, 2, '2018-07-17 15:16:25', '2018-07-17 16:32:47'),(48, 2, 'sDNoMpRmHvgqQFKBXy5unr7kSeVJbEL1', 0, '2018-07-17 17:14:40', '2018-07-17 18:56:11', '2018-07-17 18:56:21', '0000-00-00 01:41:41', '201.149.32.226', 'c995::20e2::/48', 2, 2, '2018-07-17 17:14:40', '2018-07-17 18:56:21'),(49, 2, 'IR3CBenq8cGzk5PX7ahKTWE0HvZUus6S', 0, '2018-07-20 13:19:47', '2018-07-20 15:06:01', '2018-07-20 15:06:11', '0000-00-00 01:46:24', '201.149.32.226', 'c995::20e2::/48', 2, 2, '2018-07-20 13:19:47', '2018-07-20 15:06:11'),(50, 1, 'wqPEOZDC4lBcAiWuLMNVI3nje8kFy1sS', 0, '2018-07-22 16:04:14', '2018-07-22 17:14:23', '2018-07-22 17:14:23', '0000-00-00 01:10:09', '201.141.200.6', 'c98d::c806::/48', 1, 1, '2018-07-22 16:04:14', '2018-07-22 17:14:23');
UNLOCK TABLES;
COMMIT;
BEGIN;
LOCK TABLES `centralcar`.`fw_login_log` WRITE;
DELETE FROM `centralcar`.`fw_login_log`;
INSERT INTO `centralcar`.`fw_login_log` (`id_login_log`,`id_usuario`,`ip`,`fecha`,`intentos`) VALUES (1, 2, '201.149.32.226', '2018-06-20 13:18:06', '1'),(2, 2, '201.149.32.226', '2018-06-21 16:53:32', '1'),(3, 2, '201.149.32.226', '2018-06-22 18:09:44', '1'),(4, 2, '201.149.32.226', '2018-07-13 16:58:35', '1');
UNLOCK TABLES;
COMMIT;
BEGIN;
LOCK TABLES `centralcar`.`fw_lost_password` WRITE;
DELETE FROM `centralcar`.`fw_lost_password`;
UNLOCK TABLES;
COMMIT;
BEGIN;
LOCK TABLES `centralcar`.`fw_metodos` WRITE;
DELETE FROM `centralcar`.`fw_metodos`;
INSERT INTO `centralcar`.`fw_metodos` (`id_metodo`,`controlador`,`metodo`,`nombre`,`descripcion`,`user_alta`,`user_mod`,`fecha_alta`,`fecha_mod`) VALUES (1, 'Area', 'index', 'Indice', 'No tiene accion asignada envia a un error 404', 0, 0, '0000-00-00 00:00:00', '0000-00-00 00:00:00'),(2, 'Area', 'select_area', 'Seleccionar areas', 'Muestra un combo de seleccion con las areas', 0, 0, '0000-00-00 00:00:00', '0000-00-00 00:00:00'),(3, 'Controllers', 'index', 'Indice', 'Muestra la tabla con los metodos que se pueden relacionar a los roles', 0, 0, '0000-00-00 00:00:00', '0000-00-00 00:00:00'),(4, 'Controllers', 'obtener_controllers', 'Lista de Controladores', 'Realiza la peticion al modelo para obtener la lista de modelos', 0, 0, '0000-00-00 00:00:00', '0000-00-00 00:00:00'),(5, 'Controllers', 'data_controller', 'Modal Metodos', 'Solicita una ventana modal para la edicion de metodos', 0, 0, '0000-00-00 00:00:00', '0000-00-00 00:00:00'),(6, 'Controllers', 'editar_metodo', 'Editar Metodo', 'Envia los datos para editar el metodo', 0, 0, '0000-00-00 00:00:00', '0000-00-00 00:00:00'),(7, 'Controllers', 'modal_add_metodo', 'Modal Agregar Metodo', 'Solicita una modal para el alta de un nuevo par Controlador - Metodo', 0, 0, '0000-00-00 00:00:00', '0000-00-00 00:00:00'),(8, 'Controllers', 'agregar_metodo', 'Agregar Metodo', 'Envia datos para un nuevo par de Controlador - Metodo', 0, 0, '0000-00-00 00:00:00', '0000-00-00 00:00:00'),(9, 'Controllers', 'eliminar_par', 'Elimina Metodo', 'Envia la peticion para eliminar el par Controlador - Metodo, eta accion elimina en cascada los identificadores que se ligaron dentro de la tabla permisos', 0, 0, '0000-00-00 00:00:00', '0000-00-00 00:00:00'),(10, 'Extensions', 'init', 'Inicializa las extensiones', 'Clase principal que permite inicializar las extensiones', 0, 0, '0000-00-00 00:00:00', '0000-00-00 00:00:00'),(11, 'Inicio', 'index', 'Ventana Principal', 'Muestra la ventana principal que se muestra al usuario despues de loguearse', 0, 0, '0000-00-00 00:00:00', '0000-00-00 00:00:00'),(12, 'Login', 'salir', 'Salir', 'Sale del sistema, es necesario hacer universal para todos los usuarios', 0, 0, '0000-00-00 00:00:00', '0000-00-00 00:00:00'),(13, 'Roles', 'index', 'Indice', 'No tiene accion asignada envia a un error 404', 0, 0, '0000-00-00 00:00:00', '0000-00-00 00:00:00'),(14, 'Roles', 'modal_roles', 'Modal Roles', 'Muestra una ventana modal donde se listan los Roles', 0, 0, '0000-00-00 00:00:00', '0000-00-00 00:00:00'),(15, 'Roles', 'agregar_rol', 'Inserta Nivel', 'Inserta un nuevo nivel o rol a la lista de roles del sistema', 0, 0, '0000-00-00 00:00:00', '0000-00-00 00:00:00'),(16, 'Roles', 'permisos', 'Administracion de permisos', 'Pagina donde se listan todos los permisos para asignarlos a los roles', 0, 0, '0000-00-00 00:00:00', '0000-00-00 00:00:00'),(17, 'Roles', 'establecer_permiso', 'Setear permiso', 'Setea el permiso de una actividad en true o false', 0, 0, '0000-00-00 00:00:00', '0000-00-00 00:00:00'),(18, 'Roles', 'clonar', 'Clonar roles', 'clona los permisos de un rol a otro para facilitar la creacion de roles basados en uno ya establecido', 0, 0, '0000-00-00 00:00:00', '0000-00-00 00:00:00'),(19, 'Ubicacion', 'index', 'Indice', 'No tiene accion asignada envia a un error 404', 0, 0, '0000-00-00 00:00:00', '0000-00-00 00:00:00'),(20, 'Ubicacion', 'obtener_ubicaciones', 'Obtiene ubicaciones', 'Obtiene un arreglo con las ubicaciones', 0, 1, '0000-00-00 00:00:00', '2015-10-08 14:13:31'),(21, 'Usuarios', 'index', 'Indice', 'Muestra la lista de los usuarios del sistema', 0, 0, '0000-00-00 00:00:00', '0000-00-00 00:00:00'),(22, 'Usuarios', 'obtener_usuarios', 'Lista de usuarios', 'Obtiene los datos de todos los usuarios para presentarlos en una lista para su administracion', 0, 0, '0000-00-00 00:00:00', '0000-00-00 00:00:00'),(23, 'Usuarios', 'datos_usuario', 'Datos de usuario', 'Obtiene los datos de un usuario en particular para mostrarlo en una ventana modal', 0, 0, '0000-00-00 00:00:00', '0000-00-00 00:00:00'),(24, 'Usuarios', 'modal_add_usr', 'Modal agregar usuario', 'Muestra una ventana modal con un formulario para dar de alta un nuevo usuario', 0, 0, '0000-00-00 00:00:00', '0000-00-00 00:00:00'),(25, 'Usuarios', 'agregar_usuario', 'Insert Usuario', 'Inserta un nuevo registro para un nuevo usuario', 0, 0, '0000-00-00 00:00:00', '0000-00-00 00:00:00'),(26, 'Usuarios', 'editar_usuario', 'Update Usuario', 'Realiza la actualizacion de datos de usuario', 0, 0, '0000-00-00 00:00:00', '0000-00-00 00:00:00'),(27, 'Usuarios', 'baja_usuario', 'Update status baja', 'marca a un usuario para su baja ya que no esta permitido en el sistema la eliminacion de usuarios', 0, 0, '0000-00-00 00:00:00', '0000-00-00 00:00:00'),(28, 'Usuarios', 'permisos_usuario', 'Permisos de usuario DAC-ACL', 'Muestra el formulario para establecer permisos DAC -ACL a los usuarios para otorgar credenciales a las extensiones de la aplicacion', 0, 0, '0000-00-00 00:00:00', '0000-00-00 00:00:00'),(29, 'Usuarios', 'set_acl_extension', 'Setear extension completa', 'Establece los permisos para que el usuario tenga acceso o no,  a toda la extension que se esta seteando', 0, 0, '0000-00-00 00:00:00', '0000-00-00 00:00:00'),(30, 'Usuarios', 'set_acl_controlador', 'Setear Controlador completo', 'Establece los permisos para que el usuario tenga acceso o no, a todos los metodos del controlador que se esta seteando', 0, 0, '0000-00-00 00:00:00', '0000-00-00 00:00:00'),(31, 'Usuarios', 'set_acl_metodo', 'Setear Metodo', 'Establece los permisos para que el usuario tenga o no acceso al metodo que se esta seteando', 0, 0, '0000-00-00 00:00:00', '0000-00-00 00:00:00'),(32, 'Usuarios', 'perfil', 'Modificar Perfil', 'Obtiene la vista de edicion del perfil para el usuario actual.', 0, 0, '0000-00-00 00:00:00', '0000-00-00 00:00:00'),(33, 'Usuarios', 'editar_perfil', 'Actualiza el perfil', 'Envia la solicitud de actualizacion de perfil al modelo.', 0, 0, '0000-00-00 00:00:00', '0000-00-00 00:00:00'),(34, 'Usuarios', 'upload_avatar', 'Subir o cambiar avatar', 'Establece el avatar para el usuario, de manera predeterminada el usuario tiene un avatar generico, que se puede cambiar con esta opcion, tambien establece los permisos para tres funciones estaticas complementarias y relacionadas a esta funcion.', 0, 0, '0000-00-00 00:00:00', '0000-00-00 00:00:00'),(35, 'Sidebar', 'obtenerExtensiones', 'Obtener extensiones con controladores y metodos', 'Obtiene un arreglo con las extensiones sus controladores y metodos de acuerdo a los permisos asignados para los usuarios, es necesario para renderear el menu lateral o sidebar, y deberia de estar disponible para todos los usuarios que tienen acceso a las ', 0, 0, '0000-00-00 00:00:00', '0000-00-00 00:00:00'),(36, 'Unidades', 'index', 'Indice', 'Muestra la tabla dinamica con las unidades', 0, 0, '0000-00-00 00:00:00', '0000-00-00 00:00:00'),(37, 'Unidades', 'add_unidad', 'Agrega un vehiculo', 'Agrega una nuev unidad vehicular para incorporarla a la flotilla', 0, 0, '0000-00-00 00:00:00', '0000-00-00 00:00:00'),(38, 'Operadores', 'index', 'Indice', 'Muestra el listado de operadores', 0, 0, '0000-00-00 00:00:00', '0000-00-00 00:00:00'),(39, 'Operadores', 'edita_operador', 'Edita al operador', 'Permite la edicion del operador y asignacion de variables referentes al mismo', 0, 0, '0000-00-00 00:00:00', '0000-00-00 00:00:00'),(40, 'Bases', 'index', 'Muestra el Listado de las Bases', 'Listado y Datatable de las Bases', 0, 0, '0000-00-00 00:00:00', '0000-00-00 00:00:00'),(41, 'Bases', 'nueva_base', 'Nueva Base', 'Permite la generacion de nuevas Bases', 0, 0, '0000-00-00 00:00:00', '0000-00-00 00:00:00'),(42, 'Clientes', 'index', 'Listado de Clientes', 'Muestra el listado y la tabla dinamica de clientes', 0, 0, '0000-00-00 00:00:00', '0000-00-00 00:00:00'),(43, 'Clientes', 'add_cliente', 'Agregar Cliente', 'Permite agergar Clientes y Administrarlos', 0, 0, '0000-00-00 00:00:00', '0000-00-00 00:00:00'),(44, 'Clientes', 'nestable_client', 'Ordenar clientes', 'Clasifica aade y ordena clientes de acuerdo a un aestructura jerarquica', 0, 1, '0000-00-00 00:00:00', '2017-01-23 18:03:02'),(45, 'Clientes', 'add_client_children', 'Agregar clientes dentro de la empresa', 'Permite agregar clientes dentro de la estructura de una empresa establecida', 0, 0, '0000-00-00 00:00:00', '0000-00-00 00:00:00'),(46, 'Clientes', 'ubicacion', 'Define la ubicacion de un cliente', 'Caprtura ubicaciones y direcciones fiscales para un cliente', 0, 0, '0000-00-00 00:00:00', '0000-00-00 00:00:00'),(47, 'Clientes', 'deleteClient', 'Eliminar Cliente', 'Realiza un borrado logico del cliente, antes realiza verificaciones de contenido del cliente como lo son los clientes dependientes, si existen avisa sin eliminar.', 0, 0, '0000-00-00 00:00:00', '0000-00-00 00:00:00'),(48, 'Clientes', 'clientpage', 'Pagina del Usuario - Cliente', 'Muestra una pagina con informacion relativa al Usuario -Cliente', 1, NULL, '2015-10-02 12:22:35', '2015-10-02 11:22:35'),(49, 'Clientes', 'listado', 'Listado y Acciones', 'Muestra el listado de clientes para la empresa con las acciones asociadas a cada usuario', 1, NULL, '2015-10-02 21:56:52', '2015-10-02 20:56:52'),(50, 'Clientes', 'add_direccion', 'Agregar Direccin', 'Agrega una nueva direccin asociada a una empresa o cliente primario', 1, 1, '2015-10-02 23:17:28', '2017-01-23 18:02:43'),(51, 'Clientes', 'tarifas', 'Tarifas', 'Se definen las tarifas por cliente', 1, NULL, '2015-10-03 14:30:08', '2015-10-03 13:30:08'),(52, 'Clientes', 'operador_favorito', 'Operador Favorito', 'Define los operadores por los que los usuarios tienen preferencia', 1, NULL, '2015-10-03 14:37:44', '2015-10-03 13:37:44'),(53, 'Clientes', 'destinos', 'Destinos del cliente', 'Lista los destinos que ha elegido un cliente', 1, NULL, '2015-10-03 14:43:48', '2015-10-03 13:43:48'),(54, 'Clientes', 'origenes', 'Origenes del cliente', 'Lista los origenes de ruta comunes de un cliente', 1, NULL, '2015-10-03 14:50:55', '2015-10-03 13:50:55'),(55, 'Clientes', 'viajes', 'Viajes del cliente', 'Lista los viajes del cliente', 1, NULL, '2015-10-03 14:58:26', '2015-10-03 13:58:26'),(56, 'Clientes', 'finanzas', 'Movimientos financieros', 'Enlista los movimientos financieros de un cliente', 1, NULL, '2015-10-03 15:06:52', '2015-10-03 14:06:52'),(57, 'Clientes', 'anticipos', 'Anticipos', 'Enlista el estado de los pagos anticipados de un cliente', 1, NULL, '2015-10-03 15:09:26', '2015-10-03 14:09:26'),(58, 'Clientes', 'facturas', 'Listado de facturas', 'Muestra el listado de facturs asi como su estado', 1, NULL, '2015-10-03 15:16:11', '2015-10-03 14:16:11'),(59, 'Clientes', 'allthem', 'Muestra todos los clientes', 'Muestra todos los clientes de todas las empresas sin filtros para una busqueda rpida sin importar empresa', 1, 1, '2015-10-03 15:28:43', '2017-01-23 18:03:20'),(60, 'Operadores', 'tarifas', 'Tarifas del operador', 'Establece las tarifas para el operador', 1, 1, '2015-10-05 10:23:53', '2015-10-05 09:25:03'),(61, 'Operadores', 'numero_economico', 'Nmero Econmico', 'Establece el nmero econmico asignado al operador', 1, 1, '2015-10-05 10:24:11', '2017-01-23 18:03:48'),(62, 'Operadores', 'relacionar_autos', 'Asigna automoviles', 'Asigna los automoviles que operar el conductor', 1, 1, '2015-10-05 10:24:18', '2017-01-23 18:04:00'),(63, 'Operadores', 'status_operador', 'Estatus', 'Establece el status para el operador', 1, 1, '2015-10-05 10:24:28', '2015-10-05 09:26:35'),(64, 'Operadores', 'episodios', 'Episodios', 'Muestra episodios ligados a un operador', 1, NULL, '2015-10-05 12:00:13', '2015-10-05 11:00:13'),(65, 'Operadores', 'ingresos', 'Ingresos', 'Muestra los ingresos del operador', 1, NULL, '2015-10-05 12:03:04', '2015-10-05 11:03:04'),(66, 'Operadores', 'favoritos', 'Favoritos', 'Muestra una relacion de los clientes que prefieren a este operador como chofer de confianza o preferido.', 1, NULL, '2015-10-05 12:05:58', '2015-10-05 11:05:58'),(67, 'Operadores', 'egresos', 'Egresos', 'Egresos de los operadores generados como cobros de conceptos por uso, viaticos gastos de operacion en el sistema etc.', 1, NULL, '2015-10-05 12:18:22', '2015-10-05 11:18:22'),(68, 'Operacion', 'index', 'Operacin actualizada', 'Muestra el flujo actualizado de las unidades que estan en progreso o activas asi como sus diferentes estados y  la interactividad con el usuario y operadores en tiempo real.', 1, NULL, '2015-10-05 12:30:59', '2017-01-23 18:13:55'),(69, 'Asentamientos', 'form_general', 'Formulario General', 'Formulario general para establecer los identificadores del asentamiento', 1, NULL, '2015-10-06 15:24:29', '2015-10-06 14:24:29'),(70, 'Asentamientos', 'index', 'Indice', 'Actualmente no tiene una funcin definida y enviar al 404', 1, 1, '2015-10-06 15:25:05', '2017-01-23 18:04:19'),(71, 'Clientes', 'predeterminarUbicacion', 'Predeterminar una ubicacion', 'Establece la ubicacion como predeterminada', 1, 1, '2015-10-07 10:59:39', '2015-10-07 10:00:18'),(72, 'Clientes', 'eliminarUbicacion', 'Eliminar la ubicacion', 'Realiza un borrado logico de la ubicacion', 1, 1, '2015-10-07 10:59:46', '2015-10-07 10:00:39'),(73, 'Mobile', 'index', 'Acceso a celulares para operadores', 'Acceso a la interfaz de celular para operadores', 1, NULL, '2015-10-08 11:46:49', '2015-10-08 10:46:49'),(74, 'Clientes', 'calendario_historico', 'Calendario Historico', 'Muestra un calendario con el historico de viajes del usuario', 1, NULL, '2015-10-14 13:49:15', '2015-10-14 12:49:15'),(75, 'Operacion', 'cordon_kpmg', 'Cordn', 'Muestra los vehiculos que estan formados en el cordon', 1, 1, '2015-10-15 16:43:00', '2017-01-23 18:04:31'),(76, 'Operacion', 'inactivos', 'Vehiculos inactivos en C2', 'Muestra la lista de vehiculos que se pueden activar para c1', 1, 1, '2015-10-15 16:55:38', '2015-10-15 15:55:38'),(77, 'Operacion', 'solicitud', 'Nueva solicitud', 'Formulario para solicitud de unidades vehiculares', 1, NULL, '2015-10-15 17:08:14', '2015-10-15 16:08:14'),(78, 'Telefonia', 'index', 'Listado de telefonos', 'Muestra el listado de telefonos y acciones relacionadas a estos', 1, NULL, '2015-10-16 13:23:50', '2015-10-16 12:23:50'),(79, 'Telefonia', 'nuevo_cel', 'Capturar Nuevo Celular', 'Permite la captura de un nuevo equipo celular', 1, NULL, '2015-10-19 15:21:54', '2015-10-19 14:21:54'),(80, 'Telefonia', 'editar', 'Editar datos', 'Edita datos de los telefonos celulares', 1, NULL, '2015-10-19 16:13:41', '2015-10-19 15:13:41'),(81, 'Telefonia', 'asignar', 'Asignar usuario', 'Asigna el equipo a un usuario', 1, NULL, '2015-10-19 16:18:55', '2015-10-19 15:18:55'),(82, 'Operacion', 'tiempo_base', 'Tiempo a la base', 'Lista de vehiculos que estan en camino a la base', 1, NULL, '2015-10-22 17:53:52', '2015-10-22 16:53:52'),(83, 'Operacion', 'programados', 'Viajes programados', 'Programa viajes a futuro', 1, NULL, '2015-10-22 17:55:34', '2015-10-22 16:55:34'),(84, 'Operadores', 'nueva_tarifa', 'Nueva tarifa', 'permite capturar tarifas para los operadores', 1, NULL, '2015-10-26 13:24:07', '2015-10-26 10:24:07'),(85, 'Operadores', 'tarifas_del', 'Eliminar tarifas', 'Realiza un borrado lgico de la tarifa', 1, 1, '2015-10-26 15:06:46', '2017-01-23 18:04:47'),(86, 'Operacion', 'activos', 'Choferes activos', 'Muestra una lista con los choferes que estn trabajando', 1, 1, '2016-01-14 15:49:45', '2017-01-23 18:04:59'),(87, 'Operacion', 'control', 'Control de viajes', 'Muestra los viajes que estan en progreso', 1, NULL, '2016-01-14 20:41:35', '2016-01-14 19:41:35'),(88, 'Operacion', 'suspendidas', 'Unidades  Suspendidas', 'Muestra un listado con las unidades que se encuentran suspendidas', 1, NULL, '2016-02-03 12:26:20', '2016-02-03 11:26:20'),(89, 'Operacion', 'cordon_ejnal', 'Cordn Ejercito Nacional', 'Muestra los el cordn de la base de Ejercito Nacional', 1, 1, '2016-02-03 12:50:04', '2017-01-23 18:05:14'),(90, 'Operacion', 'unidades_a11', 'Unidades en A11', 'Muestra las unidades que se encuentran en estado A11 (En el punto)', 1, NULL, '2016-02-03 15:02:05', '2016-02-03 14:02:05'),(91, 'Operacion', 'panorama_c1', 'Unidades en C1', 'Muestra un mapa con las ubicaciones de las unidades que se encuentran en C1', 1, 1, '2016-02-03 15:53:20', '2016-02-03 14:53:20'),(92, 'Operacion', 'panorama_c8', 'Unidades en C8', 'Muestra un mapa con las ubicaciones de las unidades que se encuentran en C8', 1, 1, '2016-02-03 15:53:37', '2016-02-03 14:53:37'),(93, 'Operacion', 'panorama_a11', 'Unidades en A11', 'Muestra un mapa con las ubicaciones de las unidades que se encuentran en A11', 1, 1, '2016-02-03 15:53:44', '2016-02-03 14:53:44'),(94, 'Operacion', 'panorama_kpmg', 'Cordon KPMG', 'Muestra un mapa con las ubicaciones de las unidades que se encuentran en el cordn de KPMG', 1, 1, '2016-02-03 15:53:51', '2017-01-23 18:05:30'),(95, 'Operacion', 'panorama_ejnal', 'Cordn Ejercito Nacional', 'Muestra un mapa con las ubicaciones de las unidades que se encuentran en el cordn de la base de Ejercito Nacional', 1, 1, '2016-02-03 15:53:59', '2017-01-23 18:05:42'),(97, 'Operacion', 'panorama_tb', 'Unidades en Tiempo a la Base', 'Muestra un mapa con las ubicaciones de las unidades que se encuentran en Tiempo a la base', 1, 1, '2016-02-03 15:54:14', '2016-02-03 14:54:14'),(98, 'Gps', 'index', 'ndice', 'Muestra el modulo de logger de central car', 1, 1, '2016-02-05 10:14:17', '2017-01-23 18:05:55'),(99, 'Gps', 'logger', 'Logger', 'Muestra el log de todos los telefonos, esta operacion puede ser lenta', 1, NULL, '2016-02-05 10:41:29', '2016-02-05 09:41:29'),(100, 'Gps', 'geolocalizacion', 'Geolocalizacion por GPS', 'Permite geolocalizar una unidad via centralcar app android', 1, NULL, '2016-02-05 14:42:48', '2016-02-05 13:42:48'),(101, 'Gps', 'localizar', 'Localizar unidades en el mapa', 'Permite la localizacin de las unidades en el mapa independientemente de la aplicacion movil, este modulo fue desarrollado para ofrecer una solucin pre-operativa de la aplicacion final', 1, 1, '2016-02-08 18:49:20', '2017-01-23 18:06:18'),(102, 'Bases', 'asignar_bases', 'Asignar Bases', 'Otorga permisos para asignar las bases', 1, NULL, '2016-03-02 11:26:51', '2016-03-02 10:26:51'),(103, 'Gps', 'gps_activo', 'GPS activo', 'Listado de unidades que tienen activa la aplicacin CentralCar y que estn reportando su ubicacin en tiempo real', 1, 1, '2016-03-02 14:11:51', '2017-01-23 18:06:49'),(104, 'Kml', 'genKml', 'Generar ruta KML', 'Genera un archivo de ruta kml en la carpeta temp para su visualizacin', 1, NULL, '2016-03-07 04:52:21', '2017-01-23 18:13:13'),(105, 'Operadores', 'listado_vigente', 'Listado vigente', 'Muestra el listado vigente de los operadores con unidades asignadas y numero de celular', 1, 1, '2016-03-11 01:30:57', '2016-03-11 00:30:57'),(106, 'Pdf', 'resguardo_telefonico', 'Resguardo telefnico', 'Permite descargar el formato de resguardo telefnico', 1, NULL, '2016-03-17 01:50:59', '2017-01-23 18:13:07'),(107, 'Operadores', 'gestion_telefonos', 'Gestion de telefonos', 'Gestiona los telfonos de contacto de los operadores', 1, NULL, '2016-03-18 02:09:42', '2017-01-23 18:12:57'),(108, 'Operadores', 'del_telefono', 'Eliminar telefono', 'Realiza un eliminado logico sobre un telefono de algun operador', 1, NULL, '2016-03-18 02:10:27', '2016-03-17 23:10:27'),(109, 'Operadores', 'inactivar_telefono', 'Inactivar telefono', 'Inactiva un telefono', 1, NULL, '2016-03-18 02:11:06', '2016-03-17 23:11:06'),(110, 'Operadores', 'activar_telefono', 'Activar telefono', 'Vuelve a activar un telefono de contacto', 1, NULL, '2016-03-18 02:11:34', '2016-03-17 23:11:34'),(111, 'Operadores', 'add_telefono', 'Agregar telefono', 'Permite agregar un telfono de contacto', 1, NULL, '2016-03-18 02:12:05', '2017-01-23 18:12:53'),(112, 'Operacion', 'activar_f13', 'Activar F13', 'Activa la salida por sitio cuando el chofer se encuentra en la base', 1, NULL, '2016-03-27 01:35:53', '2016-03-27 01:35:53'),(115, 'Operacion', 'activar_a10', 'Activar A10', 'Activa de forma directa el a10 para la unidad que se encuentra de primero', 1, NULL, '2016-03-30 10:08:32', '2016-03-30 10:08:32'),(116, 'Bases', 'edita_base', 'Edita Base', 'Permite editar una base', 1, NULL, '2016-04-04 00:57:13', '2016-04-04 00:57:13'),(117, 'Operacion', 'mensajeria', 'Mensajera', 'Activa la mensajera con las unidades', 1, NULL, '2016-04-06 19:10:09', '2017-01-23 18:12:48'),(118, 'Operadores', 'gestion_domicilios', 'Gestion de domicilio', 'Permite agregar domicilios a los operadores', 1, NULL, '2016-04-07 18:17:26', '2016-04-07 18:17:26'),(119, 'Operadores', 'add_domicilio', 'Agregar domicilio', 'Permite agregar domicilios para los operadores', 1, 1, '2016-04-07 19:33:03', '2016-04-07 17:33:03'),(120, 'Operadores', 'del_domicilio', 'Eliminar domicilio', 'Realiza un eliminado logico del domicilio del operador', 1, 1, '2016-04-07 19:33:14', '2016-04-07 17:33:14'),(121, 'Operadores', 'activar_domicilio', 'Activar domicilio', 'Permite establecer el estatus de activo para un domicilio del operador', 1, 1, '2016-04-07 19:33:23', '2016-04-07 17:33:23'),(122, 'Operadores', 'inactivar_domicilio', 'Inactivar domicilio', 'Permite establecer el estatus de inactivo para un domicilio del operador', 1, 1, '2016-04-07 19:33:33', '2016-04-07 17:33:33'),(123, 'Operadores', 'ver_telefonos', 'Ver listado de telefonos', 'Permite ver los telfonos de contacto de los operadores en el listado de operadores vigentes', 1, 1, '2016-04-07 22:55:09', '2017-01-23 18:12:42'),(124, 'Operadores', 'ver_direcciones', 'Ver direcciones', 'Permite ver las direcciones de los operadores en el listado de operadores vigentes', 1, 1, '2016-04-07 22:55:19', '2016-04-07 20:55:19'),(125, 'Usuarios', 'logueados', 'Logueados', 'Muestra los usuarios que tienen una sessin abierta actual', 1, NULL, '2016-04-13 13:56:42', '2017-01-23 18:10:35'),(126, 'Login', 'force_sign_out', 'Forzar Deslogueo del sistema', 'Forza la salida del usuario deslogueandolo del sistema', 1, NULL, '2016-04-13 18:54:04', '2016-04-13 18:54:04'),(127, 'Operadores', 'historia', 'Historia', 'Muestra la actividad histrica de un operador', 1, NULL, '2016-04-22 22:34:56', '2017-01-23 18:10:28'),(128, 'Login', 'force_all_sign_out', 'Forzar el deslogueo glabal', 'Elimina las sesiones de todos los usuarios y provoca una nueva solicitud de logueo', 1, NULL, '2016-05-09 18:05:18', '2016-05-09 18:05:18'),(129, 'Login', 'switch_login_op', 'Deshabilita y habilita el logueo de los peradores', 'Permite permutar entre permitir el logueo y des habilitar el logueo de los operadores', 1, 1, '2016-05-10 02:24:20', '2016-05-28 22:47:47'),(130, 'Operacion', 'enlazados', 'Enlazados', 'Muestra a los operadores enlazados en tiempo real', 1, NULL, '2016-05-16 21:50:30', '2016-05-16 21:50:30'),(131, 'Operacion', 'broadcast_all', 'Emitir a todos', 'Enva un mensaje global a todos los operadores (Que estn enlazados)', 1, NULL, '2016-05-16 23:18:41', '2017-01-23 18:10:18'),(132, 'Operacion', 'check_standinLine', 'Lista de verificacin de ingreso al cordon', 'Verifica todos los puntos que un operador debe cubrir para ingresar al cordn', 1, NULL, '2016-05-17 17:37:42', '2017-01-23 18:09:55'),(133, 'Operadores', 'set_page_remotly', 'Establecer pgina remotamente', 'Permite cambiar de forma remota la pantalla del operador para poder dar soporte cuando el operador se encuentre en una situacin tal que no le permita la aplicacin cambiar el estado actual del mismo.', 1, NULL, '2016-05-18 15:33:37', '2017-01-23 18:09:50'),(134, 'Operacion', 'panorama_kpmg_cordon', 'Mapa de cordon KPMG', 'Muestra el cordn en el mapa para la geocerca especificada', 1, NULL, '2016-06-16 11:14:50', '2017-01-23 18:09:41'),(135, 'Operacion', 'panorama_ejnal_cordon', 'mapear cordon de ejercito nacional', 'Muestra las unidades que estn en cordn en un mapa', 1, NULL, '2016-06-16 11:48:34', '2017-01-23 18:09:36'),(136, 'Clientes', 'editar', 'Editar clientes', 'Permite la edicin de la informacin de un cliente', 1, NULL, '2016-06-17 12:41:17', '2017-01-23 18:09:25'),(137, 'Catalogo', 'index', 'Indice', 'Lista el catalogo de claves ', 1, NULL, '2016-06-17 18:29:49', '2016-06-17 12:29:49'),(138, 'Catalogo', 'editar_catalogo', 'Edita los elementos del catalogo', 'Muestra un a modal que permite la edicin de un elemento del catalogo seleccionado', 1, 1, '2016-06-17 18:52:32', '2017-01-23 18:09:15'),(139, 'Catalogo', 'eliminar_elemento', 'Eliminar elemento de catalogo', 'Permite eliminar un elemento del catalogo', 1, NULL, '2016-06-17 23:46:29', '2016-06-17 17:46:29'),(140, 'Catalogo', 'add_elemento', 'Agrega un nuevo elemento', 'Agrega un nuevo elemento al catalogo', 1, NULL, '2016-06-18 00:19:02', '2016-06-17 18:19:02'),(141, 'Operacion', 'listado_completados', 'Listado completados', 'Muestra un listado de los viajes que tuvieron una salida inmediata y que fueron completados', 1, NULL, '2016-10-30 16:14:10', '2016-10-30 10:14:10'),(142, 'Operacion', 'listado_cancelados', 'Listado cancelados', 'Muestra un listado de los viajes que tuvieron una salida inmediata y que fueron cancelados', 1, 1, '2016-10-30 16:14:32', '2016-10-30 10:14:43'),(143, 'Clientes', 'showtarifas', 'Mostrar Tarifas', 'Muestra una lista con todas las tarifas existentes de todos los clientes, sin acciones', 1, NULL, '2016-12-11 22:38:38', '2016-12-11 16:38:38'),(144, 'Mobile', 'websockets_control', 'Control de Websockets', 'Permite activar las tareas cronometradas para ahorrar el recurso de websockets, afecta todos los trabajos de cronjob', 1, NULL, '2016-12-12 21:10:18', '2016-12-12 15:10:18'),(145, 'Usuarios', 'posesion', 'Tomar posesion', 'Toma posesin de un usuario para tomar control de su cuenta y diagnosticar errores en la aplicacin mvil ', 1, 1, '2016-12-21 04:06:05', '2017-01-23 18:07:16'),(146, 'Operacion', 'activar_c1', 'Activar C1', 'Activa un operador que esta en C2 y lo setea a C1 (inicio de labores)', 1, NULL, '2017-05-23 21:13:25', '2017-05-23 20:13:25'),(147, 'Operacion', 'activar_c2', 'Activar C2', 'Inactiva un operador que esta en C1 y lo setea a C2 (fin de labores), finaliza el episodio', 1, 1, '2017-05-24 00:45:14', '2017-05-23 23:46:33'),(148, 'Operacion', 'activar_f6', 'Activar F6', 'Suspende a un operador', 1, NULL, '2017-05-24 01:40:45', '2017-05-24 00:40:45'),(149, 'Operacion', 'desactivar_f06', 'Desactivar F6', 'Reintegra a un operador suspendido', 1, NULL, '2017-05-24 01:54:37', '2017-05-24 00:54:37'),(150, 'Egresosoperador', 'index', 'ndice', 'Default Egresos del operador', 1, NULL, '2017-06-03 01:00:45', '2017-06-03 01:00:45'),(151, 'Egresosoperador', 'add_concepto', 'Agregar Concepto', 'Agrega un concepto de cobro para aplicarse a los operadores', 1, NULL, '2017-06-03 01:37:43', '2017-06-03 01:37:43'),(152, 'Ingresosoperador', 'index', 'ndice', 'Muestra los viajes pendientes por cada operador', 1, NULL, '2017-06-06 15:42:39', '2017-06-06 15:42:39'),(153, 'Sistema', 'index', 'ndice', 'Pagina principal para la configuracin de variables del sistema', 1, NULL, '2017-06-14 15:45:49', '2017-06-14 15:45:49'),(154, 'Operacion', 'costos_adicionales', 'Costos Adicionales', 'Derechos de modificacin para el alta de costos sobre servicios adicionales', 1, NULL, '2017-06-15 00:20:38', '2017-06-15 00:20:38'),(155, 'Operadores', 'comisiones', 'Comisiones', 'Establece o modifica la comisin que se establece a los operadores', 1, NULL, '2017-06-20 18:12:19', '2017-06-20 18:12:19');
UNLOCK TABLES;
COMMIT;
BEGIN;
LOCK TABLES `centralcar`.`fw_nivel` WRITE;
DELETE FROM `centralcar`.`fw_nivel`;
INSERT INTO `centralcar`.`fw_nivel` (`id_nivel`,`id_origen`,`origen`,`nivel`,`n0`,`n1`,`n2`,`n3`,`n4`,`n5`,`n6`,`n7`,`n8`,`n9`,`user_alta`,`user_mod`,`fecha_alta`,`fecha_mod`) VALUES (1, 1, 'cl_clientes', 0, 1, 0, 0, 0, 0, 0, 0, 0, 0, 0, 2, NULL, '2017-01-22 21:08:07', '2017-01-22 21:08:07'),(2, 2, 'cl_clientes', 0, 2, 0, 0, 0, 0, 0, 0, 0, 0, 0, 2, NULL, '2017-01-22 21:11:35', '2017-01-22 21:11:35'),(3, 3, 'cl_clientes', 0, 3, 0, 0, 0, 0, 0, 0, 0, 0, 0, 2, NULL, '2017-01-22 21:12:02', '2017-01-22 21:12:02'),(4, 4, 'cl_clientes', 0, 4, 0, 0, 0, 0, 0, 0, 0, 0, 0, 2, NULL, '2017-01-22 21:12:46', '2017-01-22 21:12:46'),(5, 5, 'cl_clientes', 0, 5, 0, 0, 0, 0, 0, 0, 0, 0, 0, 2, NULL, '2017-01-22 21:13:19', '2017-01-22 21:13:19'),(6, 6, 'cl_clientes', 0, 6, 0, 0, 0, 0, 0, 0, 0, 0, 0, 132, NULL, '2017-01-22 21:26:13', '2017-01-22 21:26:13'),(7, 7, 'cl_clientes', 0, 7, 0, 0, 0, 0, 0, 0, 0, 0, 0, 132, NULL, '2017-01-22 21:27:46', '2017-01-22 21:27:46'),(8, 8, 'cl_clientes', 0, 8, 0, 0, 0, 0, 0, 0, 0, 0, 0, 132, NULL, '2017-01-22 21:28:46', '2017-01-22 21:28:46'),(9, 9, 'cl_clientes', 0, 9, 0, 0, 0, 0, 0, 0, 0, 0, 0, 132, NULL, '2017-01-22 21:29:19', '2017-01-22 21:29:19'),(10, 10, 'cl_clientes', 0, 10, 0, 0, 0, 0, 0, 0, 0, 0, 0, 132, NULL, '2017-01-22 21:34:51', '2017-01-22 21:34:51'),(11, 11, 'cl_clientes', 0, 11, 0, 0, 0, 0, 0, 0, 0, 0, 0, 132, NULL, '2017-01-22 21:35:12', '2017-01-22 21:35:12'),(12, 12, 'cl_clientes', 0, 12, 0, 0, 0, 0, 0, 0, 0, 0, 0, 132, NULL, '2017-01-22 21:35:41', '2017-01-22 21:35:41'),(13, 13, 'cl_clientes', 0, 13, 0, 0, 0, 0, 0, 0, 0, 0, 0, 132, NULL, '2017-01-22 21:37:26', '2017-01-22 21:37:26'),(14, 14, 'cl_clientes', 0, 14, 0, 0, 0, 0, 0, 0, 0, 0, 0, 132, NULL, '2017-01-22 21:46:59', '2017-01-22 21:46:59'),(15, 15, 'cl_clientes', 0, 15, 0, 0, 0, 0, 0, 0, 0, 0, 0, 132, NULL, '2017-01-22 21:50:22', '2017-01-22 21:50:22'),(16, 16, 'cl_clientes', 0, 16, 0, 0, 0, 0, 0, 0, 0, 0, 0, 132, NULL, '2017-01-22 21:51:03', '2017-01-22 21:51:03'),(17, 17, 'cl_clientes', 0, 17, 0, 0, 0, 0, 0, 0, 0, 0, 0, 132, NULL, '2017-01-22 21:51:26', '2017-01-22 21:51:26'),(18, 18, 'cl_clientes', 0, 18, 0, 0, 0, 0, 0, 0, 0, 0, 0, 132, NULL, '2017-01-22 21:51:51', '2017-01-22 21:51:51'),(19, 19, 'cl_clientes', 0, 19, 0, 0, 0, 0, 0, 0, 0, 0, 0, 132, NULL, '2017-01-22 21:52:12', '2017-01-22 21:52:12'),(20, 20, 'cl_clientes', 0, 20, 0, 0, 0, 0, 0, 0, 0, 0, 0, 132, NULL, '2017-01-22 21:52:45', '2017-01-22 21:52:45'),(21, 21, 'cl_clientes', 0, 21, 0, 0, 0, 0, 0, 0, 0, 0, 0, 132, NULL, '2017-01-22 21:53:46', '2017-01-22 21:53:46'),(22, 22, 'cl_clientes', 0, 22, 0, 0, 0, 0, 0, 0, 0, 0, 0, 132, NULL, '2017-01-22 21:54:10', '2017-01-22 21:54:10'),(23, 23, 'cl_clientes', 0, 23, 0, 0, 0, 0, 0, 0, 0, 0, 0, 132, NULL, '2017-01-22 21:55:09', '2017-01-22 21:55:09'),(24, 24, 'cl_clientes', 0, 24, 0, 0, 0, 0, 0, 0, 0, 0, 0, 132, NULL, '2017-01-22 21:55:51', '2017-01-22 21:55:51'),(25, 25, 'cl_clientes', 0, 25, 0, 0, 0, 0, 0, 0, 0, 0, 0, 132, NULL, '2017-01-22 21:56:33', '2017-01-22 21:56:33'),(26, 26, 'cl_clientes', 0, 26, 0, 0, 0, 0, 0, 0, 0, 0, 0, 132, NULL, '2017-01-22 21:56:58', '2017-01-22 21:56:58'),(27, 27, 'cl_clientes', 0, 27, 0, 0, 0, 0, 0, 0, 0, 0, 0, 132, NULL, '2017-01-22 21:58:01', '2017-01-22 21:58:01'),(28, 28, 'cl_clientes', 0, 28, 0, 0, 0, 0, 0, 0, 0, 0, 0, 132, NULL, '2017-01-22 21:58:28', '2017-01-22 21:58:28'),(29, 29, 'cl_clientes', 0, 29, 0, 0, 0, 0, 0, 0, 0, 0, 0, 132, NULL, '2017-01-22 22:08:44', '2017-01-22 22:08:44'),(30, 30, 'cl_clientes', 0, 30, 0, 0, 0, 0, 0, 0, 0, 0, 0, 132, NULL, '2017-01-22 22:08:57', '2017-01-22 22:08:57'),(31, 31, 'cl_clientes', 0, 31, 0, 0, 0, 0, 0, 0, 0, 0, 0, 132, NULL, '2017-01-22 22:09:32', '2017-01-22 22:09:32'),(32, 32, 'cl_clientes', 0, 32, 0, 0, 0, 0, 0, 0, 0, 0, 0, 132, NULL, '2017-01-22 22:09:56', '2017-01-22 22:09:56'),(33, 33, 'cl_clientes', 0, 33, 0, 0, 0, 0, 0, 0, 0, 0, 0, 132, NULL, '2017-01-22 22:10:16', '2017-01-22 22:10:16'),(34, 34, 'cl_clientes', 0, 34, 0, 0, 0, 0, 0, 0, 0, 0, 0, 132, NULL, '2017-01-22 22:15:22', '2017-01-22 22:15:22'),(35, 35, 'cl_clientes', 0, 35, 0, 0, 0, 0, 0, 0, 0, 0, 0, 132, NULL, '2017-01-22 22:16:10', '2017-01-22 22:16:10'),(36, 36, 'cl_clientes', 0, 36, 0, 0, 0, 0, 0, 0, 0, 0, 0, 132, NULL, '2017-01-22 22:18:59', '2017-01-22 22:18:59'),(37, 37, 'cl_clientes', 0, 37, 0, 0, 0, 0, 0, 0, 0, 0, 0, 50, NULL, '2017-01-23 08:35:01', '2017-01-23 08:35:01'),(38, 38, 'cl_clientes', 1, 25, 38, 0, 0, 0, 0, 0, 0, 0, 0, 50, NULL, '2017-01-23 08:36:53', '2017-01-23 08:36:53'),(39, 39, 'cl_clientes', 1, 25, 39, 0, 0, 0, 0, 0, 0, 0, 0, 50, NULL, '2017-01-23 08:37:09', '2017-01-23 08:37:09'),(40, 40, 'cl_clientes', 1, 25, 40, 0, 0, 0, 0, 0, 0, 0, 0, 50, NULL, '2017-01-23 08:37:40', '2017-01-23 08:37:40'),(41, 41, 'cl_clientes', 1, 37, 41, 0, 0, 0, 0, 0, 0, 0, 0, 50, NULL, '2017-01-23 08:38:27', '2017-01-23 08:38:27'),(42, 42, 'cl_clientes', 1, 37, 42, 0, 0, 0, 0, 0, 0, 0, 0, 50, NULL, '2017-01-23 08:38:42', '2017-01-23 08:38:42'),(43, 43, 'cl_clientes', 1, 5, 43, 0, 0, 0, 0, 0, 0, 0, 0, 2, 49, '2017-01-23 18:12:50', '2017-07-08 20:10:13'),(44, 44, 'cl_clientes', 0, 44, 0, 0, 0, 0, 0, 0, 0, 0, 0, 2, NULL, '2017-01-24 19:43:38', '2017-01-24 19:43:38'),(45, 45, 'cl_clientes', 0, 45, 0, 0, 0, 0, 0, 0, 0, 0, 0, 50, NULL, '2017-02-23 11:46:20', '2017-02-23 11:46:20'),(46, 46, 'cl_clientes', 0, 46, 0, 0, 0, 0, 0, 0, 0, 0, 0, 50, NULL, '2017-02-23 11:47:43', '2017-02-23 11:47:43'),(47, 47, 'cl_clientes', 0, 47, 0, 0, 0, 0, 0, 0, 0, 0, 0, 50, NULL, '2017-02-23 11:49:49', '2017-02-23 11:49:49'),(48, 48, 'cl_clientes', 1, 25, 48, 0, 0, 0, 0, 0, 0, 0, 0, 50, NULL, '2017-02-27 07:02:11', '2017-02-27 07:02:11'),(49, 49, 'cl_clientes', 1, 25, 49, 0, 0, 0, 0, 0, 0, 0, 0, 50, NULL, '2017-02-27 07:03:11', '2017-02-27 07:03:11'),(50, 50, 'cl_clientes', 1, 25, 50, 0, 0, 0, 0, 0, 0, 0, 0, 50, NULL, '2017-02-27 07:29:54', '2017-02-27 07:29:54'),(51, 51, 'cl_clientes', 1, 45, 51, 0, 0, 0, 0, 0, 0, 0, 0, 50, NULL, '2017-02-27 08:08:03', '2017-02-27 08:08:03'),(52, 52, 'cl_clientes', 1, 3, 52, 0, 0, 0, 0, 0, 0, 0, 0, 50, NULL, '2017-02-27 09:10:01', '2017-02-27 09:10:01'),(53, 53, 'cl_clientes', 1, 3, 53, 0, 0, 0, 0, 0, 0, 0, 0, 50, NULL, '2017-02-27 09:19:06', '2017-02-27 09:19:06'),(54, 54, 'cl_clientes', 1, 7, 54, 0, 0, 0, 0, 0, 0, 0, 0, 50, NULL, '2017-02-27 11:19:26', '2017-02-27 11:19:26'),(55, 55, 'cl_clientes', 1, 33, 55, 0, 0, 0, 0, 0, 0, 0, 0, 1, NULL, '2017-02-27 11:22:31', '2017-02-27 11:22:31'),(56, 56, 'cl_clientes', 1, 12, 56, 0, 0, 0, 0, 0, 0, 0, 0, 50, NULL, '2017-02-27 11:23:22', '2017-02-27 11:23:22'),(57, 57, 'cl_clientes', 1, 12, 57, 0, 0, 0, 0, 0, 0, 0, 0, 50, NULL, '2017-02-27 11:29:56', '2017-02-27 11:29:56'),(58, 58, 'cl_clientes', 1, 24, 58, 0, 0, 0, 0, 0, 0, 0, 0, 50, NULL, '2017-02-27 11:44:02', '2017-02-27 11:44:02'),(59, 59, 'cl_clientes', 1, 9, 59, 0, 0, 0, 0, 0, 0, 0, 0, 50, NULL, '2017-02-27 12:03:53', '2017-02-27 12:03:53'),(60, 60, 'cl_clientes', 1, 2, 60, 0, 0, 0, 0, 0, 0, 0, 0, 49, 49, '2017-07-08 20:02:07', '2017-07-08 20:04:12'),(61, 61, 'cl_clientes', 1, 5, 61, 0, 0, 0, 0, 0, 0, 0, 0, 49, 49, '2017-07-08 20:10:33', '2017-07-09 00:25:26'),(62, 62, 'cl_clientes', 1, 5, 62, 0, 0, 0, 0, 0, 0, 0, 0, 49, 49, '2017-07-08 20:13:04', '2017-07-09 00:25:26'),(63, 63, 'cl_clientes', 1, 5, 63, 0, 0, 0, 0, 0, 0, 0, 0, 49, 49, '2017-07-08 20:14:08', '2017-07-09 00:25:26'),(64, 64, 'cl_clientes', 1, 5, 64, 0, 0, 0, 0, 0, 0, 0, 0, 49, 49, '2017-07-08 20:35:58', '2017-07-09 00:25:26'),(65, 65, 'cl_clientes', 1, 5, 65, 0, 0, 0, 0, 0, 0, 0, 0, 49, 49, '2017-07-08 20:36:39', '2017-07-09 00:25:26'),(66, 66, 'cl_clientes', 1, 5, 66, 0, 0, 0, 0, 0, 0, 0, 0, 49, 49, '2017-07-08 20:36:56', '2017-07-09 00:25:26'),(67, 67, 'cl_clientes', 1, 5, 67, 0, 0, 0, 0, 0, 0, 0, 0, 49, 49, '2017-07-08 20:37:37', '2017-07-08 20:41:30'),(68, 68, 'cl_clientes', 1, 5, 68, 0, 0, 0, 0, 0, 0, 0, 0, 49, 49, '2017-07-08 20:38:11', '2017-07-09 00:25:26'),(69, 69, 'cl_clientes', 1, 5, 69, 0, 0, 0, 0, 0, 0, 0, 0, 49, 49, '2017-07-08 21:16:05', '2017-07-09 00:25:26'),(70, 70, 'cl_clientes', 1, 5, 70, 0, 0, 0, 0, 0, 0, 0, 0, 49, 49, '2017-07-08 21:17:02', '2017-07-08 23:13:58'),(71, 71, 'cl_clientes', 1, 5, 71, 0, 0, 0, 0, 0, 0, 0, 0, 49, 49, '2017-07-08 21:45:42', '2017-07-09 00:25:26'),(72, 72, 'cl_clientes', 1, 5, 72, 0, 0, 0, 0, 0, 0, 0, 0, 49, 49, '2017-07-08 21:46:00', '2017-07-09 00:25:26'),(73, 73, 'cl_clientes', 1, 5, 73, 0, 0, 0, 0, 0, 0, 0, 0, 49, 49, '2017-07-08 22:30:18', '2017-07-09 00:25:26'),(74, 74, 'cl_clientes', 1, 5, 74, 0, 0, 0, 0, 0, 0, 0, 0, 49, 49, '2017-07-08 22:34:22', '2017-07-09 00:25:26'),(75, 75, 'cl_clientes', 1, 5, 75, 0, 0, 0, 0, 0, 0, 0, 0, 49, 49, '2017-07-08 22:35:57', '2017-07-09 00:25:26'),(76, 76, 'cl_clientes', 1, 5, 76, 0, 0, 0, 0, 0, 0, 0, 0, 49, 49, '2017-07-08 22:40:48', '2017-07-09 00:25:26'),(77, 77, 'cl_clientes', 1, 5, 77, 0, 0, 0, 0, 0, 0, 0, 0, 49, 49, '2017-07-08 22:41:18', '2017-07-09 00:25:26'),(78, 78, 'cl_clientes', 1, 5, 78, 0, 0, 0, 0, 0, 0, 0, 0, 49, 49, '2017-07-08 22:43:42', '2017-07-09 00:25:26'),(79, 79, 'cl_clientes', 1, 5, 79, 0, 0, 0, 0, 0, 0, 0, 0, 49, 49, '2017-07-08 22:44:45', '2017-07-09 00:25:26'),(80, 80, 'cl_clientes', 1, 5, 80, 0, 0, 0, 0, 0, 0, 0, 0, 49, 49, '2017-07-08 22:46:01', '2017-07-09 00:25:26'),(81, 81, 'cl_clientes', 1, 5, 81, 0, 0, 0, 0, 0, 0, 0, 0, 49, 49, '2017-07-08 22:46:29', '2017-07-09 00:25:26'),(82, 82, 'cl_clientes', 1, 5, 82, 0, 0, 0, 0, 0, 0, 0, 0, 49, 49, '2017-07-08 22:47:17', '2017-07-09 00:25:26'),(83, 83, 'cl_clientes', 1, 5, 83, 0, 0, 0, 0, 0, 0, 0, 0, 49, 49, '2017-07-08 22:47:32', '2017-07-09 00:25:26'),(84, 84, 'cl_clientes', 1, 5, 84, 0, 0, 0, 0, 0, 0, 0, 0, 49, 49, '2017-07-08 22:48:06', '2017-07-09 00:25:26'),(85, 85, 'cl_clientes', 1, 5, 85, 0, 0, 0, 0, 0, 0, 0, 0, 49, 49, '2017-07-08 22:48:35', '2017-07-09 00:25:26'),(86, 86, 'cl_clientes', 1, 5, 86, 0, 0, 0, 0, 0, 0, 0, 0, 49, 49, '2017-07-08 22:48:52', '2017-07-09 00:25:26'),(87, 87, 'cl_clientes', 1, 5, 87, 0, 0, 0, 0, 0, 0, 0, 0, 49, 49, '2017-07-08 22:50:27', '2017-07-09 00:25:26'),(88, 88, 'cl_clientes', 1, 5, 88, 0, 0, 0, 0, 0, 0, 0, 0, 49, 49, '2017-07-08 22:51:01', '2017-07-09 00:25:26'),(89, 89, 'cl_clientes', 1, 5, 89, 0, 0, 0, 0, 0, 0, 0, 0, 49, 49, '2017-07-08 22:51:47', '2017-07-09 00:25:26'),(90, 90, 'cl_clientes', 1, 5, 90, 0, 0, 0, 0, 0, 0, 0, 0, 49, 49, '2017-07-08 22:52:17', '2017-07-09 00:25:26'),(91, 91, 'cl_clientes', 1, 5, 91, 0, 0, 0, 0, 0, 0, 0, 0, 49, 49, '2017-07-08 22:53:16', '2017-07-09 00:25:26'),(92, 92, 'cl_clientes', 1, 5, 92, 0, 0, 0, 0, 0, 0, 0, 0, 49, 49, '2017-07-08 22:53:51', '2017-07-09 00:25:26'),(93, 93, 'cl_clientes', 1, 5, 93, 0, 0, 0, 0, 0, 0, 0, 0, 49, 49, '2017-07-08 22:54:04', '2017-07-09 00:25:26'),(94, 94, 'cl_clientes', 1, 5, 94, 0, 0, 0, 0, 0, 0, 0, 0, 49, 49, '2017-07-08 23:03:08', '2017-07-09 00:25:26'),(95, 95, 'cl_clientes', 1, 5, 95, 0, 0, 0, 0, 0, 0, 0, 0, 49, NULL, '2017-07-08 23:07:43', '2017-07-08 23:07:43'),(96, 96, 'cl_clientes', 1, 5, 96, 0, 0, 0, 0, 0, 0, 0, 0, 49, NULL, '2017-07-08 23:08:27', '2017-07-08 23:08:27'),(97, 97, 'cl_clientes', 1, 5, 97, 0, 0, 0, 0, 0, 0, 0, 0, 49, NULL, '2017-07-08 23:09:10', '2017-07-08 23:09:10'),(98, 98, 'cl_clientes', 1, 5, 98, 0, 0, 0, 0, 0, 0, 0, 0, 49, NULL, '2017-07-08 23:10:42', '2017-07-08 23:10:42'),(99, 99, 'cl_clientes', 1, 5, 99, 0, 0, 0, 0, 0, 0, 0, 0, 49, NULL, '2017-07-08 23:11:03', '2017-07-08 23:11:03'),(100, 100, 'cl_clientes', 1, 5, 100, 0, 0, 0, 0, 0, 0, 0, 0, 49, NULL, '2017-07-08 23:11:47', '2017-07-08 23:11:47'),(101, 101, 'cl_clientes', 1, 5, 101, 0, 0, 0, 0, 0, 0, 0, 0, 49, NULL, '2017-07-08 23:12:31', '2017-07-08 23:12:31'),(102, 102, 'cl_clientes', 1, 5, 102, 0, 0, 0, 0, 0, 0, 0, 0, 49, NULL, '2017-07-08 23:13:13', '2017-07-08 23:13:13'),(103, 103, 'cl_clientes', 1, 5, 103, 0, 0, 0, 0, 0, 0, 0, 0, 49, NULL, '2017-07-08 23:13:30', '2017-07-08 23:13:30'),(104, 104, 'cl_clientes', 1, 5, 104, 0, 0, 0, 0, 0, 0, 0, 0, 49, NULL, '2017-07-08 23:14:23', '2017-07-08 23:14:23'),(105, 105, 'cl_clientes', 1, 5, 105, 0, 0, 0, 0, 0, 0, 0, 0, 49, NULL, '2017-07-08 23:17:27', '2017-07-08 23:17:27'),(106, 106, 'cl_clientes', 1, 5, 106, 0, 0, 0, 0, 0, 0, 0, 0, 49, NULL, '2017-07-08 23:18:35', '2017-07-08 23:18:35'),(107, 107, 'cl_clientes', 1, 5, 107, 0, 0, 0, 0, 0, 0, 0, 0, 49, NULL, '2017-07-08 23:19:33', '2017-07-08 23:19:33'),(108, 108, 'cl_clientes', 1, 5, 108, 0, 0, 0, 0, 0, 0, 0, 0, 49, 49, '2017-07-08 23:20:23', '2017-07-08 23:20:43'),(109, 109, 'cl_clientes', 1, 5, 109, 0, 0, 0, 0, 0, 0, 0, 0, 49, NULL, '2017-07-08 23:25:37', '2017-07-08 23:25:37'),(110, 110, 'cl_clientes', 1, 5, 110, 0, 0, 0, 0, 0, 0, 0, 0, 49, NULL, '2017-07-08 23:28:02', '2017-07-08 23:28:02'),(111, 111, 'cl_clientes', 1, 5, 111, 0, 0, 0, 0, 0, 0, 0, 0, 49, NULL, '2017-07-08 23:28:55', '2017-07-08 23:28:55'),(112, 112, 'cl_clientes', 1, 5, 112, 0, 0, 0, 0, 0, 0, 0, 0, 49, NULL, '2017-07-08 23:30:16', '2017-07-08 23:30:16'),(113, 113, 'cl_clientes', 1, 5, 113, 0, 0, 0, 0, 0, 0, 0, 0, 49, NULL, '2017-07-08 23:31:17', '2017-07-08 23:31:17'),(114, 114, 'cl_clientes', 1, 2, 114, 0, 0, 0, 0, 0, 0, 0, 0, 49, NULL, '2017-07-09 00:28:00', '2017-07-09 00:28:00'),(115, 115, 'cl_clientes', 1, 2, 115, 0, 0, 0, 0, 0, 0, 0, 0, 49, NULL, '2017-07-09 00:28:21', '2017-07-09 00:28:21'),(116, 116, 'cl_clientes', 1, 2, 116, 0, 0, 0, 0, 0, 0, 0, 0, 49, NULL, '2017-07-09 00:28:41', '2017-07-09 00:28:41'),(117, 117, 'cl_clientes', 1, 2, 117, 0, 0, 0, 0, 0, 0, 0, 0, 49, NULL, '2017-07-09 00:28:58', '2017-07-09 00:28:58'),(118, 118, 'cl_clientes', 1, 2, 118, 0, 0, 0, 0, 0, 0, 0, 0, 49, NULL, '2017-07-09 00:30:15', '2017-07-09 00:30:15'),(119, 119, 'cl_clientes', 1, 2, 119, 0, 0, 0, 0, 0, 0, 0, 0, 49, NULL, '2017-07-09 00:30:40', '2017-07-09 00:30:40'),(120, 120, 'cl_clientes', 1, 2, 120, 0, 0, 0, 0, 0, 0, 0, 0, 49, NULL, '2017-07-09 00:30:54', '2017-07-09 00:30:54'),(121, 121, 'cl_clientes', 1, 2, 121, 0, 0, 0, 0, 0, 0, 0, 0, 49, NULL, '2017-07-09 00:32:41', '2017-07-09 00:32:41'),(122, 122, 'cl_clientes', 1, 2, 122, 0, 0, 0, 0, 0, 0, 0, 0, 49, NULL, '2017-07-09 00:33:03', '2017-07-09 00:33:03'),(123, 123, 'cl_clientes', 1, 2, 123, 0, 0, 0, 0, 0, 0, 0, 0, 49, NULL, '2017-07-09 00:33:23', '2017-07-09 00:33:23'),(124, 124, 'cl_clientes', 1, 2, 124, 0, 0, 0, 0, 0, 0, 0, 0, 49, NULL, '2017-07-09 00:33:53', '2017-07-09 00:33:53'),(125, 125, 'cl_clientes', 1, 2, 125, 0, 0, 0, 0, 0, 0, 0, 0, 49, NULL, '2017-07-09 00:34:46', '2017-07-09 00:34:46'),(126, 126, 'cl_clientes', 1, 2, 126, 0, 0, 0, 0, 0, 0, 0, 0, 49, NULL, '2017-07-09 00:36:03', '2017-07-09 00:36:03'),(127, 127, 'cl_clientes', 1, 2, 127, 0, 0, 0, 0, 0, 0, 0, 0, 49, NULL, '2017-07-09 00:36:29', '2017-07-09 00:36:29'),(128, 128, 'cl_clientes', 1, 2, 128, 0, 0, 0, 0, 0, 0, 0, 0, 49, NULL, '2017-07-09 00:37:39', '2017-07-09 00:37:39'),(129, 129, 'cl_clientes', 1, 2, 129, 0, 0, 0, 0, 0, 0, 0, 0, 49, NULL, '2017-07-09 00:38:18', '2017-07-09 00:38:18'),(130, 130, 'cl_clientes', 1, 2, 130, 0, 0, 0, 0, 0, 0, 0, 0, 49, NULL, '2017-07-09 00:39:04', '2017-07-09 00:39:04'),(131, 131, 'cl_clientes', 1, 2, 131, 0, 0, 0, 0, 0, 0, 0, 0, 49, NULL, '2017-07-09 00:39:59', '2017-07-09 00:39:59'),(132, 132, 'cl_clientes', 1, 2, 132, 0, 0, 0, 0, 0, 0, 0, 0, 49, NULL, '2017-07-09 00:40:32', '2017-07-09 00:40:32'),(133, 133, 'cl_clientes', 1, 2, 133, 0, 0, 0, 0, 0, 0, 0, 0, 49, NULL, '2017-07-09 00:41:27', '2017-07-09 00:41:27'),(134, 134, 'cl_clientes', 1, 2, 134, 0, 0, 0, 0, 0, 0, 0, 0, 49, NULL, '2017-07-09 00:42:30', '2017-07-09 00:42:30'),(135, 135, 'cl_clientes', 1, 2, 135, 0, 0, 0, 0, 0, 0, 0, 0, 49, NULL, '2017-07-09 00:42:55', '2017-07-09 00:42:55'),(136, 136, 'cl_clientes', 1, 2, 136, 0, 0, 0, 0, 0, 0, 0, 0, 49, NULL, '2017-07-09 00:43:20', '2017-07-09 00:43:20'),(137, 137, 'cl_clientes', 1, 5, 137, 0, 0, 0, 0, 0, 0, 0, 0, 49, NULL, '2017-07-09 00:46:48', '2017-07-09 00:46:48'),(138, 138, 'cl_clientes', 1, 5, 138, 0, 0, 0, 0, 0, 0, 0, 0, 49, NULL, '2017-07-09 00:47:25', '2017-07-09 00:47:25'),(139, 139, 'cl_clientes', 1, 5, 139, 0, 0, 0, 0, 0, 0, 0, 0, 49, NULL, '2017-07-09 00:47:55', '2017-07-09 00:47:55'),(140, 140, 'cl_clientes', 1, 5, 140, 0, 0, 0, 0, 0, 0, 0, 0, 49, NULL, '2017-07-09 00:48:43', '2017-07-09 00:48:43'),(141, 141, 'cl_clientes', 1, 5, 141, 0, 0, 0, 0, 0, 0, 0, 0, 49, NULL, '2017-07-09 00:50:10', '2017-07-09 00:50:10'),(142, 142, 'cl_clientes', 1, 5, 142, 0, 0, 0, 0, 0, 0, 0, 0, 49, NULL, '2017-07-09 00:51:08', '2017-07-09 00:51:08'),(143, 143, 'cl_clientes', 1, 5, 143, 0, 0, 0, 0, 0, 0, 0, 0, 49, NULL, '2017-07-09 00:52:10', '2017-07-09 00:52:10'),(144, 144, 'cl_clientes', 1, 5, 144, 0, 0, 0, 0, 0, 0, 0, 0, 49, NULL, '2017-07-09 00:53:30', '2017-07-09 00:53:30'),(145, 145, 'cl_clientes', 1, 5, 145, 0, 0, 0, 0, 0, 0, 0, 0, 49, NULL, '2017-07-09 00:54:38', '2017-07-09 00:54:38'),(146, 146, 'cl_clientes', 1, 5, 146, 0, 0, 0, 0, 0, 0, 0, 0, 49, NULL, '2017-07-09 00:55:05', '2017-07-09 00:55:05'),(147, 147, 'cl_clientes', 1, 5, 147, 0, 0, 0, 0, 0, 0, 0, 0, 49, NULL, '2017-07-09 00:55:56', '2017-07-09 00:55:56'),(148, 148, 'cl_clientes', 1, 5, 148, 0, 0, 0, 0, 0, 0, 0, 0, 49, NULL, '2017-07-09 00:56:45', '2017-07-09 00:56:46'),(149, 149, 'cl_clientes', 1, 5, 149, 0, 0, 0, 0, 0, 0, 0, 0, 49, NULL, '2017-07-09 00:57:57', '2017-07-09 00:57:57'),(150, 150, 'cl_clientes', 1, 5, 150, 0, 0, 0, 0, 0, 0, 0, 0, 49, NULL, '2017-07-09 00:59:03', '2017-07-09 00:59:03'),(151, 151, 'cl_clientes', 1, 5, 151, 0, 0, 0, 0, 0, 0, 0, 0, 49, 49, '2017-07-09 00:59:52', '2017-07-09 01:00:10'),(152, 152, 'cl_clientes', 1, 5, 152, 0, 0, 0, 0, 0, 0, 0, 0, 49, NULL, '2017-07-09 01:00:35', '2017-07-09 01:00:35'),(153, 153, 'cl_clientes', 1, 5, 153, 0, 0, 0, 0, 0, 0, 0, 0, 49, NULL, '2017-07-09 01:01:12', '2017-07-09 01:01:12'),(154, 154, 'cl_clientes', 1, 5, 154, 0, 0, 0, 0, 0, 0, 0, 0, 49, NULL, '2017-07-09 01:01:57', '2017-07-09 01:01:57'),(155, 155, 'cl_clientes', 1, 5, 155, 0, 0, 0, 0, 0, 0, 0, 0, 49, NULL, '2017-07-09 01:03:08', '2017-07-09 01:03:08'),(156, 156, 'cl_clientes', 1, 2, 156, 0, 0, 0, 0, 0, 0, 0, 0, 49, NULL, '2017-07-09 01:05:49', '2017-07-09 01:05:49'),(157, 157, 'cl_clientes', 1, 2, 157, 0, 0, 0, 0, 0, 0, 0, 0, 49, NULL, '2017-07-09 01:06:09', '2017-07-09 01:06:09'),(158, 158, 'cl_clientes', 1, 2, 158, 0, 0, 0, 0, 0, 0, 0, 0, 49, 49, '2017-07-09 01:07:20', '2017-07-09 01:09:39'),(159, 159, 'cl_clientes', 1, 2, 159, 0, 0, 0, 0, 0, 0, 0, 0, 49, 49, '2017-07-09 01:08:09', '2017-07-09 01:09:44'),(160, 160, 'cl_clientes', 1, 5, 160, 0, 0, 0, 0, 0, 0, 0, 0, 49, NULL, '2017-07-09 01:10:25', '2017-07-09 01:10:25'),(161, 161, 'cl_clientes', 1, 5, 161, 0, 0, 0, 0, 0, 0, 0, 0, 49, NULL, '2017-07-09 01:10:43', '2017-07-09 01:10:43'),(162, 162, 'cl_clientes', 1, 2, 162, 0, 0, 0, 0, 0, 0, 0, 0, 49, NULL, '2017-07-09 01:11:56', '2017-07-09 01:11:56'),(163, 163, 'cl_clientes', 1, 2, 163, 0, 0, 0, 0, 0, 0, 0, 0, 49, NULL, '2017-07-09 16:57:58', '2017-07-09 16:57:58'),(164, 164, 'cl_clientes', 1, 2, 164, 0, 0, 0, 0, 0, 0, 0, 0, 49, NULL, '2017-07-09 17:24:01', '2017-07-09 17:24:01'),(165, 165, 'cl_clientes', 1, 2, 165, 0, 0, 0, 0, 0, 0, 0, 0, 49, NULL, '2017-07-09 18:42:20', '2017-07-09 18:42:20'),(166, 166, 'cl_clientes', 1, 2, 166, 0, 0, 0, 0, 0, 0, 0, 0, 49, NULL, '2017-07-09 18:44:31', '2017-07-09 18:44:31'),(167, 167, 'cl_clientes', 1, 6, 167, 0, 0, 0, 0, 0, 0, 0, 0, 50, 50, '2017-07-12 10:19:01', '2017-07-12 10:24:59'),(168, 168, 'cl_clientes', 1, 6, 168, 0, 0, 0, 0, 0, 0, 0, 0, 50, NULL, '2017-07-12 10:26:56', '2017-07-12 10:26:56'),(169, 169, 'cl_clientes', 1, 6, 169, 0, 0, 0, 0, 0, 0, 0, 0, 50, NULL, '2017-07-12 10:27:34', '2017-07-12 10:27:34'),(170, 170, 'cl_clientes', 1, 6, 170, 0, 0, 0, 0, 0, 0, 0, 0, 50, NULL, '2017-07-12 10:28:24', '2017-07-12 10:28:24'),(171, 171, 'cl_clientes', 1, 6, 171, 0, 0, 0, 0, 0, 0, 0, 0, 50, NULL, '2017-07-12 10:30:38', '2017-07-12 10:30:38'),(172, 172, 'cl_clientes', 1, 6, 172, 0, 0, 0, 0, 0, 0, 0, 0, 50, NULL, '2017-07-12 10:31:36', '2017-07-12 10:31:36'),(173, 173, 'cl_clientes', 1, 6, 173, 0, 0, 0, 0, 0, 0, 0, 0, 50, NULL, '2017-07-12 10:32:12', '2017-07-12 10:32:12'),(174, 174, 'cl_clientes', 1, 6, 174, 0, 0, 0, 0, 0, 0, 0, 0, 50, NULL, '2017-07-12 10:32:41', '2017-07-12 10:32:41'),(175, 175, 'cl_clientes', 1, 6, 175, 0, 0, 0, 0, 0, 0, 0, 0, 50, NULL, '2017-07-12 10:34:15', '2017-07-12 10:34:15'),(176, 176, 'cl_clientes', 1, 6, 176, 0, 0, 0, 0, 0, 0, 0, 0, 50, NULL, '2017-07-12 10:36:12', '2017-07-12 10:36:12'),(177, 177, 'cl_clientes', 1, 6, 177, 0, 0, 0, 0, 0, 0, 0, 0, 50, NULL, '2017-07-12 10:37:05', '2017-07-12 10:37:05'),(178, 178, 'cl_clientes', 1, 6, 178, 0, 0, 0, 0, 0, 0, 0, 0, 50, NULL, '2017-07-12 10:37:33', '2017-07-12 10:37:33'),(179, 179, 'cl_clientes', 1, 6, 179, 0, 0, 0, 0, 0, 0, 0, 0, 50, NULL, '2017-07-12 10:38:02', '2017-07-12 10:38:02'),(180, 180, 'cl_clientes', 1, 6, 180, 0, 0, 0, 0, 0, 0, 0, 0, 50, NULL, '2017-07-12 10:38:49', '2017-07-12 10:38:49'),(181, 181, 'cl_clientes', 1, 6, 181, 0, 0, 0, 0, 0, 0, 0, 0, 50, NULL, '2017-07-12 10:39:39', '2017-07-12 10:39:39'),(182, 182, 'cl_clientes', 1, 6, 182, 0, 0, 0, 0, 0, 0, 0, 0, 50, NULL, '2017-07-12 10:40:27', '2017-07-12 10:40:27'),(183, 183, 'cl_clientes', 1, 6, 183, 0, 0, 0, 0, 0, 0, 0, 0, 50, NULL, '2017-07-12 10:41:28', '2017-07-12 10:41:28'),(184, 184, 'cl_clientes', 1, 6, 184, 0, 0, 0, 0, 0, 0, 0, 0, 50, NULL, '2017-07-12 10:42:51', '2017-07-12 10:42:51'),(185, 185, 'cl_clientes', 1, 6, 185, 0, 0, 0, 0, 0, 0, 0, 0, 50, NULL, '2017-07-12 10:43:47', '2017-07-12 10:43:47'),(186, 186, 'cl_clientes', 1, 6, 186, 0, 0, 0, 0, 0, 0, 0, 0, 50, NULL, '2017-07-12 10:44:19', '2017-07-12 10:44:19'),(187, 187, 'cl_clientes', 1, 6, 187, 0, 0, 0, 0, 0, 0, 0, 0, 50, NULL, '2017-07-12 10:45:35', '2017-07-12 10:45:35'),(188, 188, 'cl_clientes', 1, 6, 188, 0, 0, 0, 0, 0, 0, 0, 0, 50, NULL, '2017-07-12 10:46:54', '2017-07-12 10:46:54'),(189, 189, 'cl_clientes', 1, 6, 189, 0, 0, 0, 0, 0, 0, 0, 0, 50, NULL, '2017-07-12 10:52:42', '2017-07-12 10:52:42'),(190, 190, 'cl_clientes', 1, 6, 190, 0, 0, 0, 0, 0, 0, 0, 0, 50, NULL, '2017-07-12 11:32:16', '2017-07-12 11:32:16'),(191, 191, 'cl_clientes', 1, 6, 191, 0, 0, 0, 0, 0, 0, 0, 0, 50, NULL, '2017-07-12 11:34:42', '2017-07-12 11:34:42'),(192, 192, 'cl_clientes', 1, 6, 192, 0, 0, 0, 0, 0, 0, 0, 0, 50, NULL, '2017-07-12 11:35:15', '2017-07-12 11:35:15'),(193, 193, 'cl_clientes', 1, 6, 193, 0, 0, 0, 0, 0, 0, 0, 0, 50, NULL, '2017-07-12 11:35:46', '2017-07-12 11:35:46'),(194, 194, 'cl_clientes', 1, 6, 194, 0, 0, 0, 0, 0, 0, 0, 0, 50, NULL, '2017-07-12 11:36:30', '2017-07-12 11:36:30'),(195, 195, 'cl_clientes', 1, 6, 195, 0, 0, 0, 0, 0, 0, 0, 0, 50, NULL, '2017-07-12 11:39:40', '2017-07-12 11:39:40'),(196, 196, 'cl_clientes', 1, 6, 196, 0, 0, 0, 0, 0, 0, 0, 0, 50, NULL, '2017-07-12 11:41:27', '2017-07-12 11:41:27'),(197, 197, 'cl_clientes', 1, 6, 197, 0, 0, 0, 0, 0, 0, 0, 0, 50, NULL, '2017-07-12 11:42:26', '2017-07-12 11:42:26'),(198, 198, 'cl_clientes', 1, 6, 198, 0, 0, 0, 0, 0, 0, 0, 0, 50, NULL, '2017-07-12 11:43:14', '2017-07-12 11:43:14'),(199, 199, 'cl_clientes', 1, 6, 199, 0, 0, 0, 0, 0, 0, 0, 0, 50, NULL, '2017-07-12 11:47:11', '2017-07-12 11:47:11'),(200, 200, 'cl_clientes', 1, 6, 200, 0, 0, 0, 0, 0, 0, 0, 0, 50, NULL, '2017-07-12 11:47:40', '2017-07-12 11:47:40'),(201, 201, 'cl_clientes', 1, 6, 201, 0, 0, 0, 0, 0, 0, 0, 0, 50, NULL, '2017-07-12 11:48:33', '2017-07-12 11:48:33'),(202, 202, 'cl_clientes', 1, 6, 202, 0, 0, 0, 0, 0, 0, 0, 0, 50, NULL, '2017-07-12 11:49:07', '2017-07-12 11:49:07'),(203, 203, 'cl_clientes', 1, 6, 203, 0, 0, 0, 0, 0, 0, 0, 0, 50, NULL, '2017-07-12 11:49:37', '2017-07-12 11:49:37'),(204, 204, 'cl_clientes', 1, 6, 204, 0, 0, 0, 0, 0, 0, 0, 0, 50, NULL, '2017-07-12 11:50:19', '2017-07-12 11:50:19'),(205, 205, 'cl_clientes', 1, 6, 205, 0, 0, 0, 0, 0, 0, 0, 0, 50, NULL, '2017-07-12 11:50:40', '2017-07-12 11:50:40'),(206, 206, 'cl_clientes', 1, 6, 206, 0, 0, 0, 0, 0, 0, 0, 0, 50, NULL, '2017-07-12 11:51:32', '2017-07-12 11:51:32'),(207, 207, 'cl_clientes', 1, 6, 207, 0, 0, 0, 0, 0, 0, 0, 0, 50, NULL, '2017-07-12 11:52:34', '2017-07-12 11:52:34'),(208, 208, 'cl_clientes', 1, 6, 208, 0, 0, 0, 0, 0, 0, 0, 0, 50, NULL, '2017-07-12 11:53:04', '2017-07-12 11:53:04'),(209, 209, 'cl_clientes', 1, 6, 209, 0, 0, 0, 0, 0, 0, 0, 0, 50, NULL, '2017-07-12 11:57:43', '2017-07-12 11:57:43'),(210, 210, 'cl_clientes', 1, 6, 210, 0, 0, 0, 0, 0, 0, 0, 0, 50, NULL, '2017-07-12 11:58:09', '2017-07-12 11:58:09'),(211, 211, 'cl_clientes', 1, 6, 211, 0, 0, 0, 0, 0, 0, 0, 0, 50, NULL, '2017-07-12 12:07:23', '2017-07-12 12:07:23'),(212, 212, 'cl_clientes', 1, 6, 212, 0, 0, 0, 0, 0, 0, 0, 0, 50, NULL, '2017-07-12 12:08:10', '2017-07-12 12:08:10'),(213, 213, 'cl_clientes', 1, 6, 213, 0, 0, 0, 0, 0, 0, 0, 0, 50, NULL, '2017-07-12 12:08:36', '2017-07-12 12:08:36'),(214, 214, 'cl_clientes', 1, 6, 214, 0, 0, 0, 0, 0, 0, 0, 0, 50, NULL, '2017-07-12 12:09:07', '2017-07-12 12:09:07'),(215, 215, 'cl_clientes', 1, 6, 215, 0, 0, 0, 0, 0, 0, 0, 0, 50, NULL, '2017-07-12 12:09:38', '2017-07-12 12:09:38'),(216, 216, 'cl_clientes', 1, 6, 216, 0, 0, 0, 0, 0, 0, 0, 0, 50, NULL, '2017-07-12 12:10:02', '2017-07-12 12:10:02'),(217, 217, 'cl_clientes', 1, 6, 217, 0, 0, 0, 0, 0, 0, 0, 0, 50, NULL, '2017-07-12 12:11:05', '2017-07-12 12:11:05'),(218, 218, 'cl_clientes', 1, 6, 218, 0, 0, 0, 0, 0, 0, 0, 0, 50, NULL, '2017-07-12 12:11:55', '2017-07-12 12:11:55'),(219, 219, 'cl_clientes', 1, 6, 219, 0, 0, 0, 0, 0, 0, 0, 0, 50, 50, '2017-07-12 12:13:08', '2017-07-12 12:13:17'),(220, 220, 'cl_clientes', 1, 6, 220, 0, 0, 0, 0, 0, 0, 0, 0, 50, NULL, '2017-07-12 12:14:17', '2017-07-12 12:14:17'),(221, 221, 'cl_clientes', 1, 6, 221, 0, 0, 0, 0, 0, 0, 0, 0, 50, NULL, '2017-07-12 12:15:04', '2017-07-12 12:15:04'),(222, 222, 'cl_clientes', 1, 6, 222, 0, 0, 0, 0, 0, 0, 0, 0, 50, NULL, '2017-07-12 12:15:45', '2017-07-12 12:15:45'),(223, 223, 'cl_clientes', 1, 6, 223, 0, 0, 0, 0, 0, 0, 0, 0, 50, NULL, '2017-07-12 12:16:59', '2017-07-12 12:16:59'),(224, 224, 'cl_clientes', 1, 6, 224, 0, 0, 0, 0, 0, 0, 0, 0, 50, NULL, '2017-07-12 12:17:36', '2017-07-12 12:17:36'),(225, 225, 'cl_clientes', 1, 6, 225, 0, 0, 0, 0, 0, 0, 0, 0, 50, NULL, '2017-07-12 12:18:00', '2017-07-12 12:18:00'),(226, 226, 'cl_clientes', 1, 6, 226, 0, 0, 0, 0, 0, 0, 0, 0, 50, NULL, '2017-07-12 12:18:42', '2017-07-12 12:18:42'),(227, 227, 'cl_clientes', 1, 6, 227, 0, 0, 0, 0, 0, 0, 0, 0, 50, NULL, '2017-07-12 12:19:08', '2017-07-12 12:19:08'),(228, 228, 'cl_clientes', 1, 6, 228, 0, 0, 0, 0, 0, 0, 0, 0, 50, NULL, '2017-07-12 12:19:33', '2017-07-12 12:19:33'),(229, 229, 'cl_clientes', 1, 6, 229, 0, 0, 0, 0, 0, 0, 0, 0, 50, NULL, '2017-07-12 12:20:00', '2017-07-12 12:20:00'),(230, 230, 'cl_clientes', 1, 6, 230, 0, 0, 0, 0, 0, 0, 0, 0, 50, NULL, '2017-07-12 12:21:20', '2017-07-12 12:21:20'),(231, 231, 'cl_clientes', 1, 6, 231, 0, 0, 0, 0, 0, 0, 0, 0, 50, NULL, '2017-07-12 12:21:45', '2017-07-12 12:21:45'),(232, 232, 'cl_clientes', 1, 6, 232, 0, 0, 0, 0, 0, 0, 0, 0, 50, NULL, '2017-07-12 12:39:51', '2017-07-12 12:39:51'),(233, 233, 'cl_clientes', 1, 6, 233, 0, 0, 0, 0, 0, 0, 0, 0, 50, NULL, '2017-07-12 12:40:15', '2017-07-12 12:40:15'),(234, 234, 'cl_clientes', 1, 6, 234, 0, 0, 0, 0, 0, 0, 0, 0, 50, NULL, '2017-07-12 12:41:21', '2017-07-12 12:41:21'),(235, 235, 'cl_clientes', 1, 6, 235, 0, 0, 0, 0, 0, 0, 0, 0, 50, NULL, '2017-07-12 12:46:15', '2017-07-12 12:46:15'),(236, 236, 'cl_clientes', 1, 6, 236, 0, 0, 0, 0, 0, 0, 0, 0, 50, NULL, '2017-07-12 12:47:41', '2017-07-12 12:47:41'),(237, 237, 'cl_clientes', 1, 6, 237, 0, 0, 0, 0, 0, 0, 0, 0, 50, NULL, '2017-07-12 12:48:10', '2017-07-12 12:48:10'),(238, 238, 'cl_clientes', 1, 6, 238, 0, 0, 0, 0, 0, 0, 0, 0, 50, NULL, '2017-07-12 12:55:19', '2017-07-12 12:55:19'),(239, 239, 'cl_clientes', 1, 6, 239, 0, 0, 0, 0, 0, 0, 0, 0, 50, NULL, '2017-07-12 12:56:01', '2017-07-12 12:56:01'),(240, 240, 'cl_clientes', 1, 6, 240, 0, 0, 0, 0, 0, 0, 0, 0, 50, NULL, '2017-07-12 12:57:07', '2017-07-12 12:57:07'),(241, 241, 'cl_clientes', 1, 6, 241, 0, 0, 0, 0, 0, 0, 0, 0, 50, NULL, '2017-07-12 12:58:02', '2017-07-12 12:58:02'),(242, 242, 'cl_clientes', 1, 6, 242, 0, 0, 0, 0, 0, 0, 0, 0, 50, NULL, '2017-07-12 12:58:02', '2017-07-12 12:58:02'),(243, 243, 'cl_clientes', 1, 6, 243, 0, 0, 0, 0, 0, 0, 0, 0, 50, NULL, '2017-07-12 12:59:21', '2017-07-12 12:59:21'),(244, 244, 'cl_clientes', 1, 6, 244, 0, 0, 0, 0, 0, 0, 0, 0, 50, NULL, '2017-07-12 12:59:58', '2017-07-12 12:59:58'),(245, 245, 'cl_clientes', 1, 6, 245, 0, 0, 0, 0, 0, 0, 0, 0, 50, NULL, '2017-07-12 13:00:19', '2017-07-12 13:00:19'),(246, 246, 'cl_clientes', 1, 6, 246, 0, 0, 0, 0, 0, 0, 0, 0, 50, NULL, '2017-07-12 13:01:13', '2017-07-12 13:01:13'),(247, 247, 'cl_clientes', 1, 6, 247, 0, 0, 0, 0, 0, 0, 0, 0, 50, NULL, '2017-07-12 13:02:19', '2017-07-12 13:02:20'),(248, 248, 'cl_clientes', 1, 6, 248, 0, 0, 0, 0, 0, 0, 0, 0, 50, NULL, '2017-07-12 13:02:44', '2017-07-12 13:02:44'),(249, 249, 'cl_clientes', 1, 6, 249, 0, 0, 0, 0, 0, 0, 0, 0, 50, NULL, '2017-07-12 13:03:31', '2017-07-12 13:03:31'),(250, 250, 'cl_clientes', 1, 6, 250, 0, 0, 0, 0, 0, 0, 0, 0, 50, NULL, '2017-07-12 13:04:37', '2017-07-12 13:04:37'),(251, 251, 'cl_clientes', 1, 6, 251, 0, 0, 0, 0, 0, 0, 0, 0, 50, NULL, '2017-07-12 13:05:07', '2017-07-12 13:05:07'),(252, 252, 'cl_clientes', 1, 6, 252, 0, 0, 0, 0, 0, 0, 0, 0, 50, NULL, '2017-07-12 13:06:05', '2017-07-12 13:06:05'),(253, 253, 'cl_clientes', 1, 6, 253, 0, 0, 0, 0, 0, 0, 0, 0, 50, NULL, '2017-07-12 13:06:47', '2017-07-12 13:06:47'),(254, 254, 'cl_clientes', 1, 6, 254, 0, 0, 0, 0, 0, 0, 0, 0, 50, NULL, '2017-07-12 13:07:19', '2017-07-12 13:07:19'),(255, 255, 'cl_clientes', 1, 6, 255, 0, 0, 0, 0, 0, 0, 0, 0, 50, NULL, '2017-07-12 13:08:10', '2017-07-12 13:08:10'),(256, 256, 'cl_clientes', 1, 6, 256, 0, 0, 0, 0, 0, 0, 0, 0, 50, NULL, '2017-07-12 13:08:57', '2017-07-12 13:08:57'),(257, 257, 'cl_clientes', 1, 6, 257, 0, 0, 0, 0, 0, 0, 0, 0, 50, NULL, '2017-07-12 13:08:57', '2017-07-12 13:08:57'),(258, 258, 'cl_clientes', 1, 4, 258, 0, 0, 0, 0, 0, 0, 0, 0, 1, NULL, '2018-07-02 17:02:58', '2018-07-02 17:02:58'),(259, 259, 'cl_clientes', 1, 4, 259, 0, 0, 0, 0, 0, 0, 0, 0, 1, NULL, '2018-07-02 17:03:20', '2018-07-02 17:03:20'),(260, 260, 'cl_clientes', 1, 4, 260, 0, 0, 0, 0, 0, 0, 0, 0, 2, NULL, '2018-07-02 17:04:15', '2018-07-02 17:04:15'),(261, 261, 'cl_clientes', 1, 32, 261, 0, 0, 0, 0, 0, 0, 0, 0, 1, NULL, '2018-07-03 00:50:16', '2018-07-03 00:50:16'),(262, 262, 'cl_clientes', 1, 32, 262, 0, 0, 0, 0, 0, 0, 0, 0, 2, NULL, '2018-07-10 17:53:55', '2018-07-10 17:53:55'),(263, 263, 'cl_clientes', 1, 32, 263, 0, 0, 0, 0, 0, 0, 0, 0, 2, NULL, '2018-07-10 18:27:10', '2018-07-10 18:27:10'),(264, 264, 'cl_clientes', 1, 32, 264, 0, 0, 0, 0, 0, 0, 0, 0, 2, NULL, '2018-07-10 19:11:39', '2018-07-10 19:11:39'),(265, 265, 'cl_clientes', 1, 1, 265, 0, 0, 0, 0, 0, 0, 0, 0, 2, NULL, '2018-07-11 15:08:08', '2018-07-11 15:08:08'),(266, 266, 'cl_clientes', 1, 4, 266, 0, 0, 0, 0, 0, 0, 0, 0, 2, NULL, '2018-07-11 18:56:05', '2018-07-11 18:56:05'),(267, 267, 'cl_clientes', 1, 26, 267, 0, 0, 0, 0, 0, 0, 0, 0, 2, NULL, '2018-07-11 19:03:39', '2018-07-11 19:03:39'),(268, 268, 'cl_clientes', 1, 33, 268, 0, 0, 0, 0, 0, 0, 0, 0, 2, NULL, '2018-07-11 19:40:18', '2018-07-11 19:40:18'),(269, 269, 'cl_clientes', 1, 33, 269, 0, 0, 0, 0, 0, 0, 0, 0, 2, NULL, '2018-07-11 19:46:00', '2018-07-11 19:46:00'),(270, 270, 'cl_clientes', 1, 33, 270, 0, 0, 0, 0, 0, 0, 0, 0, 2, NULL, '2018-07-11 19:46:22', '2018-07-11 19:46:22'),(271, 271, 'cl_clientes', 1, 34, 271, 0, 0, 0, 0, 0, 0, 0, 0, 2, NULL, '2018-07-11 19:46:52', '2018-07-11 19:46:52'),(272, 272, 'cl_clientes', 1, 34, 272, 0, 0, 0, 0, 0, 0, 0, 0, 2, NULL, '2018-07-11 19:47:23', '2018-07-11 19:47:23'),(273, 273, 'cl_clientes', 1, 34, 273, 0, 0, 0, 0, 0, 0, 0, 0, 2, NULL, '2018-07-11 19:47:43', '2018-07-11 19:47:43'),(274, 274, 'cl_clientes', 1, 34, 274, 0, 0, 0, 0, 0, 0, 0, 0, 2, NULL, '2018-07-11 19:48:00', '2018-07-11 19:48:00'),(275, 275, 'cl_clientes', 1, 34, 275, 0, 0, 0, 0, 0, 0, 0, 0, 2, NULL, '2018-07-11 19:48:17', '2018-07-11 19:48:17'),(276, 276, 'cl_clientes', 1, 34, 276, 0, 0, 0, 0, 0, 0, 0, 0, 2, NULL, '2018-07-11 19:48:35', '2018-07-11 19:48:35'),(277, 277, 'cl_clientes', 1, 34, 277, 0, 0, 0, 0, 0, 0, 0, 0, 2, NULL, '2018-07-11 19:49:22', '2018-07-11 19:49:22'),(278, 278, 'cl_clientes', 1, 34, 278, 0, 0, 0, 0, 0, 0, 0, 0, 2, NULL, '2018-07-11 19:51:20', '2018-07-11 19:51:20'),(279, 279, 'cl_clientes', 1, 34, 279, 0, 0, 0, 0, 0, 0, 0, 0, 2, NULL, '2018-07-11 19:51:41', '2018-07-11 19:51:41');
UNLOCK TABLES;
COMMIT;
BEGIN;
LOCK TABLES `centralcar`.`fw_permisos` WRITE;
DELETE FROM `centralcar`.`fw_permisos`;
INSERT INTO `centralcar`.`fw_permisos` (`id_permiso`,`id_metodo`,`id_rol`,`user_alta`,`user_mod`,`fecha_alta`,`fecha_mod`) VALUES (2, 2, 1, 0, 0, '0000-00-00 00:00:00', '0000-00-00 00:00:00'),(3, 3, 1, 0, 0, '0000-00-00 00:00:00', '0000-00-00 00:00:00'),(4, 4, 1, 0, 0, '0000-00-00 00:00:00', '0000-00-00 00:00:00'),(5, 5, 1, 0, 0, '0000-00-00 00:00:00', '0000-00-00 00:00:00'),(6, 6, 1, 0, 0, '0000-00-00 00:00:00', '0000-00-00 00:00:00'),(7, 7, 1, 0, 0, '0000-00-00 00:00:00', '0000-00-00 00:00:00'),(8, 8, 1, 0, 0, '0000-00-00 00:00:00', '0000-00-00 00:00:00'),(9, 9, 1, 0, 0, '0000-00-00 00:00:00', '0000-00-00 00:00:00'),(10, 10, 1, 0, 0, '0000-00-00 00:00:00', '0000-00-00 00:00:00'),(11, 11, 1, 0, 0, '0000-00-00 00:00:00', '0000-00-00 00:00:00'),(12, 12, 1, 0, 0, '0000-00-00 00:00:00', '0000-00-00 00:00:00'),(13, 13, 1, 0, 0, '0000-00-00 00:00:00', '0000-00-00 00:00:00'),(14, 14, 1, 0, 0, '0000-00-00 00:00:00', '0000-00-00 00:00:00'),(15, 15, 1, 0, 0, '0000-00-00 00:00:00', '0000-00-00 00:00:00'),(16, 16, 1, 0, 0, '0000-00-00 00:00:00', '0000-00-00 00:00:00'),(17, 17, 1, 0, 0, '0000-00-00 00:00:00', '0000-00-00 00:00:00'),(18, 18, 1, 0, 0, '0000-00-00 00:00:00', '0000-00-00 00:00:00'),(19, 19, 1, 0, 0, '0000-00-00 00:00:00', '0000-00-00 00:00:00'),(20, 20, 1, 0, 0, '0000-00-00 00:00:00', '0000-00-00 00:00:00'),(21, 21, 1, 0, 0, '0000-00-00 00:00:00', '0000-00-00 00:00:00'),(22, 22, 1, 0, 0, '0000-00-00 00:00:00', '0000-00-00 00:00:00'),(23, 23, 1, 0, 0, '0000-00-00 00:00:00', '0000-00-00 00:00:00'),(24, 24, 1, 0, 0, '0000-00-00 00:00:00', '0000-00-00 00:00:00'),(25, 25, 1, 0, 0, '0000-00-00 00:00:00', '0000-00-00 00:00:00'),(26, 26, 1, 0, 0, '0000-00-00 00:00:00', '0000-00-00 00:00:00'),(27, 27, 1, 0, 0, '0000-00-00 00:00:00', '0000-00-00 00:00:00'),(28, 28, 1, 0, 0, '0000-00-00 00:00:00', '0000-00-00 00:00:00'),(29, 29, 1, 0, 0, '0000-00-00 00:00:00', '0000-00-00 00:00:00'),(30, 30, 1, 0, 0, '0000-00-00 00:00:00', '0000-00-00 00:00:00'),(31, 31, 1, 0, 0, '0000-00-00 00:00:00', '0000-00-00 00:00:00'),(32, 32, 1, 0, 0, '0000-00-00 00:00:00', '0000-00-00 00:00:00'),(33, 33, 1, 0, 0, '0000-00-00 00:00:00', '0000-00-00 00:00:00'),(34, 34, 1, 0, 0, '0000-00-00 00:00:00', '0000-00-00 00:00:00'),(35, 35, 1, 0, 0, '0000-00-00 00:00:00', '0000-00-00 00:00:00'),(38, 36, 1, 0, 0, '0000-00-00 00:00:00', '0000-00-00 00:00:00'),(39, 37, 1, 0, 0, '0000-00-00 00:00:00', '0000-00-00 00:00:00'),(40, 38, 1, 0, 0, '0000-00-00 00:00:00', '0000-00-00 00:00:00'),(41, 39, 1, 0, 0, '0000-00-00 00:00:00', '0000-00-00 00:00:00'),(43, 41, 1, 0, 0, '0000-00-00 00:00:00', '0000-00-00 00:00:00'),(44, 42, 1, 0, 0, '0000-00-00 00:00:00', '0000-00-00 00:00:00'),(45, 43, 1, 0, 0, '0000-00-00 00:00:00', '0000-00-00 00:00:00'),(46, 44, 1, 0, 0, '0000-00-00 00:00:00', '0000-00-00 00:00:00'),(47, 45, 1, 0, 0, '0000-00-00 00:00:00', '0000-00-00 00:00:00'),(48, 1, 1, 0, 0, '0000-00-00 00:00:00', '0000-00-00 00:00:00'),(49, 46, 1, 0, 0, '0000-00-00 00:00:00', '0000-00-00 00:00:00'),(50, 47, 1, 0, 0, '0000-00-00 00:00:00', '0000-00-00 00:00:00'),(51, 48, 1, 1, NULL, '2015-10-02 12:22:43', '2015-10-02 11:22:43'),(52, 49, 1, 1, NULL, '2015-10-02 21:57:03', '2015-10-02 20:57:03'),(53, 50, 1, 1, NULL, '2015-10-02 23:17:36', '2015-10-02 22:17:36'),(54, 51, 1, 1, NULL, '2015-10-03 14:31:06', '2015-10-03 13:31:06'),(55, 52, 1, 1, NULL, '2015-10-03 14:37:54', '2015-10-03 13:37:54'),(56, 53, 1, 1, NULL, '2015-10-03 14:43:56', '2015-10-03 13:43:56'),(57, 54, 1, 1, NULL, '2015-10-03 14:51:04', '2015-10-03 13:51:04'),(58, 55, 1, 1, NULL, '2015-10-03 14:58:34', '2015-10-03 13:58:34'),(59, 56, 1, 1, NULL, '2015-10-03 15:07:00', '2015-10-03 14:07:00'),(60, 57, 1, 1, NULL, '2015-10-03 15:09:35', '2015-10-03 14:09:35'),(61, 58, 1, 1, NULL, '2015-10-03 15:16:19', '2015-10-03 14:16:19'),(62, 59, 1, 1, NULL, '2015-10-03 15:28:50', '2015-10-03 14:28:50'),(64, 61, 1, 1, NULL, '2015-10-05 10:26:48', '2015-10-05 09:26:48'),(65, 62, 1, 1, NULL, '2015-10-05 10:26:49', '2015-10-05 09:26:49'),(66, 63, 1, 1, NULL, '2015-10-05 10:26:49', '2015-10-05 09:26:49'),(67, 60, 1, 1, NULL, '2015-10-05 10:30:56', '2015-10-05 09:30:56'),(68, 64, 1, 1, NULL, '2015-10-05 12:00:22', '2015-10-05 11:00:22'),(69, 65, 1, 1, NULL, '2015-10-05 12:03:21', '2015-10-05 11:03:21'),(70, 66, 1, 1, NULL, '2015-10-05 12:06:49', '2015-10-05 11:06:49'),(71, 67, 1, 1, NULL, '2015-10-05 12:18:32', '2015-10-05 11:18:32'),(72, 68, 1, 1, NULL, '2015-10-05 12:31:13', '2015-10-05 11:31:13'),(73, 40, 1, 1, NULL, '2015-10-06 13:28:55', '2015-10-06 12:28:55'),(74, 69, 1, 1, NULL, '2015-10-06 15:26:04', '2015-10-06 14:26:04'),(75, 70, 1, 1, NULL, '2015-10-06 15:26:05', '2015-10-06 14:26:05'),(76, 71, 1, 1, NULL, '2015-10-07 11:02:15', '2015-10-07 10:02:15'),(77, 72, 1, 1, NULL, '2015-10-07 11:02:16', '2015-10-07 10:02:16'),(78, 73, 1, 1, NULL, '2015-10-08 11:46:59', '2015-10-08 10:46:59'),(79, 12, 2, 1, NULL, '2015-10-08 15:11:34', '2015-10-08 14:11:34'),(80, 73, 2, 1, NULL, '2015-10-08 15:11:36', '2015-10-08 14:11:36'),(81, 11, 2, 1, NULL, '2015-10-08 15:21:01', '2015-10-08 14:21:01'),(82, 74, 1, 1, NULL, '2015-10-14 13:49:22', '2015-10-14 12:49:22'),(83, 75, 1, 1, NULL, '2015-10-15 16:46:40', '2015-10-15 15:46:40'),(84, 76, 1, 1, NULL, '2015-10-15 16:55:52', '2015-10-15 15:55:52'),(85, 77, 1, 1, NULL, '2015-10-15 17:08:28', '2015-10-15 16:08:28'),(86, 78, 1, 1, NULL, '2015-10-16 13:24:00', '2015-10-16 12:24:00'),(87, 79, 1, 1, NULL, '2015-10-19 15:22:03', '2015-10-19 14:22:03'),(88, 80, 1, 1, NULL, '2015-10-19 16:13:51', '2015-10-19 15:13:51'),(89, 81, 1, 1, NULL, '2015-10-19 16:19:29', '2015-10-19 15:19:29'),(90, 82, 1, 1, NULL, '2015-10-22 17:54:07', '2015-10-22 16:54:07'),(91, 83, 1, 1, NULL, '2015-10-22 17:55:43', '2015-10-22 16:55:43'),(92, 84, 1, 1, NULL, '2015-10-26 13:24:22', '2015-10-26 10:24:22'),(93, 85, 1, 1, NULL, '2015-10-26 15:07:02', '2015-10-26 12:07:02'),(94, 86, 1, 1, NULL, '2016-01-14 15:49:57', '2016-01-14 14:49:57'),(95, 87, 1, 1, NULL, '2016-01-14 20:41:45', '2016-01-14 19:41:45'),(96, 88, 1, 1, NULL, '2016-02-03 12:26:48', '2016-02-03 11:26:48'),(97, 89, 1, 1, NULL, '2016-02-03 12:50:16', '2016-02-03 11:50:16'),(98, 90, 1, 1, NULL, '2016-02-03 15:02:13', '2016-02-03 14:02:13'),(99, 97, 1, 1, NULL, '2016-02-03 15:57:42', '2016-02-03 14:57:42'),(101, 95, 1, 1, NULL, '2016-02-03 15:57:43', '2016-02-03 14:57:43'),(102, 94, 1, 1, NULL, '2016-02-03 15:57:43', '2016-02-03 14:57:43'),(103, 93, 1, 1, NULL, '2016-02-03 15:57:46', '2016-02-03 14:57:46'),(104, 92, 1, 1, NULL, '2016-02-03 15:57:47', '2016-02-03 14:57:47'),(105, 91, 1, 1, NULL, '2016-02-03 15:57:47', '2016-02-03 14:57:47'),(106, 98, 1, 1, NULL, '2016-02-05 10:36:15', '2016-02-05 09:36:15'),(107, 99, 1, 1, NULL, '2016-02-05 10:41:43', '2016-02-05 09:41:43'),(358, 102, 1, 1, NULL, '2016-03-02 11:26:59', '2016-03-02 10:26:59'),(366, 104, 1, 1, NULL, '2016-03-07 04:53:35', '2016-03-07 03:53:35'),(370, 11, 10, 1, NULL, '2016-03-07 18:24:56', '2016-03-07 17:24:56'),(371, 12, 10, 1, NULL, '2016-03-07 18:24:58', '2016-03-07 17:24:58'),(372, 19, 10, 1, NULL, '2016-03-07 18:25:16', '2016-03-07 17:25:16'),(373, 20, 10, 1, NULL, '2016-03-07 18:25:16', '2016-03-07 17:25:16'),(374, 100, 10, 1, NULL, '2016-03-07 18:26:36', '2016-03-07 17:26:36'),(375, 101, 10, 1, NULL, '2016-03-07 18:26:37', '2016-03-07 17:26:37'),(376, 103, 10, 1, NULL, '2016-03-07 18:26:38', '2016-03-07 17:26:38'),(421, 105, 1, 1, NULL, '2016-03-11 01:31:12', '2016-03-11 00:31:12'),(423, 105, 10, 1, NULL, '2016-03-11 01:32:01', '2016-03-11 00:32:01'),(424, 106, 1, 1, NULL, '2016-03-17 01:52:36', '2016-03-17 01:52:36'),(434, 111, 1, 1, NULL, '2016-03-18 02:44:48', '2016-03-18 02:44:48'),(435, 110, 1, 1, NULL, '2016-03-18 02:44:49', '2016-03-18 02:44:49'),(436, 108, 1, 1, NULL, '2016-03-18 02:44:51', '2016-03-18 02:44:51'),(437, 109, 1, 1, NULL, '2016-03-18 02:44:52', '2016-03-18 02:44:52'),(438, 107, 1, 1, NULL, '2016-03-18 02:44:53', '2016-03-18 02:44:53'),(451, 112, 1, 1, NULL, '2016-03-27 01:36:05', '2016-03-27 01:36:05'),(454, 115, 1, 1, NULL, '2016-03-30 10:08:48', '2016-03-30 10:08:48'),(540, 11, 7, 1, NULL, '2016-03-30 16:05:24', '2016-03-30 16:05:24'),(541, 12, 7, 1, NULL, '2016-03-30 16:05:24', '2016-03-30 16:05:24'),(542, 33, 7, 1, NULL, '2016-03-30 16:05:24', '2016-03-30 16:05:24'),(543, 34, 7, 1, NULL, '2016-03-30 16:05:24', '2016-03-30 16:05:24'),(544, 36, 7, 1, NULL, '2016-03-30 16:05:24', '2016-03-30 16:05:24'),(545, 37, 7, 1, NULL, '2016-03-30 16:05:24', '2016-03-30 16:05:24'),(546, 38, 7, 1, NULL, '2016-03-30 16:05:24', '2016-03-30 16:05:24'),(547, 39, 7, 1, NULL, '2016-03-30 16:05:24', '2016-03-30 16:05:24'),(548, 61, 7, 1, NULL, '2016-03-30 16:05:24', '2016-03-30 16:05:24'),(549, 62, 7, 1, NULL, '2016-03-30 16:05:24', '2016-03-30 16:05:24'),(550, 63, 7, 1, NULL, '2016-03-30 16:05:24', '2016-03-30 16:05:24'),(551, 60, 7, 1, NULL, '2016-03-30 16:05:24', '2016-03-30 16:05:24'),(552, 64, 7, 1, NULL, '2016-03-30 16:05:24', '2016-03-30 16:05:24'),(553, 65, 7, 1, NULL, '2016-03-30 16:05:24', '2016-03-30 16:05:24'),(554, 66, 7, 1, NULL, '2016-03-30 16:05:24', '2016-03-30 16:05:24'),(555, 67, 7, 1, NULL, '2016-03-30 16:05:24', '2016-03-30 16:05:24'),(556, 78, 7, 1, NULL, '2016-03-30 16:05:24', '2016-03-30 16:05:24'),(557, 79, 7, 1, NULL, '2016-03-30 16:05:24', '2016-03-30 16:05:24'),(558, 80, 7, 1, NULL, '2016-03-30 16:05:24', '2016-03-30 16:05:24'),(559, 81, 7, 1, NULL, '2016-03-30 16:05:24', '2016-03-30 16:05:24'),(560, 84, 7, 1, NULL, '2016-03-30 16:05:24', '2016-03-30 16:05:24'),(561, 85, 7, 1, NULL, '2016-03-30 16:05:24', '2016-03-30 16:05:24'),(562, 98, 7, 1, NULL, '2016-03-30 16:05:24', '2016-03-30 16:05:24'),(563, 99, 7, 1, NULL, '2016-03-30 16:05:24', '2016-03-30 16:05:24'),(564, 100, 7, 1, NULL, '2016-03-30 16:05:24', '2016-03-30 16:05:24'),(565, 32, 7, 1, NULL, '2016-03-30 16:05:24', '2016-03-30 16:05:24'),(566, 101, 7, 1, NULL, '2016-03-30 16:05:24', '2016-03-30 16:05:24'),(567, 21, 7, 1, NULL, '2016-03-30 16:05:24', '2016-03-30 16:05:24'),(568, 22, 7, 1, NULL, '2016-03-30 16:05:24', '2016-03-30 16:05:24'),(569, 23, 7, 1, NULL, '2016-03-30 16:05:24', '2016-03-30 16:05:24'),(570, 24, 7, 1, NULL, '2016-03-30 16:05:24', '2016-03-30 16:05:24'),(571, 25, 7, 1, NULL, '2016-03-30 16:05:24', '2016-03-30 16:05:25'),(572, 26, 7, 1, NULL, '2016-03-30 16:05:24', '2016-03-30 16:05:25'),(573, 27, 7, 1, NULL, '2016-03-30 16:05:25', '2016-03-30 16:05:25'),(574, 28, 7, 1, NULL, '2016-03-30 16:05:25', '2016-03-30 16:05:25'),(575, 29, 7, 1, NULL, '2016-03-30 16:05:25', '2016-03-30 16:05:25'),(576, 30, 7, 1, NULL, '2016-03-30 16:05:25', '2016-03-30 16:05:25'),(577, 31, 7, 1, NULL, '2016-03-30 16:05:25', '2016-03-30 16:05:25'),(578, 40, 7, 1, NULL, '2016-03-30 16:05:25', '2016-03-30 16:05:25'),(579, 41, 7, 1, NULL, '2016-03-30 16:05:25', '2016-03-30 16:05:25'),(580, 102, 7, 1, NULL, '2016-03-30 16:05:25', '2016-03-30 16:05:25'),(581, 103, 7, 1, NULL, '2016-03-30 16:05:25', '2016-03-30 16:05:25'),(582, 104, 7, 1, NULL, '2016-03-30 16:05:25', '2016-03-30 16:05:25'),(583, 105, 7, 1, NULL, '2016-03-30 16:05:25', '2016-03-30 16:05:25'),(584, 106, 7, 1, NULL, '2016-03-30 16:05:25', '2016-03-30 16:05:25'),(585, 107, 7, 1, NULL, '2016-03-30 16:05:25', '2016-03-30 16:05:25'),(586, 108, 7, 1, NULL, '2016-03-30 16:05:25', '2016-03-30 16:05:25'),(587, 109, 7, 1, NULL, '2016-03-30 16:05:25', '2016-03-30 16:05:25'),(588, 110, 7, 1, NULL, '2016-03-30 16:05:25', '2016-03-30 16:05:25'),(589, 111, 7, 1, NULL, '2016-03-30 16:05:25', '2016-03-30 16:05:25'),(591, 75, 7, 1, NULL, '2016-03-30 16:05:25', '2016-03-30 16:05:25'),(592, 76, 7, 1, NULL, '2016-03-30 16:05:25', '2016-03-30 16:05:25'),(594, 86, 7, 1, NULL, '2016-03-30 16:05:25', '2016-03-30 16:05:25'),(595, 87, 7, 1, NULL, '2016-03-30 16:05:25', '2016-03-30 16:05:25'),(596, 88, 7, 1, NULL, '2016-03-30 16:05:25', '2016-03-30 16:05:25'),(597, 89, 7, 1, NULL, '2016-03-30 16:05:25', '2016-03-30 16:05:25'),(598, 90, 7, 1, NULL, '2016-03-30 16:05:25', '2016-03-30 16:05:25'),(599, 112, 7, 1, NULL, '2016-03-30 16:05:25', '2016-03-30 16:05:25'),(602, 115, 7, 1, NULL, '2016-03-30 16:05:25', '2016-03-30 16:05:25'),(604, 75, 10, 1, NULL, '2016-03-30 16:06:00', '2016-03-30 16:06:00'),(605, 76, 10, 1, NULL, '2016-03-30 16:06:02', '2016-03-30 16:06:02'),(607, 86, 10, 1, NULL, '2016-03-30 16:06:06', '2016-03-30 16:06:06'),(608, 87, 10, 1, NULL, '2016-03-30 16:06:09', '2016-03-30 16:06:09'),(609, 88, 10, 1, NULL, '2016-03-30 16:06:11', '2016-03-30 16:06:11'),(610, 89, 10, 1, NULL, '2016-03-30 16:06:13', '2016-03-30 16:06:13'),(611, 90, 10, 1, NULL, '2016-03-30 16:06:14', '2016-03-30 16:06:14'),(612, 112, 10, 1, NULL, '2016-03-30 16:06:19', '2016-03-30 16:06:19'),(615, 115, 10, 1, NULL, '2016-03-30 16:06:29', '2016-03-30 16:06:29'),(616, 116, 1, 1, NULL, '2016-04-04 00:57:28', '2016-04-04 00:57:28'),(619, 116, 7, 1, NULL, '2016-04-04 00:58:00', '2016-04-04 00:58:00'),(621, 117, 7, 1, NULL, '2016-04-06 19:10:46', '2016-04-06 19:10:46'),(624, 117, 10, 1, NULL, '2016-04-06 19:11:41', '2016-04-06 19:11:41'),(625, 118, 1, 1, NULL, '2016-04-07 18:17:46', '2016-04-07 18:17:46'),(626, 118, 7, 1, NULL, '2016-04-07 18:17:57', '2016-04-07 18:17:57'),(629, 122, 1, 1, NULL, '2016-04-07 19:38:01', '2016-04-07 19:38:01'),(630, 121, 1, 1, NULL, '2016-04-07 19:38:01', '2016-04-07 19:38:01'),(631, 120, 1, 1, NULL, '2016-04-07 19:38:02', '2016-04-07 19:38:02'),(632, 119, 1, 1, NULL, '2016-04-07 19:38:02', '2016-04-07 19:38:02'),(633, 119, 7, 1, NULL, '2016-04-07 19:38:12', '2016-04-07 19:38:12'),(634, 120, 7, 1, NULL, '2016-04-07 19:38:12', '2016-04-07 19:38:12'),(635, 121, 7, 1, NULL, '2016-04-07 19:38:13', '2016-04-07 19:38:13'),(636, 122, 7, 1, NULL, '2016-04-07 19:38:13', '2016-04-07 19:38:13'),(645, 124, 1, 1, NULL, '2016-04-07 23:03:01', '2016-04-07 23:03:01'),(646, 123, 1, 1, NULL, '2016-04-07 23:03:02', '2016-04-07 23:03:02'),(647, 123, 7, 1, NULL, '2016-04-07 23:03:12', '2016-04-07 23:03:12'),(648, 124, 7, 1, NULL, '2016-04-07 23:03:12', '2016-04-07 23:03:12'),(653, 123, 10, 1, NULL, '2016-04-07 23:05:47', '2016-04-07 23:05:47'),(654, 124, 10, 1, NULL, '2016-04-07 23:05:47', '2016-04-07 23:05:47'),(655, 125, 1, 1, NULL, '2016-04-13 13:57:03', '2016-04-13 13:57:03'),(657, 126, 1, 1, NULL, '2016-04-13 18:54:16', '2016-04-13 18:54:16'),(659, 127, 1, 1, NULL, '2016-04-22 22:42:30', '2016-04-22 20:42:30'),(660, 127, 7, 1, NULL, '2016-04-22 22:42:30', '2016-04-22 20:42:30'),(663, 127, 10, 1, NULL, '2016-05-03 21:41:57', '2016-05-03 21:41:57'),(667, 34, 10, 1, NULL, '2016-05-08 12:54:15', '2016-05-08 12:54:15'),(668, 33, 10, 1, NULL, '2016-05-08 12:54:15', '2016-05-08 12:54:15'),(669, 32, 10, 1, NULL, '2016-05-08 12:54:17', '2016-05-08 12:54:17'),(670, 128, 1, 1, NULL, '2016-05-09 18:05:38', '2016-05-09 18:05:38'),(671, 129, 1, 1, NULL, '2016-05-10 02:24:35', '2016-05-10 02:24:35'),(672, 130, 1, 1, NULL, '2016-05-16 21:50:52', '2016-05-16 21:50:52'),(674, 130, 7, 1, NULL, '2016-05-16 21:51:26', '2016-05-16 21:51:26'),(676, 131, 1, 1, NULL, '2016-05-16 23:19:00', '2016-05-16 23:19:00'),(679, 132, 1, 1, NULL, '2016-05-17 17:37:58', '2016-05-17 17:37:58'),(681, 131, 7, 1, NULL, '2016-05-17 17:38:36', '2016-05-17 17:38:36'),(682, 132, 7, 1, NULL, '2016-05-17 17:38:37', '2016-05-17 17:38:37'),(685, 130, 10, 1, NULL, '2016-05-17 20:36:19', '2016-05-17 20:36:19'),(686, 132, 10, 1, NULL, '2016-05-17 20:36:22', '2016-05-17 20:36:22'),(687, 133, 1, 1, NULL, '2016-05-18 15:33:53', '2016-05-18 15:33:53'),(694, 91, 7, 1, NULL, '2016-06-15 04:23:19', '2016-06-15 04:23:19'),(695, 92, 7, 1, NULL, '2016-06-15 04:23:20', '2016-06-15 04:23:20'),(696, 93, 7, 1, NULL, '2016-06-15 04:23:20', '2016-06-15 04:23:20'),(697, 94, 7, 1, NULL, '2016-06-15 04:23:22', '2016-06-15 04:23:22'),(698, 95, 7, 1, NULL, '2016-06-15 04:23:23', '2016-06-15 04:23:23'),(705, 68, 7, 1, NULL, '2016-06-15 19:08:08', '2016-06-15 19:08:08'),(707, 134, 1, 1, NULL, '2016-06-16 11:15:09', '2016-06-16 11:15:09'),(708, 134, 7, 1, NULL, '2016-06-16 11:15:33', '2016-06-16 11:15:33'),(711, 135, 1, 1, NULL, '2016-06-16 11:48:49', '2016-06-16 11:48:49'),(712, 135, 7, 1, NULL, '2016-06-16 11:49:00', '2016-06-16 11:49:00'),(715, 137, 1, 1, NULL, '2016-06-18 01:28:50', '2016-06-18 01:28:50'),(716, 138, 1, 1, NULL, '2016-06-18 01:28:50', '2016-06-18 01:28:50'),(717, 139, 1, 1, NULL, '2016-06-18 01:28:51', '2016-06-18 01:28:51'),(718, 140, 1, 1, NULL, '2016-06-18 01:28:52', '2016-06-18 01:28:52'),(719, 136, 1, 1, NULL, '2016-06-18 01:28:59', '2016-06-18 01:28:59'),(720, 141, 1, 1, NULL, '2016-10-30 16:16:45', '2016-10-30 16:16:45'),(721, 142, 1, 1, NULL, '2016-10-30 16:16:46', '2016-10-30 16:16:46'),(722, 42, 7, 1, NULL, '2016-11-24 12:14:02', '2016-11-24 12:14:02'),(723, 43, 7, 1, NULL, '2016-11-24 12:14:02', '2016-11-24 12:14:02'),(724, 44, 7, 1, NULL, '2016-11-24 12:14:03', '2016-11-24 12:14:03'),(725, 45, 7, 1, NULL, '2016-11-24 12:14:04', '2016-11-24 12:14:04'),(726, 46, 7, 1, NULL, '2016-11-24 12:14:05', '2016-11-24 12:14:05'),(727, 47, 7, 1, NULL, '2016-11-24 12:14:06', '2016-11-24 12:14:06'),(728, 48, 7, 1, NULL, '2016-11-24 12:14:07', '2016-11-24 12:14:07'),(729, 49, 7, 1, NULL, '2016-11-24 12:14:08', '2016-11-24 12:14:08'),(730, 50, 7, 1, NULL, '2016-11-24 12:14:09', '2016-11-24 12:14:09'),(731, 51, 7, 1, NULL, '2016-11-24 12:14:10', '2016-11-24 12:14:10'),(732, 52, 7, 1, NULL, '2016-11-24 12:14:11', '2016-11-24 12:14:11'),(733, 53, 7, 1, NULL, '2016-11-24 12:14:12', '2016-11-24 12:14:12'),(734, 54, 7, 1, NULL, '2016-11-24 12:14:13', '2016-11-24 12:14:13'),(735, 55, 7, 1, NULL, '2016-11-24 12:14:14', '2016-11-24 12:14:14'),(736, 56, 7, 1, NULL, '2016-11-24 12:14:15', '2016-11-24 12:14:15'),(737, 57, 7, 1, NULL, '2016-11-24 12:14:16', '2016-11-24 12:14:16'),(738, 58, 7, 1, NULL, '2016-11-24 12:14:17', '2016-11-24 12:14:17'),(739, 59, 7, 1, NULL, '2016-11-24 12:14:17', '2016-11-24 12:14:17'),(740, 71, 7, 1, NULL, '2016-11-24 12:14:19', '2016-11-24 12:14:19'),(741, 72, 7, 1, NULL, '2016-11-24 12:14:20', '2016-11-24 12:14:20'),(742, 74, 7, 1, NULL, '2016-11-24 12:14:22', '2016-11-24 12:14:22'),(743, 136, 7, 1, NULL, '2016-11-24 12:14:22', '2016-11-24 12:14:22'),(788, 42, 10, 1, NULL, '2016-11-24 12:16:02', '2016-11-24 12:16:02'),(789, 43, 10, 1, NULL, '2016-11-24 12:16:03', '2016-11-24 12:16:03'),(790, 44, 10, 1, NULL, '2016-11-24 12:16:04', '2016-11-24 12:16:04'),(791, 45, 10, 1, NULL, '2016-11-24 12:16:05', '2016-11-24 12:16:05'),(792, 46, 10, 1, NULL, '2016-11-24 12:16:05', '2016-11-24 12:16:05'),(793, 47, 10, 1, NULL, '2016-11-24 12:16:06', '2016-11-24 12:16:06'),(794, 48, 10, 1, NULL, '2016-11-24 12:16:07', '2016-11-24 12:16:07'),(795, 49, 10, 1, NULL, '2016-11-24 12:16:08', '2016-11-24 12:16:08'),(796, 50, 10, 1, NULL, '2016-11-24 12:16:08', '2016-11-24 12:16:08'),(798, 52, 10, 1, NULL, '2016-11-24 12:16:10', '2016-11-24 12:16:10'),(799, 53, 10, 1, NULL, '2016-11-24 12:16:12', '2016-11-24 12:16:12'),(800, 54, 10, 1, NULL, '2016-11-24 12:16:12', '2016-11-24 12:16:12'),(801, 55, 10, 1, NULL, '2016-11-24 12:16:14', '2016-11-24 12:16:14'),(802, 56, 10, 1, NULL, '2016-11-24 12:16:14', '2016-11-24 12:16:14'),(803, 57, 10, 1, NULL, '2016-11-24 12:16:15', '2016-11-24 12:16:15'),(804, 58, 10, 1, NULL, '2016-11-24 12:16:17', '2016-11-24 12:16:17'),(805, 59, 10, 1, NULL, '2016-11-24 12:16:18', '2016-11-24 12:16:18'),(806, 71, 10, 1, NULL, '2016-11-24 12:16:19', '2016-11-24 12:16:19'),(807, 72, 10, 1, NULL, '2016-11-24 12:16:19', '2016-11-24 12:16:19'),(808, 74, 10, 1, NULL, '2016-11-24 12:16:20', '2016-11-24 12:16:20'),(809, 136, 10, 1, NULL, '2016-11-24 12:16:21', '2016-11-24 12:16:21'),(833, 77, 10, 1, NULL, '2016-12-17 12:08:45', '2016-12-17 12:08:45'),(834, 69, 10, 1, NULL, '2016-12-17 12:21:34', '2016-12-17 12:21:34'),(835, 70, 10, 1, NULL, '2016-12-17 12:24:50', '2016-12-17 12:24:50'),(836, 82, 10, 1, NULL, '2016-12-17 12:47:52', '2016-12-17 12:47:52'),(837, 83, 10, 1, NULL, '2016-12-17 12:47:53', '2016-12-17 12:47:53'),(838, 141, 10, 1, NULL, '2016-12-17 12:48:07', '2016-12-17 12:48:07'),(839, 142, 10, 1, NULL, '2016-12-17 12:48:07', '2016-12-17 12:48:07'),(841, 145, 1, 1, NULL, '2016-12-21 07:11:45', '2016-12-21 07:11:45'),(852, 143, 1, 1, NULL, '2017-01-23 18:19:21', '2017-01-23 18:19:21'),(853, 144, 1, 1, NULL, '2017-01-23 18:21:13', '2017-01-23 18:21:13'),(854, 146, 1, 1, NULL, '2017-05-24 00:03:45', '2017-05-24 00:03:45'),(855, 147, 1, 1, NULL, '2017-05-24 02:07:37', '2017-05-24 02:07:37'),(856, 148, 1, 1, NULL, '2017-05-24 02:07:38', '2017-05-24 02:07:38'),(857, 149, 1, 1, NULL, '2017-05-24 02:07:39', '2017-05-24 02:07:39'),(858, 150, 1, 1, NULL, '2017-06-06 15:51:08', '2017-06-06 15:51:08'),(859, 151, 1, 1, NULL, '2017-06-06 15:51:08', '2017-06-06 15:51:08'),(860, 152, 1, 1, NULL, '2017-06-06 15:51:11', '2017-06-06 15:51:11'),(861, 153, 1, 1, NULL, '2017-06-14 15:48:34', '2017-06-14 15:48:34'),(862, 154, 1, 1, NULL, '2017-06-15 00:22:18', '2017-06-15 00:22:18'),(863, 155, 1, 1, NULL, '2017-06-27 15:15:45', '2017-06-27 15:15:45'),(864, 2, 8, 1, NULL, '2017-07-11 18:04:34', '2017-07-11 18:04:34'),(865, 3, 8, 1, NULL, '2017-07-11 18:04:34', '2017-07-11 18:04:34'),(866, 4, 8, 1, NULL, '2017-07-11 18:04:34', '2017-07-11 18:04:34'),(867, 5, 8, 1, NULL, '2017-07-11 18:04:34', '2017-07-11 18:04:34'),(868, 6, 8, 1, NULL, '2017-07-11 18:04:34', '2017-07-11 18:04:34'),(869, 7, 8, 1, NULL, '2017-07-11 18:04:34', '2017-07-11 18:04:34'),(870, 8, 8, 1, NULL, '2017-07-11 18:04:34', '2017-07-11 18:04:34'),(871, 9, 8, 1, NULL, '2017-07-11 18:04:34', '2017-07-11 18:04:34'),(872, 10, 8, 1, NULL, '2017-07-11 18:04:34', '2017-07-11 18:04:34'),(873, 11, 8, 1, NULL, '2017-07-11 18:04:34', '2017-07-11 18:04:34'),(874, 12, 8, 1, NULL, '2017-07-11 18:04:34', '2017-07-11 18:04:34'),(875, 13, 8, 1, NULL, '2017-07-11 18:04:34', '2017-07-11 18:04:34'),(876, 14, 8, 1, NULL, '2017-07-11 18:04:34', '2017-07-11 18:04:34'),(877, 15, 8, 1, NULL, '2017-07-11 18:04:34', '2017-07-11 18:04:34'),(878, 16, 8, 1, NULL, '2017-07-11 18:04:34', '2017-07-11 18:04:34'),(879, 17, 8, 1, NULL, '2017-07-11 18:04:34', '2017-07-11 18:04:34'),(880, 18, 8, 1, NULL, '2017-07-11 18:04:34', '2017-07-11 18:04:34'),(881, 19, 8, 1, NULL, '2017-07-11 18:04:34', '2017-07-11 18:04:34'),(882, 20, 8, 1, NULL, '2017-07-11 18:04:34', '2017-07-11 18:04:34'),(883, 21, 8, 1, NULL, '2017-07-11 18:04:34', '2017-07-11 18:04:34'),(884, 22, 8, 1, NULL, '2017-07-11 18:04:34', '2017-07-11 18:04:34'),(885, 23, 8, 1, NULL, '2017-07-11 18:04:34', '2017-07-11 18:04:34'),(886, 24, 8, 1, NULL, '2017-07-11 18:04:34', '2017-07-11 18:04:34'),(887, 25, 8, 1, NULL, '2017-07-11 18:04:34', '2017-07-11 18:04:34'),(888, 26, 8, 1, NULL, '2017-07-11 18:04:34', '2017-07-11 18:04:34'),(889, 27, 8, 1, NULL, '2017-07-11 18:04:34', '2017-07-11 18:04:34'),(890, 28, 8, 1, NULL, '2017-07-11 18:04:34', '2017-07-11 18:04:34'),(891, 29, 8, 1, NULL, '2017-07-11 18:04:34', '2017-07-11 18:04:34'),(892, 30, 8, 1, NULL, '2017-07-11 18:04:34', '2017-07-11 18:04:34'),(893, 31, 8, 1, NULL, '2017-07-11 18:04:34', '2017-07-11 18:04:34'),(894, 32, 8, 1, NULL, '2017-07-11 18:04:34', '2017-07-11 18:04:34'),(895, 33, 8, 1, NULL, '2017-07-11 18:04:34', '2017-07-11 18:04:34'),(896, 34, 8, 1, NULL, '2017-07-11 18:04:34', '2017-07-11 18:04:34'),(897, 35, 8, 1, NULL, '2017-07-11 18:04:34', '2017-07-11 18:04:34'),(898, 36, 8, 1, NULL, '2017-07-11 18:04:34', '2017-07-11 18:04:34'),(899, 37, 8, 1, NULL, '2017-07-11 18:04:34', '2017-07-11 18:04:34'),(900, 38, 8, 1, NULL, '2017-07-11 18:04:34', '2017-07-11 18:04:34'),(901, 39, 8, 1, NULL, '2017-07-11 18:04:34', '2017-07-11 18:04:34'),(902, 41, 8, 1, NULL, '2017-07-11 18:04:34', '2017-07-11 18:04:34'),(903, 42, 8, 1, NULL, '2017-07-11 18:04:34', '2017-07-11 18:04:34'),(904, 43, 8, 1, NULL, '2017-07-11 18:04:34', '2017-07-11 18:04:34'),(905, 44, 8, 1, NULL, '2017-07-11 18:04:34', '2017-07-11 18:04:34'),(906, 45, 8, 1, NULL, '2017-07-11 18:04:34', '2017-07-11 18:04:34'),(907, 1, 8, 1, NULL, '2017-07-11 18:04:34', '2017-07-11 18:04:34'),(908, 46, 8, 1, NULL, '2017-07-11 18:04:34', '2017-07-11 18:04:34'),(909, 47, 8, 1, NULL, '2017-07-11 18:04:34', '2017-07-11 18:04:34'),(910, 48, 8, 1, NULL, '2017-07-11 18:04:34', '2017-07-11 18:04:34'),(911, 49, 8, 1, NULL, '2017-07-11 18:04:34', '2017-07-11 18:04:34'),(912, 50, 8, 1, NULL, '2017-07-11 18:04:34', '2017-07-11 18:04:34'),(913, 51, 8, 1, NULL, '2017-07-11 18:04:34', '2017-07-11 18:04:34'),(914, 52, 8, 1, NULL, '2017-07-11 18:04:34', '2017-07-11 18:04:34'),(915, 53, 8, 1, NULL, '2017-07-11 18:04:34', '2017-07-11 18:04:34'),(916, 54, 8, 1, NULL, '2017-07-11 18:04:34', '2017-07-11 18:04:34'),(917, 55, 8, 1, NULL, '2017-07-11 18:04:34', '2017-07-11 18:04:34'),(918, 56, 8, 1, NULL, '2017-07-11 18:04:34', '2017-07-11 18:04:34'),(919, 57, 8, 1, NULL, '2017-07-11 18:04:34', '2017-07-11 18:04:34'),(920, 58, 8, 1, NULL, '2017-07-11 18:04:34', '2017-07-11 18:04:34'),(921, 59, 8, 1, NULL, '2017-07-11 18:04:34', '2017-07-11 18:04:34'),(922, 61, 8, 1, NULL, '2017-07-11 18:04:34', '2017-07-11 18:04:34'),(923, 62, 8, 1, NULL, '2017-07-11 18:04:34', '2017-07-11 18:04:34'),(924, 63, 8, 1, NULL, '2017-07-11 18:04:34', '2017-07-11 18:04:34'),(925, 60, 8, 1, NULL, '2017-07-11 18:04:34', '2017-07-11 18:04:34'),(926, 64, 8, 1, NULL, '2017-07-11 18:04:34', '2017-07-11 18:04:34'),(927, 65, 8, 1, NULL, '2017-07-11 18:04:34', '2017-07-11 18:04:34'),(928, 66, 8, 1, NULL, '2017-07-11 18:04:34', '2017-07-11 18:04:34'),(929, 67, 8, 1, NULL, '2017-07-11 18:04:34', '2017-07-11 18:04:34'),(930, 68, 8, 1, NULL, '2017-07-11 18:04:34', '2017-07-11 18:04:34'),(931, 40, 8, 1, NULL, '2017-07-11 18:04:34', '2017-07-11 18:04:34'),(932, 69, 8, 1, NULL, '2017-07-11 18:04:34', '2017-07-11 18:04:34'),(933, 70, 8, 1, NULL, '2017-07-11 18:04:34', '2017-07-11 18:04:34'),(934, 71, 8, 1, NULL, '2017-07-11 18:04:34', '2017-07-11 18:04:34'),(935, 72, 8, 1, NULL, '2017-07-11 18:04:34', '2017-07-11 18:04:34'),(936, 73, 8, 1, NULL, '2017-07-11 18:04:34', '2017-07-11 18:04:34'),(937, 74, 8, 1, NULL, '2017-07-11 18:04:34', '2017-07-11 18:04:34'),(938, 75, 8, 1, NULL, '2017-07-11 18:04:34', '2017-07-11 18:04:34'),(939, 76, 8, 1, NULL, '2017-07-11 18:04:34', '2017-07-11 18:04:34'),(940, 77, 8, 1, NULL, '2017-07-11 18:04:34', '2017-07-11 18:04:34'),(941, 78, 8, 1, NULL, '2017-07-11 18:04:34', '2017-07-11 18:04:34'),(942, 79, 8, 1, NULL, '2017-07-11 18:04:34', '2017-07-11 18:04:34'),(943, 80, 8, 1, NULL, '2017-07-11 18:04:34', '2017-07-11 18:04:34'),(944, 81, 8, 1, NULL, '2017-07-11 18:04:34', '2017-07-11 18:04:34'),(945, 82, 8, 1, NULL, '2017-07-11 18:04:34', '2017-07-11 18:04:34'),(946, 83, 8, 1, NULL, '2017-07-11 18:04:34', '2017-07-11 18:04:34'),(947, 84, 8, 1, NULL, '2017-07-11 18:04:34', '2017-07-11 18:04:34'),(948, 85, 8, 1, NULL, '2017-07-11 18:04:34', '2017-07-11 18:04:34'),(949, 86, 8, 1, NULL, '2017-07-11 18:04:34', '2017-07-11 18:04:34'),(950, 87, 8, 1, NULL, '2017-07-11 18:04:34', '2017-07-11 18:04:34'),(951, 88, 8, 1, NULL, '2017-07-11 18:04:34', '2017-07-11 18:04:34'),(952, 89, 8, 1, NULL, '2017-07-11 18:04:34', '2017-07-11 18:04:34'),(953, 90, 8, 1, NULL, '2017-07-11 18:04:34', '2017-07-11 18:04:34'),(954, 97, 8, 1, NULL, '2017-07-11 18:04:34', '2017-07-11 18:04:34'),(955, 95, 8, 1, NULL, '2017-07-11 18:04:34', '2017-07-11 18:04:34'),(956, 94, 8, 1, NULL, '2017-07-11 18:04:34', '2017-07-11 18:04:34'),(957, 93, 8, 1, NULL, '2017-07-11 18:04:34', '2017-07-11 18:04:34'),(958, 92, 8, 1, NULL, '2017-07-11 18:04:34', '2017-07-11 18:04:34'),(959, 91, 8, 1, NULL, '2017-07-11 18:04:34', '2017-07-11 18:04:34'),(964, 102, 8, 1, NULL, '2017-07-11 18:04:34', '2017-07-11 18:04:34'),(966, 104, 8, 1, NULL, '2017-07-11 18:04:34', '2017-07-11 18:04:34'),(967, 105, 8, 1, NULL, '2017-07-11 18:04:34', '2017-07-11 18:04:34'),(968, 106, 8, 1, NULL, '2017-07-11 18:04:34', '2017-07-11 18:04:34'),(969, 111, 8, 1, NULL, '2017-07-11 18:04:34', '2017-07-11 18:04:34'),(970, 110, 8, 1, NULL, '2017-07-11 18:04:34', '2017-07-11 18:04:34'),(971, 108, 8, 1, NULL, '2017-07-11 18:04:34', '2017-07-11 18:04:34'),(972, 109, 8, 1, NULL, '2017-07-11 18:04:34', '2017-07-11 18:04:34'),(973, 107, 8, 1, NULL, '2017-07-11 18:04:34', '2017-07-11 18:04:34'),(974, 112, 8, 1, NULL, '2017-07-11 18:04:34', '2017-07-11 18:04:34'),(975, 115, 8, 1, NULL, '2017-07-11 18:04:34', '2017-07-11 18:04:34'),(976, 116, 8, 1, NULL, '2017-07-11 18:04:34', '2017-07-11 18:04:34'),(977, 117, 8, 1, NULL, '2017-07-11 18:04:34', '2017-07-11 18:04:34'),(978, 118, 8, 1, NULL, '2017-07-11 18:04:34', '2017-07-11 18:04:34'),(979, 122, 8, 1, NULL, '2017-07-11 18:04:34', '2017-07-11 18:04:34'),(980, 121, 8, 1, NULL, '2017-07-11 18:04:34', '2017-07-11 18:04:34'),(981, 120, 8, 1, NULL, '2017-07-11 18:04:34', '2017-07-11 18:04:34'),(982, 119, 8, 1, NULL, '2017-07-11 18:04:34', '2017-07-11 18:04:34'),(983, 124, 8, 1, NULL, '2017-07-11 18:04:34', '2017-07-11 18:04:34'),(984, 123, 8, 1, NULL, '2017-07-11 18:04:34', '2017-07-11 18:04:34'),(985, 125, 8, 1, NULL, '2017-07-11 18:04:34', '2017-07-11 18:04:34'),(986, 126, 8, 1, NULL, '2017-07-11 18:04:34', '2017-07-11 18:04:34'),(987, 127, 8, 1, NULL, '2017-07-11 18:04:34', '2017-07-11 18:04:34'),(988, 128, 8, 1, NULL, '2017-07-11 18:04:34', '2017-07-11 18:04:34'),(989, 129, 8, 1, NULL, '2017-07-11 18:04:34', '2017-07-11 18:04:34'),(990, 130, 8, 1, NULL, '2017-07-11 18:04:34', '2017-07-11 18:04:34'),(991, 131, 8, 1, NULL, '2017-07-11 18:04:34', '2017-07-11 18:04:34'),(992, 132, 8, 1, NULL, '2017-07-11 18:04:34', '2017-07-11 18:04:34'),(993, 133, 8, 1, NULL, '2017-07-11 18:04:34', '2017-07-11 18:04:34'),(994, 134, 8, 1, NULL, '2017-07-11 18:04:34', '2017-07-11 18:04:34'),(995, 135, 8, 1, NULL, '2017-07-11 18:04:34', '2017-07-11 18:04:34'),(996, 137, 8, 1, NULL, '2017-07-11 18:04:34', '2017-07-11 18:04:34'),(997, 138, 8, 1, NULL, '2017-07-11 18:04:34', '2017-07-11 18:04:34'),(998, 139, 8, 1, NULL, '2017-07-11 18:04:34', '2017-07-11 18:04:34'),(999, 140, 8, 1, NULL, '2017-07-11 18:04:34', '2017-07-11 18:04:34'),(1000, 136, 8, 1, NULL, '2017-07-11 18:04:34', '2017-07-11 18:04:34'),(1001, 141, 8, 1, NULL, '2017-07-11 18:04:34', '2017-07-11 18:04:34'),(1002, 142, 8, 1, NULL, '2017-07-11 18:04:34', '2017-07-11 18:04:34'),(1003, 145, 8, 1, NULL, '2017-07-11 18:04:34', '2017-07-11 18:04:34'),(1004, 143, 8, 1, NULL, '2017-07-11 18:04:34', '2017-07-11 18:04:34'),(1005, 144, 8, 1, NULL, '2017-07-11 18:04:34', '2017-07-11 18:04:34'),(1006, 146, 8, 1, NULL, '2017-07-11 18:04:34', '2017-07-11 18:04:34'),(1007, 147, 8, 1, NULL, '2017-07-11 18:04:34', '2017-07-11 18:04:34'),(1008, 148, 8, 1, NULL, '2017-07-11 18:04:34', '2017-07-11 18:04:34'),(1009, 149, 8, 1, NULL, '2017-07-11 18:04:34', '2017-07-11 18:04:34'),(1010, 150, 8, 1, NULL, '2017-07-11 18:04:34', '2017-07-11 18:04:34'),(1011, 151, 8, 1, NULL, '2017-07-11 18:04:34', '2017-07-11 18:04:34'),(1012, 152, 8, 1, NULL, '2017-07-11 18:04:34', '2017-07-11 18:04:34'),(1013, 153, 8, 1, NULL, '2017-07-11 18:04:34', '2017-07-11 18:04:34'),(1015, 155, 8, 1, NULL, '2017-07-11 18:04:34', '2017-07-11 18:04:34'),(1016, 2, 9, 1, NULL, '2017-07-12 15:33:34', '2017-07-12 15:33:34'),(1017, 3, 9, 1, NULL, '2017-07-12 15:33:34', '2017-07-12 15:33:34'),(1018, 4, 9, 1, NULL, '2017-07-12 15:33:34', '2017-07-12 15:33:34'),(1019, 5, 9, 1, NULL, '2017-07-12 15:33:34', '2017-07-12 15:33:34'),(1020, 6, 9, 1, NULL, '2017-07-12 15:33:34', '2017-07-12 15:33:34'),(1021, 7, 9, 1, NULL, '2017-07-12 15:33:34', '2017-07-12 15:33:34'),(1022, 8, 9, 1, NULL, '2017-07-12 15:33:34', '2017-07-12 15:33:34'),(1023, 9, 9, 1, NULL, '2017-07-12 15:33:34', '2017-07-12 15:33:34'),(1024, 10, 9, 1, NULL, '2017-07-12 15:33:34', '2017-07-12 15:33:34'),(1025, 11, 9, 1, NULL, '2017-07-12 15:33:34', '2017-07-12 15:33:34'),(1026, 12, 9, 1, NULL, '2017-07-12 15:33:34', '2017-07-12 15:33:34'),(1027, 13, 9, 1, NULL, '2017-07-12 15:33:34', '2017-07-12 15:33:34'),(1028, 14, 9, 1, NULL, '2017-07-12 15:33:34', '2017-07-12 15:33:34'),(1029, 15, 9, 1, NULL, '2017-07-12 15:33:34', '2017-07-12 15:33:34'),(1030, 16, 9, 1, NULL, '2017-07-12 15:33:34', '2017-07-12 15:33:34'),(1031, 17, 9, 1, NULL, '2017-07-12 15:33:34', '2017-07-12 15:33:34'),(1032, 18, 9, 1, NULL, '2017-07-12 15:33:34', '2017-07-12 15:33:34'),(1033, 19, 9, 1, NULL, '2017-07-12 15:33:34', '2017-07-12 15:33:34'),(1034, 20, 9, 1, NULL, '2017-07-12 15:33:34', '2017-07-12 15:33:34'),(1035, 21, 9, 1, NULL, '2017-07-12 15:33:34', '2017-07-12 15:33:34'),(1036, 22, 9, 1, NULL, '2017-07-12 15:33:34', '2017-07-12 15:33:34'),(1037, 23, 9, 1, NULL, '2017-07-12 15:33:34', '2017-07-12 15:33:34'),(1038, 24, 9, 1, NULL, '2017-07-12 15:33:34', '2017-07-12 15:33:34'),(1039, 25, 9, 1, NULL, '2017-07-12 15:33:34', '2017-07-12 15:33:34'),(1040, 26, 9, 1, NULL, '2017-07-12 15:33:34', '2017-07-12 15:33:34'),(1041, 27, 9, 1, NULL, '2017-07-12 15:33:34', '2017-07-12 15:33:34'),(1042, 28, 9, 1, NULL, '2017-07-12 15:33:34', '2017-07-12 15:33:34'),(1043, 29, 9, 1, NULL, '2017-07-12 15:33:34', '2017-07-12 15:33:34'),(1044, 30, 9, 1, NULL, '2017-07-12 15:33:34', '2017-07-12 15:33:34'),(1045, 31, 9, 1, NULL, '2017-07-12 15:33:34', '2017-07-12 15:33:34'),(1046, 32, 9, 1, NULL, '2017-07-12 15:33:34', '2017-07-12 15:33:34'),(1047, 33, 9, 1, NULL, '2017-07-12 15:33:34', '2017-07-12 15:33:34'),(1048, 34, 9, 1, NULL, '2017-07-12 15:33:34', '2017-07-12 15:33:34'),(1049, 35, 9, 1, NULL, '2017-07-12 15:33:34', '2017-07-12 15:33:34'),(1050, 36, 9, 1, NULL, '2017-07-12 15:33:34', '2017-07-12 15:33:34'),(1051, 37, 9, 1, NULL, '2017-07-12 15:33:34', '2017-07-12 15:33:34'),(1052, 38, 9, 1, NULL, '2017-07-12 15:33:34', '2017-07-12 15:33:34'),(1053, 39, 9, 1, NULL, '2017-07-12 15:33:34', '2017-07-12 15:33:34'),(1054, 41, 9, 1, NULL, '2017-07-12 15:33:34', '2017-07-12 15:33:34'),(1055, 42, 9, 1, NULL, '2017-07-12 15:33:34', '2017-07-12 15:33:34'),(1056, 43, 9, 1, NULL, '2017-07-12 15:33:34', '2017-07-12 15:33:34'),(1057, 44, 9, 1, NULL, '2017-07-12 15:33:34', '2017-07-12 15:33:34'),(1058, 45, 9, 1, NULL, '2017-07-12 15:33:34', '2017-07-12 15:33:34'),(1059, 1, 9, 1, NULL, '2017-07-12 15:33:34', '2017-07-12 15:33:34'),(1060, 46, 9, 1, NULL, '2017-07-12 15:33:34', '2017-07-12 15:33:34'),(1061, 47, 9, 1, NULL, '2017-07-12 15:33:34', '2017-07-12 15:33:34'),(1062, 48, 9, 1, NULL, '2017-07-12 15:33:34', '2017-07-12 15:33:34'),(1063, 49, 9, 1, NULL, '2017-07-12 15:33:34', '2017-07-12 15:33:34'),(1064, 50, 9, 1, NULL, '2017-07-12 15:33:34', '2017-07-12 15:33:34'),(1065, 51, 9, 1, NULL, '2017-07-12 15:33:34', '2017-07-12 15:33:34'),(1066, 52, 9, 1, NULL, '2017-07-12 15:33:34', '2017-07-12 15:33:34'),(1067, 53, 9, 1, NULL, '2017-07-12 15:33:34', '2017-07-12 15:33:34'),(1068, 54, 9, 1, NULL, '2017-07-12 15:33:34', '2017-07-12 15:33:34'),(1069, 55, 9, 1, NULL, '2017-07-12 15:33:34', '2017-07-12 15:33:34'),(1070, 56, 9, 1, NULL, '2017-07-12 15:33:34', '2017-07-12 15:33:34'),(1071, 57, 9, 1, NULL, '2017-07-12 15:33:34', '2017-07-12 15:33:34'),(1072, 58, 9, 1, NULL, '2017-07-12 15:33:34', '2017-07-12 15:33:34'),(1073, 59, 9, 1, NULL, '2017-07-12 15:33:34', '2017-07-12 15:33:34'),(1074, 61, 9, 1, NULL, '2017-07-12 15:33:34', '2017-07-12 15:33:34'),(1075, 62, 9, 1, NULL, '2017-07-12 15:33:34', '2017-07-12 15:33:34'),(1076, 63, 9, 1, NULL, '2017-07-12 15:33:34', '2017-07-12 15:33:34'),(1077, 60, 9, 1, NULL, '2017-07-12 15:33:34', '2017-07-12 15:33:34'),(1078, 64, 9, 1, NULL, '2017-07-12 15:33:34', '2017-07-12 15:33:34'),(1079, 65, 9, 1, NULL, '2017-07-12 15:33:34', '2017-07-12 15:33:34'),(1080, 66, 9, 1, NULL, '2017-07-12 15:33:34', '2017-07-12 15:33:34'),(1081, 67, 9, 1, NULL, '2017-07-12 15:33:34', '2017-07-12 15:33:34'),(1082, 68, 9, 1, NULL, '2017-07-12 15:33:34', '2017-07-12 15:33:34'),(1083, 40, 9, 1, NULL, '2017-07-12 15:33:34', '2017-07-12 15:33:34'),(1084, 69, 9, 1, NULL, '2017-07-12 15:33:34', '2017-07-12 15:33:34'),(1085, 70, 9, 1, NULL, '2017-07-12 15:33:34', '2017-07-12 15:33:34'),(1086, 71, 9, 1, NULL, '2017-07-12 15:33:34', '2017-07-12 15:33:34'),(1087, 72, 9, 1, NULL, '2017-07-12 15:33:34', '2017-07-12 15:33:34'),(1088, 73, 9, 1, NULL, '2017-07-12 15:33:34', '2017-07-12 15:33:34'),(1089, 74, 9, 1, NULL, '2017-07-12 15:33:34', '2017-07-12 15:33:34'),(1090, 75, 9, 1, NULL, '2017-07-12 15:33:34', '2017-07-12 15:33:34'),(1091, 76, 9, 1, NULL, '2017-07-12 15:33:34', '2017-07-12 15:33:34'),(1092, 77, 9, 1, NULL, '2017-07-12 15:33:34', '2017-07-12 15:33:34'),(1093, 78, 9, 1, NULL, '2017-07-12 15:33:34', '2017-07-12 15:33:34'),(1094, 79, 9, 1, NULL, '2017-07-12 15:33:34', '2017-07-12 15:33:34'),(1095, 80, 9, 1, NULL, '2017-07-12 15:33:34', '2017-07-12 15:33:34'),(1096, 81, 9, 1, NULL, '2017-07-12 15:33:34', '2017-07-12 15:33:34'),(1097, 82, 9, 1, NULL, '2017-07-12 15:33:34', '2017-07-12 15:33:34'),(1098, 83, 9, 1, NULL, '2017-07-12 15:33:34', '2017-07-12 15:33:34'),(1099, 84, 9, 1, NULL, '2017-07-12 15:33:34', '2017-07-12 15:33:34'),(1100, 85, 9, 1, NULL, '2017-07-12 15:33:34', '2017-07-12 15:33:34'),(1101, 86, 9, 1, NULL, '2017-07-12 15:33:34', '2017-07-12 15:33:34'),(1102, 87, 9, 1, NULL, '2017-07-12 15:33:34', '2017-07-12 15:33:34'),(1103, 88, 9, 1, NULL, '2017-07-12 15:33:34', '2017-07-12 15:33:34'),(1104, 89, 9, 1, NULL, '2017-07-12 15:33:34', '2017-07-12 15:33:34'),(1105, 90, 9, 1, NULL, '2017-07-12 15:33:34', '2017-07-12 15:33:34'),(1106, 97, 9, 1, NULL, '2017-07-12 15:33:34', '2017-07-12 15:33:34'),(1107, 95, 9, 1, NULL, '2017-07-12 15:33:34', '2017-07-12 15:33:34'),(1108, 94, 9, 1, NULL, '2017-07-12 15:33:34', '2017-07-12 15:33:34'),(1109, 93, 9, 1, NULL, '2017-07-12 15:33:34', '2017-07-12 15:33:34'),(1110, 92, 9, 1, NULL, '2017-07-12 15:33:34', '2017-07-12 15:33:34'),(1111, 91, 9, 1, NULL, '2017-07-12 15:33:34', '2017-07-12 15:33:34'),(1112, 98, 9, 1, NULL, '2017-07-12 15:33:34', '2017-07-12 15:33:34'),(1113, 99, 9, 1, NULL, '2017-07-12 15:33:34', '2017-07-12 15:33:34'),(1114, 100, 9, 1, NULL, '2017-07-12 15:33:34', '2017-07-12 15:33:34'),(1115, 101, 9, 1, NULL, '2017-07-12 15:33:34', '2017-07-12 15:33:34'),(1116, 102, 9, 1, NULL, '2017-07-12 15:33:34', '2017-07-12 15:33:34'),(1117, 103, 9, 1, NULL, '2017-07-12 15:33:34', '2017-07-12 15:33:34'),(1118, 104, 9, 1, NULL, '2017-07-12 15:33:34', '2017-07-12 15:33:34'),(1119, 105, 9, 1, NULL, '2017-07-12 15:33:34', '2017-07-12 15:33:34'),(1120, 106, 9, 1, NULL, '2017-07-12 15:33:34', '2017-07-12 15:33:34'),(1121, 111, 9, 1, NULL, '2017-07-12 15:33:34', '2017-07-12 15:33:34'),(1122, 110, 9, 1, NULL, '2017-07-12 15:33:34', '2017-07-12 15:33:34'),(1123, 108, 9, 1, NULL, '2017-07-12 15:33:34', '2017-07-12 15:33:34'),(1124, 109, 9, 1, NULL, '2017-07-12 15:33:34', '2017-07-12 15:33:34'),(1125, 107, 9, 1, NULL, '2017-07-12 15:33:34', '2017-07-12 15:33:34'),(1126, 112, 9, 1, NULL, '2017-07-12 15:33:34', '2017-07-12 15:33:34'),(1127, 115, 9, 1, NULL, '2017-07-12 15:33:34', '2017-07-12 15:33:34'),(1128, 116, 9, 1, NULL, '2017-07-12 15:33:34', '2017-07-12 15:33:34'),(1129, 117, 9, 1, NULL, '2017-07-12 15:33:34', '2017-07-12 15:33:34'),(1130, 118, 9, 1, NULL, '2017-07-12 15:33:34', '2017-07-12 15:33:34'),(1131, 122, 9, 1, NULL, '2017-07-12 15:33:34', '2017-07-12 15:33:34'),(1132, 121, 9, 1, NULL, '2017-07-12 15:33:34', '2017-07-12 15:33:34'),(1133, 120, 9, 1, NULL, '2017-07-12 15:33:34', '2017-07-12 15:33:34'),(1134, 119, 9, 1, NULL, '2017-07-12 15:33:34', '2017-07-12 15:33:34'),(1135, 124, 9, 1, NULL, '2017-07-12 15:33:34', '2017-07-12 15:33:34'),(1136, 123, 9, 1, NULL, '2017-07-12 15:33:34', '2017-07-12 15:33:34'),(1137, 125, 9, 1, NULL, '2017-07-12 15:33:34', '2017-07-12 15:33:34'),(1138, 126, 9, 1, NULL, '2017-07-12 15:33:34', '2017-07-12 15:33:34'),(1139, 127, 9, 1, NULL, '2017-07-12 15:33:34', '2017-07-12 15:33:34'),(1140, 128, 9, 1, NULL, '2017-07-12 15:33:34', '2017-07-12 15:33:34'),(1141, 129, 9, 1, NULL, '2017-07-12 15:33:34', '2017-07-12 15:33:34'),(1142, 130, 9, 1, NULL, '2017-07-12 15:33:34', '2017-07-12 15:33:34'),(1143, 131, 9, 1, NULL, '2017-07-12 15:33:34', '2017-07-12 15:33:34'),(1144, 132, 9, 1, NULL, '2017-07-12 15:33:34', '2017-07-12 15:33:34'),(1145, 133, 9, 1, NULL, '2017-07-12 15:33:34', '2017-07-12 15:33:34'),(1146, 134, 9, 1, NULL, '2017-07-12 15:33:34', '2017-07-12 15:33:34'),(1147, 135, 9, 1, NULL, '2017-07-12 15:33:34', '2017-07-12 15:33:34'),(1148, 137, 9, 1, NULL, '2017-07-12 15:33:34', '2017-07-12 15:33:34'),(1149, 138, 9, 1, NULL, '2017-07-12 15:33:34', '2017-07-12 15:33:34'),(1150, 139, 9, 1, NULL, '2017-07-12 15:33:34', '2017-07-12 15:33:34'),(1151, 140, 9, 1, NULL, '2017-07-12 15:33:34', '2017-07-12 15:33:34'),(1152, 136, 9, 1, NULL, '2017-07-12 15:33:34', '2017-07-12 15:33:34'),(1153, 141, 9, 1, NULL, '2017-07-12 15:33:34', '2017-07-12 15:33:34'),(1154, 142, 9, 1, NULL, '2017-07-12 15:33:34', '2017-07-12 15:33:34'),(1155, 145, 9, 1, NULL, '2017-07-12 15:33:34', '2017-07-12 15:33:34'),(1156, 143, 9, 1, NULL, '2017-07-12 15:33:34', '2017-07-12 15:33:34'),(1157, 144, 9, 1, NULL, '2017-07-12 15:33:34', '2017-07-12 15:33:34'),(1158, 146, 9, 1, NULL, '2017-07-12 15:33:34', '2017-07-12 15:33:34'),(1159, 147, 9, 1, NULL, '2017-07-12 15:33:34', '2017-07-12 15:33:34'),(1160, 148, 9, 1, NULL, '2017-07-12 15:33:34', '2017-07-12 15:33:34'),(1161, 149, 9, 1, NULL, '2017-07-12 15:33:34', '2017-07-12 15:33:34'),(1162, 150, 9, 1, NULL, '2017-07-12 15:33:34', '2017-07-12 15:33:34'),(1163, 151, 9, 1, NULL, '2017-07-12 15:33:34', '2017-07-12 15:33:34'),(1164, 152, 9, 1, NULL, '2017-07-12 15:33:34', '2017-07-12 15:33:34'),(1165, 153, 9, 1, NULL, '2017-07-12 15:33:34', '2017-07-12 15:33:34'),(1166, 154, 9, 1, NULL, '2017-07-12 15:33:34', '2017-07-12 15:33:34'),(1167, 155, 9, 1, NULL, '2017-07-12 15:33:34', '2017-07-12 15:33:34'),(1168, 154, 8, 1, NULL, '2018-07-08 17:02:08', '2018-07-08 17:02:08');
UNLOCK TABLES;
COMMIT;
BEGIN;
LOCK TABLES `centralcar`.`fw_roles` WRITE;
DELETE FROM `centralcar`.`fw_roles`;
INSERT INTO `centralcar`.`fw_roles` (`id_rol`,`cat_tiporol`,`descripcion`,`user_alta`,`user_mod`,`fecha_alta`,`fecha_mod`) VALUES (1, 25, 'Desarrollador', 0, 0, '0000-00-00 00:00:00', '0000-00-00 00:00:00'),(2, 27, 'Operador', 0, 0, '0000-00-00 00:00:00', '0000-00-00 00:00:00'),(3, 26, 'Director', 0, 0, '0000-00-00 00:00:00', '0000-00-00 00:00:00'),(4, 26, 'Ejecutivo', 0, 0, '0000-00-00 00:00:00', '0000-00-00 00:00:00'),(5, 26, 'Empleado', 0, 0, '0000-00-00 00:00:00', '0000-00-00 00:00:00'),(6, 26, 'Particular', 1, NULL, '2015-10-13 21:46:09', '2015-10-13 20:46:09'),(7, 27, 'Director', 1, NULL, '2016-02-08 14:09:08', '2016-02-08 13:09:08'),(8, 27, 'Gerencia', 1, NULL, '2016-02-08 14:09:26', '2016-02-08 13:09:26'),(9, 27, 'Supervisor', 1, NULL, '2016-03-07 18:24:31', '2016-03-07 17:24:31'),(10, 27, 'Telefonista', 1, NULL, '2016-03-07 18:24:46', '2016-03-07 17:24:46'),(11, 26, 'Administrador', 1, NULL, '2016-11-25 21:53:16', '2016-11-25 21:53:16');
UNLOCK TABLES;
COMMIT;
BEGIN;
LOCK TABLES `centralcar`.`fw_roles_alta` WRITE;
DELETE FROM `centralcar`.`fw_roles_alta`;
INSERT INTO `centralcar`.`fw_roles_alta` (`id_rol_alta`,`id_rol`,`access`,`user_alta`,`user_mod`,`fecha_alta`,`fecha_mod`) VALUES (1, 1, 9, 1, NULL, '2016-05-28 18:05:35', '2016-05-28 18:05:35'),(2, 1, 5, 1, NULL, '2016-05-28 18:05:36', '2016-05-28 18:05:36'),(3, 1, 1, 1, NULL, '2016-05-28 18:05:36', '2016-05-28 18:05:36'),(4, 1, 2, 1, NULL, '2016-05-28 18:05:37', '2016-05-28 18:05:37'),(5, 1, 6, 1, NULL, '2016-05-28 18:05:37', '2016-05-28 18:05:37'),(6, 1, 10, 1, NULL, '2016-05-28 18:05:38', '2016-05-28 18:05:38'),(7, 1, 7, 1, NULL, '2016-05-28 18:05:39', '2016-05-28 18:05:39'),(8, 1, 3, 1, NULL, '2016-05-28 18:05:39', '2016-05-28 18:05:39'),(9, 1, 4, 1, NULL, '2016-05-28 18:05:40', '2016-05-28 18:05:40'),(10, 1, 8, 1, NULL, '2016-05-28 18:05:41', '2016-05-28 18:05:41'),(11, 7, 2, 1, NULL, '2016-05-28 18:06:35', '2016-05-28 18:06:35'),(12, 7, 10, 1, NULL, '2016-05-28 18:06:49', '2016-05-28 18:06:49'),(13, 7, 9, 1, NULL, '2016-05-28 18:06:50', '2016-05-28 18:06:50'),(14, 7, 8, 1, NULL, '2016-05-28 18:06:51', '2016-05-28 18:06:51'),(15, 7, 7, 1, NULL, '2016-05-28 18:06:52', '2016-05-28 18:06:52'),(16, 8, 2, 1, NULL, '2016-05-28 18:07:11', '2016-05-28 18:07:11'),(17, 8, 10, 1, NULL, '2016-05-28 18:07:13', '2016-05-28 18:07:13'),(18, 8, 9, 1, NULL, '2016-05-28 18:07:15', '2016-05-28 18:07:15'),(19, 8, 8, 1, NULL, '2016-05-28 18:07:19', '2016-05-28 18:07:19'),(20, 9, 2, 1, NULL, '2016-05-28 18:07:42', '2016-05-28 18:07:42'),(21, 9, 9, 1, NULL, '2016-05-28 18:07:44', '2016-05-28 18:07:44'),(22, 9, 10, 1, NULL, '2016-05-28 18:07:45', '2016-05-28 18:07:45'),(23, 8, 6, 1, NULL, '2016-11-25 17:38:57', '2016-11-25 17:38:57'),(24, 8, 3, 1, NULL, '2016-11-25 17:38:59', '2016-11-25 17:38:59'),(25, 8, 5, 1, NULL, '2016-11-25 17:39:01', '2016-11-25 17:39:01'),(26, 8, 4, 1, NULL, '2016-11-25 17:39:02', '2016-11-25 17:39:02'),(27, 7, 4, 1, NULL, '2016-11-25 21:37:51', '2016-11-25 21:37:51'),(28, 7, 5, 1, NULL, '2016-11-25 21:37:51', '2016-11-25 21:37:51'),(29, 7, 6, 1, NULL, '2016-11-25 21:37:52', '2016-11-25 21:37:52'),(30, 7, 3, 1, NULL, '2016-11-25 21:37:53', '2016-11-25 21:37:53'),(31, 9, 4, 1, NULL, '2016-11-25 21:38:27', '2016-11-25 21:38:27'),(32, 9, 5, 1, NULL, '2016-11-25 21:38:28', '2016-11-25 21:38:28'),(33, 9, 6, 1, NULL, '2016-11-25 21:38:29', '2016-11-25 21:38:29'),(34, 9, 3, 1, NULL, '2016-11-25 21:38:30', '2016-11-25 21:38:30'),(35, 10, 5, 1, NULL, '2016-11-25 21:38:49', '2016-11-25 21:38:49'),(36, 10, 6, 1, NULL, '2016-11-25 21:38:50', '2016-11-25 21:38:50'),(37, 10, 3, 1, NULL, '2016-11-25 21:38:50', '2016-11-25 21:38:50'),(38, 10, 4, 1, NULL, '2016-11-25 21:38:51', '2016-11-25 21:38:51'),(39, 10, 11, 1, NULL, '2016-11-25 21:53:31', '2016-11-25 21:53:31'),(40, 9, 11, 1, NULL, '2016-11-25 21:53:49', '2016-11-25 21:53:49'),(41, 8, 11, 1, NULL, '2016-11-25 21:53:59', '2016-11-25 21:53:59'),(42, 7, 11, 1, NULL, '2016-11-25 21:54:08', '2016-11-25 21:54:08'),(43, 1, 11, 1, NULL, '2016-11-25 21:55:44', '2016-11-25 21:55:44'),(44, 1, 192, 1, NULL, '2017-06-27 15:12:15', '2017-06-27 15:12:15'),(45, 1, 252, 1, NULL, '2017-06-27 15:12:16', '2017-06-27 15:12:16'),(46, 1, 193, 1, NULL, '2017-06-27 15:12:17', '2017-06-27 15:12:17'),(47, 1, 253, 1, NULL, '2017-06-27 15:12:18', '2017-06-27 15:12:18'),(48, 1, 248, 1, NULL, '2017-06-27 15:12:19', '2017-06-27 15:12:19'),(49, 1, 258, 1, NULL, '2017-06-27 15:12:20', '2017-06-27 15:12:20'),(50, 8, 192, 1, NULL, '2018-07-08 17:01:55', '2018-07-08 17:01:55'),(51, 8, 252, 1, NULL, '2018-07-08 17:01:55', '2018-07-08 17:01:55'),(52, 8, 253, 1, NULL, '2018-07-08 17:01:56', '2018-07-08 17:01:56'),(53, 8, 193, 1, NULL, '2018-07-08 17:01:57', '2018-07-08 17:01:57'),(54, 8, 258, 1, NULL, '2018-07-08 17:01:57', '2018-07-08 17:01:57'),(55, 8, 248, 1, NULL, '2018-07-08 17:01:58', '2018-07-08 17:01:58');
UNLOCK TABLES;
COMMIT;
BEGIN;
LOCK TABLES `centralcar`.`fw_ubicacion` WRITE;
DELETE FROM `centralcar`.`fw_ubicacion`;
INSERT INTO `centralcar`.`fw_ubicacion` (`id_ubicacion`,`descripcion_ubicacion`,`direccion`,`cat_tipo_ubicacion`,`user_alta`,`user_mod`,`fecha_alta`,`fecha_mod`) VALUES (1, 'Oficinas Centrales', 'Calle 6 N 18 Int 6', 1, 0, 0, '0000-00-00 00:00:00', '2018-06-14 20:30:04');
UNLOCK TABLES;
COMMIT;
BEGIN;
LOCK TABLES `centralcar`.`fw_usuarios` WRITE;
DELETE FROM `centralcar`.`fw_usuarios`;
INSERT INTO `centralcar`.`fw_usuarios` (`id_usuario`,`id_area`,`password`,`usuario`,`correo`,`id_rol`,`nombres`,`apellido_paterno`,`apellido_materno`,`id_ubicacion`,`cat_status`,`user_alta`,`user_mod`,`fecha_alta`,`fecha_mod`) VALUES (1, NULL, 'df5ab157588a83bb84ae7318cd66cccc', 'manuel', 'manuelaguado@msn.com', 1, 'Manuel Emiliano', 'Aguado', 'Meza', 1, 3, 0, 1, '0000-00-00 00:00:00', '2017-07-13 14:09:25'),(2, NULL, '32a2e7b53d526c70b74141f2351c03a3', 'eduardo', 'eduardoaguado@gmail.com', 8, 'Eduardo Alberto', 'Aguado', 'Meza', 1, 3, 1, 2, '2016-02-08 14:20:49', '2018-06-14 13:05:30'),(3, NULL, '827ccb0eea8a706c4c34a16891f84e7b', 'SSerna', 'operador05@serviciosejecutivos.mx', 2, 'Sergio', 'Serna', 'Tellez', 1, 3, 2, 2, '2018-06-18 13:12:47', '2018-06-18 13:55:38'),(4, NULL, '827ccb0eea8a706c4c34a16891f84e7b', 'OSandoval', 'operador12@serviciosejecutivos.mx', 2, 'Oscar', 'Sandoval', 'Barajas', 1, 3, 2, 2, '2018-06-18 13:55:09', '2018-06-21 17:56:12'),(5, NULL, '827ccb0eea8a706c4c34a16891f84e7b', 'SCuenca', 'operador14@serviciosejecutivos.mx', 2, 'Samuel', 'Cuenca', 'Castillo', 1, 3, 2, NULL, '2018-06-18 14:05:21', '2018-06-18 14:05:21'),(6, NULL, '827ccb0eea8a706c4c34a16891f84e7b', 'JElizarraras', 'operador17@serviciosejecutivos.mx', 2, 'Juan', 'Elizarraras', 'Olguin', 1, 3, 2, NULL, '2018-06-18 14:06:39', '2018-06-18 14:06:39'),(7, NULL, '827ccb0eea8a706c4c34a16891f84e7b', 'FLopez', 'operador18@serviciosejecutivos.mx', 2, 'Francisco', 'Lpez', 'Saldivar', 1, 3, 2, 2, '2018-06-18 14:14:20', '2018-06-18 15:39:53'),(8, NULL, '827ccb0eea8a706c4c34a16891f84e7b', 'RCipres', 'operador19@serviciosejecutivos.mx', 2, 'Roberto', 'Cipres', 'Abadn', 1, 3, 2, 2, '2018-06-18 14:15:45', '2018-06-18 15:40:13'),(9, NULL, '827ccb0eea8a706c4c34a16891f84e7b', 'EGarcia', 'operador20@serviciosejecutivos.mx', 2, 'Edward', 'Garcia', 'Carpio', 1, 3, 2, NULL, '2018-06-18 15:33:03', '2018-06-18 15:33:03'),(10, NULL, '827ccb0eea8a706c4c34a16891f84e7b', 'IZurita', 'operador21@serviciosejecutivos.mx', 2, 'Ivan Felipe', 'Zurita', 'Tinoco', 1, 3, 2, NULL, '2018-06-18 15:34:44', '2018-06-18 15:34:44'),(11, NULL, '827ccb0eea8a706c4c34a16891f84e7b', 'LHueramo', 'operador25@serviciosejecutivos.mx', 2, 'Luis Armando', 'Hueramo', 'Acosta', 1, 3, 2, 2, '2018-06-18 15:36:43', '2018-06-18 15:40:58'),(12, NULL, '827ccb0eea8a706c4c34a16891f84e7b', 'PPonce', 'operador26@serviciosejecutivos.mx', 2, 'Publio', 'Ponce', 'Garca', 1, 3, 2, NULL, '2018-06-18 15:38:16', '2018-06-18 15:38:16'),(13, NULL, '827ccb0eea8a706c4c34a16891f84e7b', 'JPerez', 'operador27@serviciosejecutivos.mx', 2, 'Juan', 'Perez', 'Hernandez', 1, 3, 2, 2, '2018-06-18 15:43:35', '2018-06-19 19:46:37'),(14, NULL, '827ccb0eea8a706c4c34a16891f84e7b', 'AMartinez', 'operador29@serviciosejecutivos,mx', 2, 'Angel', 'Martinez', 'XXX', 1, 3, 2, NULL, '2018-06-18 15:45:00', '2018-06-18 15:45:00'),(15, NULL, '827ccb0eea8a706c4c34a16891f84e7b', 'BVelazquez', 'operador37@serviciosejecutivos.mx', 2, 'Bernardo', 'Velazquez', 'Salas', 1, 3, 2, NULL, '2018-06-18 15:46:56', '2018-06-18 15:46:56'),(16, NULL, '827ccb0eea8a706c4c34a16891f84e7b', 'JChavez', 'operador38@serviciosejecutivos.mx', 2, 'Jose Juan', 'Chavez', 'Rubio', 1, 3, 2, NULL, '2018-06-18 15:49:25', '2018-06-18 15:49:25'),(17, NULL, '827ccb0eea8a706c4c34a16891f84e7b', 'RMaravilla', 'operador39@serviciosejecutivos.mx', 2, 'Ruben', 'Maravilla', 'Gutierrez', 1, 3, 2, 2, '2018-06-18 15:55:34', '2018-06-18 15:56:05'),(18, NULL, '827ccb0eea8a706c4c34a16891f84e7b', 'JBojorges', 'operador40@serviciosejecutivos.mx', 2, 'Juan Cecilio', 'Bojorges', 'Alvarez', 1, 3, 2, NULL, '2018-06-18 16:36:59', '2018-06-18 16:36:59'),(19, NULL, '827ccb0eea8a706c4c34a16891f84e7b', 'SSanchez', 'operador42@serviciosejecutivos.mx', 2, 'Salomon', 'Sanchez', 'Matias', 1, 3, 2, NULL, '2018-06-18 16:38:40', '2018-06-18 16:38:40'),(20, NULL, '827ccb0eea8a706c4c34a16891f84e7b', 'JZurita', 'operador43@serviciosejecutivos.mx', 2, 'Julio Cesar', 'Zurita', 'Perez', 1, 3, 2, NULL, '2018-06-18 16:41:49', '2018-06-18 16:41:49'),(21, NULL, '827ccb0eea8a706c4c34a16891f84e7b', 'FRincon', 'operador45@serviciosejecutivos.mx', 2, 'Francisco', 'Rincon', 'Gallardo', 1, 3, 2, NULL, '2018-06-18 17:18:18', '2018-06-18 17:18:18'),(22, NULL, '827ccb0eea8a706c4c34a16891f84e7b', 'RMorales', 'operador50@serviciosejecutivos.mx', 2, 'Raul', 'Morales', 'Hernandez', 1, 3, 2, NULL, '2018-06-18 17:28:19', '2018-06-18 17:28:19'),(23, NULL, '827ccb0eea8a706c4c34a16891f84e7b', 'FRodriguez', 'operador51@serviciosejecutivos.mx', 2, 'Fernando', 'Rodriguez', 'Castro', 1, 3, 2, 2, '2018-06-18 17:29:20', '2018-06-18 17:29:39'),(24, NULL, '827ccb0eea8a706c4c34a16891f84e7b', 'RHernandez', 'operador62@serviciosejecutivos.mx', 2, 'Ricardo Ivan', 'Hernandez', 'Hernandez', 1, 3, 2, NULL, '2018-06-18 17:31:11', '2018-06-18 17:31:11'),(25, NULL, '827ccb0eea8a706c4c34a16891f84e7b', 'JParedes', 'operador70@serviciosejecutivos.mx', 2, 'Julio Cesar', 'Zurita', 'Paredes', 1, 3, 2, NULL, '2018-06-18 17:32:33', '2018-06-18 17:32:33'),(26, NULL, '827ccb0eea8a706c4c34a16891f84e7b', 'RLopez', 'operador73@serviciosejecutivos.mx', 2, 'Roberto Daniel', 'Lopez', 'Rivera', 1, 3, 2, NULL, '2018-06-18 17:33:41', '2018-06-18 17:33:41'),(27, NULL, '827ccb0eea8a706c4c34a16891f84e7b', 'JValdez', 'operador84@serviciosejecutivos.mx', 2, 'Jaime', 'Valdez', 'Monroy', 1, 3, 2, NULL, '2018-06-18 17:34:44', '2018-06-18 17:34:44'),(28, NULL, '827ccb0eea8a706c4c34a16891f84e7b', 'DHernandez', 'operador91@serviciosejecutivos.mx', 2, 'Daniel', 'Hernandez', 'Jaime', 1, 3, 2, NULL, '2018-06-18 17:35:45', '2018-06-18 17:35:45'),(29, NULL, '827ccb0eea8a706c4c34a16891f84e7b', 'RMunguia', 'operador92@serviciosejecutivos.mx', 2, 'Rodolfo Eduardo', 'Munguia', 'Ortega', 1, 3, 2, NULL, '2018-06-18 17:37:01', '2018-06-18 17:37:01'),(30, NULL, '827ccb0eea8a706c4c34a16891f84e7b', 'LCruz', 'operador94@serviciosejecutivos.mx', 2, 'Leonardo', 'Cruz', 'Palma', 1, 3, 2, NULL, '2018-06-18 17:38:08', '2018-06-18 17:38:08'),(31, NULL, '827ccb0eea8a706c4c34a16891f84e7b', 'LGarcia', 'operador98@serviciosejecutivos.mx', 2, 'Lucino', 'Garcia', 'Santiago', 1, 3, 2, 2, '2018-06-18 17:39:42', '2018-06-18 17:40:07'),(32, NULL, '827ccb0eea8a706c4c34a16891f84e7b', 'FAguirre', 'operador24@serviciosejecutivos.mx', 2, 'Francisco', 'Aguirre', 'xxx', 1, 3, 2, NULL, '2018-06-18 17:55:34', '2018-06-18 17:55:34'),(33, NULL, '827ccb0eea8a706c4c34a16891f84e7b', 'ACamacho', 'operador41@serviciosejecutivos.mx', 2, 'Alejandro', 'Camacho', 'XXX', 1, 3, 2, NULL, '2018-06-18 17:56:26', '2018-06-18 17:56:26'),(34, NULL, '827ccb0eea8a706c4c34a16891f84e7b', 'ERomero', 'operador77@serviciosejecutivos.mx', 2, 'Emiliano', 'Romero', 'XXX', 1, 3, 2, NULL, '2018-06-18 17:57:43', '2018-06-18 17:57:43'),(35, NULL, '827ccb0eea8a706c4c34a16891f84e7b', 'HMexicano', 'operador82@serviciosejecutivos.mx', 2, 'Hector', 'Mexicano', 'Xolotl', 1, 3, 2, NULL, '2018-06-18 17:58:32', '2018-06-18 17:58:32'),(36, NULL, '827ccb0eea8a706c4c34a16891f84e7b', 'TLopez', 'operador61@serviciosejecutivos.mx', 2, 'Rogelio Teodoro', 'Lopez', 'XXX', 1, 3, 2, 2, '2018-06-18 18:00:01', '2018-06-25 14:33:45'),(37, NULL, '827ccb0eea8a706c4c34a16891f84e7b', 'AAscencio', 'operador01@serviciosejecutivos.mx', 2, 'Angel Manuel', 'Ascencio', 'Lopez', 1, 3, 2, NULL, '2018-06-18 18:11:12', '2018-06-18 18:11:12'),(38, NULL, '827ccb0eea8a706c4c34a16891f84e7b', 'EAguado', 'operador02@serviciosejecutivos.mx', 2, 'Eduardo Alberto', 'Aguado', 'Meza', 1, 3, 2, NULL, '2018-06-18 18:12:08', '2018-06-18 18:12:08'),(39, NULL, '827ccb0eea8a706c4c34a16891f84e7b', 'CManriquez', 'operador16@serviciosejecutivos.mx', 2, 'Carlos', 'Manriquez', 'Enriquez', 1, 3, 2, NULL, '2018-06-18 18:18:47', '2018-06-18 18:18:47');
UNLOCK TABLES;
COMMIT;
BEGIN;
LOCK TABLES `centralcar`.`fw_usuarios_config` WRITE;
DELETE FROM `centralcar`.`fw_usuarios_config`;
INSERT INTO `centralcar`.`fw_usuarios_config` (`id_usuario_config`,`id_usuario`,`avatar`,`paginacion`,`activar_paginado`,`aceptar_tyc`,`fecha_ingreso`,`poseido`,`password`,`user_alta`,`user_mod`,`fecha_alta`,`fecha_mod`) VALUES (1, 1, 'hDImK7.png', 0, '0', 'SI', '0000-00-00', 0, NULL, 1, 1, '2016-02-08 13:59:40', '2018-06-14 20:46:05'),(2, 2, 'eW2HUt.png', 0, '0', 'SI', '0000-00-00', 0, NULL, 6, 2, '2016-02-08 14:32:06', '2018-06-14 13:05:30'),(3, 3, NULL, NULL, NULL, 'NO', '2010-01-01', 0, NULL, 2, 2, '2018-06-18 13:12:47', '2018-06-18 13:12:47'),(4, 4, NULL, NULL, NULL, 'NO', '2010-01-01', 0, NULL, 2, 2, '2018-06-18 13:55:09', '2018-06-18 13:55:09'),(5, 5, NULL, NULL, NULL, 'NO', '2016-01-01', 0, NULL, 2, 2, '2018-06-18 14:05:21', '2018-06-18 14:05:21'),(6, 6, NULL, NULL, NULL, 'NO', '2016-01-01', 0, NULL, 2, 2, '2018-06-18 14:06:39', '2018-06-18 14:06:39'),(7, 7, NULL, NULL, NULL, 'NO', '2018-05-01', 0, NULL, 2, 2, '2018-06-18 14:14:20', '2018-06-18 15:39:53'),(8, 8, NULL, NULL, NULL, 'NO', '2013-06-01', 0, NULL, 2, 2, '2018-06-18 14:15:45', '2018-06-18 14:15:45'),(9, 9, NULL, NULL, NULL, 'NO', '2015-01-01', 0, NULL, 2, 2, '2018-06-18 15:33:03', '2018-06-18 15:33:03'),(10, 10, NULL, NULL, NULL, 'NO', '2018-06-01', 0, NULL, 2, 2, '2018-06-18 15:34:44', '2018-06-18 15:34:44'),(11, 11, NULL, NULL, NULL, 'NO', '2017-06-01', 0, NULL, 2, 2, '2018-06-18 15:36:43', '2018-06-18 15:40:58'),(12, 12, NULL, NULL, NULL, 'NO', '2016-06-01', 0, NULL, 2, 2, '2018-06-18 15:38:16', '2018-06-18 15:38:16'),(13, 13, NULL, NULL, NULL, 'NO', '2018-05-15', 0, NULL, 2, 2, '2018-06-18 15:43:36', '2018-06-18 15:43:36'),(14, 14, NULL, NULL, NULL, 'NO', '2018-05-24', 0, NULL, 2, 2, '2018-06-18 15:45:00', '2018-06-18 15:45:00'),(15, 15, NULL, NULL, NULL, 'NO', '2013-06-01', 0, NULL, 2, 2, '2018-06-18 15:46:56', '2018-06-18 15:46:56'),(16, 16, NULL, NULL, NULL, 'NO', '2018-01-01', 0, NULL, 2, 2, '2018-06-18 15:49:25', '2018-06-18 15:49:25'),(17, 17, NULL, NULL, NULL, 'NO', '2012-09-01', 0, NULL, 2, 2, '2018-06-18 15:55:34', '2018-06-18 15:56:05'),(18, 18, NULL, NULL, NULL, 'NO', '0000-00-00', 0, NULL, 2, 2, '2018-06-18 16:36:59', '2018-06-18 16:36:59'),(19, 19, NULL, NULL, NULL, 'NO', '2017-07-04', 0, NULL, 2, 2, '2018-06-18 16:38:40', '2018-06-18 16:38:40'),(20, 20, NULL, NULL, NULL, 'NO', '2016-02-01', 0, NULL, 2, 2, '2018-06-18 16:41:49', '2018-06-18 16:41:49'),(21, 21, NULL, NULL, NULL, 'NO', '2016-01-19', 0, NULL, 2, 2, '2018-06-18 17:18:18', '2018-06-18 17:18:18'),(22, 22, NULL, NULL, NULL, 'NO', '2018-01-01', 0, NULL, 2, 2, '2018-06-18 17:28:19', '2018-06-18 17:28:19'),(23, 23, NULL, NULL, NULL, 'NO', '2018-05-15', 0, NULL, 2, 2, '2018-06-18 17:29:20', '2018-06-18 17:29:39'),(24, 24, NULL, NULL, NULL, 'NO', '2016-01-01', 0, NULL, 2, 2, '2018-06-18 17:31:11', '2018-06-18 17:31:11'),(25, 25, NULL, NULL, NULL, 'NO', '2017-09-01', 0, NULL, 2, 2, '2018-06-18 17:32:33', '2018-06-18 17:32:33'),(26, 26, NULL, NULL, NULL, 'NO', '2017-12-15', 0, NULL, 2, 2, '2018-06-18 17:33:41', '2018-06-18 17:33:41'),(27, 27, NULL, NULL, NULL, 'NO', '2018-06-01', 0, NULL, 2, 2, '2018-06-18 17:34:44', '2018-06-18 17:34:44'),(28, 28, NULL, NULL, NULL, 'NO', '2018-06-01', 0, NULL, 2, 2, '2018-06-18 17:35:45', '2018-06-18 17:35:45'),(29, 29, NULL, NULL, NULL, 'NO', '2010-01-01', 0, NULL, 2, 2, '2018-06-18 17:37:01', '2018-06-18 17:37:01'),(30, 30, NULL, NULL, NULL, 'NO', '2018-05-01', 0, NULL, 2, 2, '2018-06-18 17:38:08', '2018-06-18 17:38:08'),(31, 31, NULL, NULL, NULL, 'NO', '2016-01-01', 0, NULL, 2, 2, '2018-06-18 17:39:42', '2018-06-18 17:40:07'),(32, 32, NULL, NULL, NULL, 'NO', '2010-01-01', 0, NULL, 2, 2, '2018-06-18 17:55:34', '2018-06-18 17:55:34'),(33, 33, NULL, NULL, NULL, 'NO', '2012-01-01', 0, NULL, 2, 2, '2018-06-18 17:56:26', '2018-06-18 17:56:26'),(34, 34, NULL, NULL, NULL, 'NO', '2010-01-01', 0, NULL, 2, 2, '2018-06-18 17:57:43', '2018-06-18 17:57:43'),(35, 35, NULL, NULL, NULL, 'NO', '2010-01-01', 0, NULL, 2, 2, '2018-06-18 17:58:32', '2018-06-18 17:58:32'),(36, 36, NULL, NULL, NULL, 'NO', '2012-01-01', 0, NULL, 2, 2, '2018-06-18 18:00:01', '2018-06-18 18:00:01'),(37, 37, NULL, NULL, NULL, 'NO', '2006-01-01', 0, NULL, 2, 2, '2018-06-18 18:11:12', '2018-06-18 18:11:12'),(38, 38, NULL, NULL, NULL, 'NO', '2013-11-23', 0, NULL, 2, 2, '2018-06-18 18:12:08', '2018-06-18 18:12:08'),(39, 39, NULL, NULL, NULL, 'NO', '2017-01-01', 0, NULL, 2, 2, '2018-06-18 18:18:47', '2018-06-18 18:18:47');
UNLOCK TABLES;
COMMIT;
BEGIN;
LOCK TABLES `centralcar`.`it_cliente_destino` WRITE;
DELETE FROM `centralcar`.`it_cliente_destino`;
INSERT INTO `centralcar`.`it_cliente_destino` (`id_cliente_destino`,`id_cliente`,`id_destino`,`user_alta`,`user_mod`,`fecha_alta`,`fecha_mod`) VALUES (1, 261, 1, 1, NULL, '2018-07-10 17:43:10', '2018-07-10 17:43:10'),(2, 262, 2, 2, NULL, '2018-07-10 17:56:57', '2018-07-10 17:56:57'),(3, 263, 3, 2, NULL, '2018-07-10 18:32:28', '2018-07-10 18:32:28'),(4, 261, 4, 1, NULL, '2018-07-10 19:07:34', '2018-07-10 19:07:34'),(5, 261, 5, 1, NULL, '2018-07-10 19:08:44', '2018-07-10 19:08:44'),(6, 261, 6, 1, NULL, '2018-07-10 19:12:37', '2018-07-10 19:12:37'),(7, 264, 7, 2, NULL, '2018-07-10 19:12:57', '2018-07-10 19:12:57'),(8, 262, 8, 2, NULL, '2018-07-11 13:31:49', '2018-07-11 13:31:49'),(9, 262, 9, 2, NULL, '2018-07-11 13:38:25', '2018-07-11 13:38:25'),(10, 263, 10, 2, NULL, '2018-07-11 13:56:41', '2018-07-11 13:56:41'),(11, 261, 11, 2, NULL, '2018-07-11 14:07:18', '2018-07-11 14:07:18'),(12, 262, 12, 2, NULL, '2018-07-11 14:12:20', '2018-07-11 14:12:20'),(13, 262, 13, 2, NULL, '2018-07-11 14:18:24', '2018-07-11 14:18:24'),(14, 265, 14, 2, NULL, '2018-07-11 15:21:44', '2018-07-11 15:21:44'),(15, 259, 15, 2, NULL, '2018-07-11 16:15:08', '2018-07-11 16:15:08'),(16, 260, 16, 2, NULL, '2018-07-11 17:48:20', '2018-07-11 17:48:20'),(17, 266, 17, 2, NULL, '2018-07-11 18:57:44', '2018-07-11 18:57:44'),(18, 267, 18, 2, NULL, '2018-07-11 19:05:21', '2018-07-11 19:05:21'),(19, 268, 19, 2, NULL, '2018-07-11 19:41:26', '2018-07-11 19:41:26'),(20, 275, 20, 2, NULL, '2018-07-11 19:56:09', '2018-07-11 19:56:09'),(21, 270, 21, 2, NULL, '2018-07-11 19:59:28', '2018-07-11 19:59:28'),(22, 272, 22, 2, NULL, '2018-07-11 20:04:23', '2018-07-11 20:04:23'),(23, 277, 23, 2, NULL, '2018-07-11 20:07:10', '2018-07-11 20:07:10'),(24, 279, 24, 2, NULL, '2018-07-11 20:10:53', '2018-07-11 20:10:53'),(25, 278, 25, 2, NULL, '2018-07-17 12:59:31', '2018-07-17 12:59:31');
UNLOCK TABLES;
COMMIT;
BEGIN;
LOCK TABLES `centralcar`.`it_cliente_origen` WRITE;
DELETE FROM `centralcar`.`it_cliente_origen`;
INSERT INTO `centralcar`.`it_cliente_origen` (`id_cliente_origen`,`id_cliente`,`id_origen`,`user_alta`,`user_mod`,`fecha_alta`,`fecha_mod`) VALUES (1, 261, 1, 1, NULL, '2018-07-10 17:43:10', '2018-07-10 17:43:10'),(2, 262, 2, 2, NULL, '2018-07-10 17:56:57', '2018-07-10 17:56:57'),(3, 263, 3, 2, NULL, '2018-07-10 18:32:28', '2018-07-10 18:32:28'),(4, 261, 4, 1, NULL, '2018-07-10 19:07:33', '2018-07-10 19:07:33'),(5, 261, 5, 1, NULL, '2018-07-10 19:08:44', '2018-07-10 19:08:44'),(6, 261, 6, 1, NULL, '2018-07-10 19:12:37', '2018-07-10 19:12:37'),(7, 264, 7, 2, NULL, '2018-07-10 19:12:57', '2018-07-10 19:12:57'),(8, 262, 8, 2, NULL, '2018-07-11 13:31:49', '2018-07-11 13:31:49'),(9, 262, 9, 2, NULL, '2018-07-11 13:38:25', '2018-07-11 13:38:25'),(10, 263, 10, 2, NULL, '2018-07-11 13:56:41', '2018-07-11 13:56:41'),(11, 261, 11, 2, NULL, '2018-07-11 14:07:18', '2018-07-11 14:07:18'),(12, 262, 12, 2, NULL, '2018-07-11 14:12:20', '2018-07-11 14:12:20'),(13, 262, 13, 2, NULL, '2018-07-11 14:18:24', '2018-07-11 14:18:24'),(14, 265, 14, 2, NULL, '2018-07-11 15:21:44', '2018-07-11 15:21:44'),(15, 259, 15, 2, NULL, '2018-07-11 16:15:08', '2018-07-11 16:15:08'),(16, 260, 16, 2, NULL, '2018-07-11 17:48:20', '2018-07-11 17:48:20'),(17, 266, 17, 2, NULL, '2018-07-11 18:57:44', '2018-07-11 18:57:44'),(18, 267, 18, 2, NULL, '2018-07-11 19:05:21', '2018-07-11 19:05:21'),(19, 268, 19, 2, NULL, '2018-07-11 19:41:26', '2018-07-11 19:41:26'),(20, 275, 20, 2, NULL, '2018-07-11 19:56:08', '2018-07-11 19:56:08'),(21, 270, 21, 2, NULL, '2018-07-11 19:59:28', '2018-07-11 19:59:28'),(22, 272, 22, 2, NULL, '2018-07-11 20:04:23', '2018-07-11 20:04:23'),(23, 277, 23, 2, NULL, '2018-07-11 20:07:09', '2018-07-11 20:07:09'),(24, 279, 24, 2, NULL, '2018-07-11 20:10:53', '2018-07-11 20:10:53'),(25, 278, 25, 2, NULL, '2018-07-17 12:59:31', '2018-07-17 12:59:31');
UNLOCK TABLES;
COMMIT;
BEGIN;
LOCK TABLES `centralcar`.`it_destinos` WRITE;
DELETE FROM `centralcar`.`it_destinos`;
INSERT INTO `centralcar`.`it_destinos` (`id_destino`,`id_direccion`,`descripcion`,`user_alta`,`user_mod`,`fecha_alta`,`fecha_mod`) VALUES (1, 2, 'Insercin automtica', 1, NULL, '2018-07-10 17:43:10', '2018-07-10 17:43:10'),(2, 4, 'Insercin automtica', 2, NULL, '2018-07-10 17:56:57', '2018-07-10 17:56:57'),(3, 6, 'Insercin automtica', 2, NULL, '2018-07-10 18:32:28', '2018-07-10 18:32:28'),(4, 8, 'Insercin automtica', 1, NULL, '2018-07-10 19:07:34', '2018-07-10 19:07:34'),(5, 10, 'Insercin automtica', 1, NULL, '2018-07-10 19:08:44', '2018-07-10 19:08:44'),(6, 12, 'Insercin automtica', 1, NULL, '2018-07-10 19:12:37', '2018-07-10 19:12:37'),(7, 14, 'Insercin automtica', 2, NULL, '2018-07-10 19:12:57', '2018-07-10 19:12:57'),(8, 16, 'Insercin automtica', 2, NULL, '2018-07-11 13:31:49', '2018-07-11 13:31:49'),(9, 18, 'Insercin automtica', 2, NULL, '2018-07-11 13:38:25', '2018-07-11 13:38:25'),(10, 20, 'Insercin automtica', 2, NULL, '2018-07-11 13:56:41', '2018-07-11 13:56:41'),(11, 22, 'Insercin automtica', 2, NULL, '2018-07-11 14:07:18', '2018-07-11 14:07:18'),(12, 24, 'Insercin automtica', 2, NULL, '2018-07-11 14:12:20', '2018-07-11 14:12:20'),(13, 26, 'Insercin automtica', 2, NULL, '2018-07-11 14:18:24', '2018-07-11 14:18:24'),(14, 28, 'Insercin automtica', 2, NULL, '2018-07-11 15:21:44', '2018-07-11 15:21:44'),(15, 30, 'Insercin automtica', 2, NULL, '2018-07-11 16:15:08', '2018-07-11 16:15:08'),(16, 32, 'Insercin automtica', 2, NULL, '2018-07-11 17:48:20', '2018-07-11 17:48:20'),(17, 34, 'Insercin automtica', 2, NULL, '2018-07-11 18:57:44', '2018-07-11 18:57:44'),(18, 18, 'Insercin automtica', 2, NULL, '2018-07-11 19:05:21', '2018-07-11 19:05:21'),(19, 37, 'Insercin automtica', 2, NULL, '2018-07-11 19:41:26', '2018-07-11 19:41:26'),(20, 39, 'Insercin automtica', 2, NULL, '2018-07-11 19:56:09', '2018-07-11 19:56:09'),(21, 41, 'Insercin automtica', 2, NULL, '2018-07-11 19:59:28', '2018-07-11 19:59:28'),(22, 43, 'Insercin automtica', 2, NULL, '2018-07-11 20:04:23', '2018-07-11 20:04:23'),(23, 45, 'Insercin automtica', 2, NULL, '2018-07-11 20:07:09', '2018-07-11 20:07:10'),(24, 47, 'Insercin automtica', 2, NULL, '2018-07-11 20:10:53', '2018-07-11 20:10:53'),(25, 49, 'Insercin automtica', 2, NULL, '2018-07-17 12:59:31', '2018-07-17 12:59:31');
UNLOCK TABLES;
COMMIT;
BEGIN;
LOCK TABLES `centralcar`.`it_direcciones` WRITE;
DELETE FROM `centralcar`.`it_direcciones`;
INSERT INTO `centralcar`.`it_direcciones` (`id_direccion`,`calle`,`num_ext`,`num_int`,`telefono`,`celular`,`referencia`,`geocodificacion_inversa`,`geocoordenadas`,`user_alta`,`user_mod`,`fecha_alta`,`fecha_mod`) VALUES (1, 'Calle 6', '1', '', '', '', 'Ciudad de Mxico Miguel Hidalgo Naucalpan Ciudad de Mxico ', 'Calle 6 1, Reforma Soc, 11650 Ciudad de Mxico, CDMX, Mxico', '19.43049095317353,-99.2177062700095', 1, NULL, '2018-07-10 17:43:10', '2018-07-10 17:43:10'),(2, 'Ezequiel Montes', '101', '', '', '', 'Ciudad de Mxico Cuauhtmoc Ciudad de Mxico ', 'Ezequiel Montes 101, Tabacalera, 06030 Ciudad de Mxico, CDMX, Mxico', '19.435791574839495,-99.15643131494005', 1, NULL, '2018-07-10 17:43:10', '2018-07-10 17:43:10'),(3, 'Unin', '187', '', '', '', 'Unin 187, Escandn I Seccin, Ciudad de Mxico, CDMX, Mxico Ciudad de Mxico Miguel Hidalgo Ciudad de Mxico ', 'Unin 187, Escandn II Secc, 11800 Ciudad de Mxico, CDMX, Mxico', '19.399739305592238,-99.1752656392868', 2, NULL, '2018-07-10 17:56:57', '2018-07-10 17:56:57'),(4, 'Ezequiel Montes', '138', '', '', '', 'Ezequiel Montes 101, Tabacalera, Ciudad de Mxico, CDMX, Mxico Ciudad de Mxico Cuauhtmoc Ciudad de Mxico ', 'Ezequiel Montes 138, Tabacalera, 06030 Ciudad de Mxico, CDMX, Mxico', '19.435816070825858,-99.15639397072516', 2, NULL, '2018-07-10 17:56:57', '2018-07-10 17:56:57'),(5, 'Montecito', '63', '', '', '', 'WTC Centro Internacional de Exposiciones y Convenciones, Montecito, Npoles, Ciudad de Mxico, CDMX, Mxico Ciudad de Mxico Benito Jurez Ciudad de Mxico ', 'Montecito 63, Npoles, 03810 Ciudad de Mxico, CDMX, Mxico', '19.395202500750703,-99.17460915165941', 2, NULL, '2018-07-10 18:32:28', '2018-07-10 18:32:28'),(6, 'Avenida Javier Barros Sierra', '540', '', '', '', 'Santa Fe, Ciudad de Mxico, CDMX, Mxico Ciudad de Mxico lvaro Obregn Ciudad de Mxico ', 'Av. Javier Barros Sierra 540, Santa Fe, Zedec Sta F, 01219 Ciudad de Mxico, CDMX, Mxico', '19.364755675669787,-99.25998477069902', 2, NULL, '2018-07-10 18:32:28', '2018-07-10 18:32:28'),(7, 'Calle Balboa', '514', '', '', '', 'Ciudad de Mxico Benito Jurez Ciudad de Mxico ', 'Calle Balboa 514, Portales Nte, 03300 Ciudad de Mxico, CDMX, Mxico', '19.36651608746148,-99.14484306347657', 1, NULL, '2018-07-10 19:07:33', '2018-07-10 19:07:33'),(8, 'Estado de Nuevo Leon', '19', '', '', '', 'Ciudad de Mxico Gustavo A. Madero Nezahualcyotl Ciudad de Mxico ', 'Estado de Nuevo Leon 19, Providencia, 07550 Ciudad de Mxico, CDMX, Mxico', '19.478869324210084,-99.07343193066407', 1, NULL, '2018-07-10 19:07:33', '2018-07-10 19:07:34'),(9, 'Hunabk', '', '', '', '', 'Ciudad de Mxico Iztapalapa Ciudad de Mxico ', 'Hunabk, Desarrollo Urbano Quetzalcatl, 09700 Ciudad de Mxico, CDMX, Mxico', '19.319220359813787,-99.03978630078126', 1, NULL, '2018-07-10 19:08:44', '2018-07-10 19:08:44'),(10, 'Urano', '25', '', '', '', 'Ciudad de Mxico lvaro Obregn Ciudad de Mxico ', 'Urano 25, El Cuernito, Ciudad de Mxico, CDMX, Mxico', '19.382386237745138,-99.20767112744142', 1, NULL, '2018-07-10 19:08:44', '2018-07-10 19:08:44'),(11, 'Vito Alessio Robles', '151', '', '', '', 'Ciudad de Mxico lvaro Obregn Ciudad de Mxico ', 'Vito Alessio Robles 151, Florida, 01030 Ciudad de Mxico, CDMX, Mxico', '19.35096831949686,-99.1850118256836', 1, NULL, '2018-07-10 19:12:37', '2018-07-10 19:12:37'),(12, 'Calle Miguel Hidalgo', '', '', '', '', 'Ciudad de Mxico Iztapalapa Nezahualcyotl Ciudad de Mxico ', 'Calle Miguel Hidalgo, Chinam Pac de Jurez, 09208 Ciudad de Mxico, CDMX, Mxico', '19.374289415439375,-99.04665275585938', 1, NULL, '2018-07-10 19:12:37', '2018-07-10 19:12:37'),(13, 'Louisiana', '11', '', '', '', 'colonia napoles Ciudad de Mxico Benito Jurez Ciudad de Mxico ', 'Louisiana 11, Npoles, 03810 Ciudad de Mxico, CDMX, Mxico', '19.39281184182015,-99.17357900735158', 2, NULL, '2018-07-10 19:12:57', '2018-07-10 19:12:57'),(14, 'Avenida Jurez', '16', '', '', '', 'Centro Histrico, Centro, Ciudad de Mxico, CDMX, Mxico Ciudad de Mxico Cuauhtmoc Ciudad de Mxico ', 'Av. Jurez 16, Colonia Centro, Centro, 06050 Ciudad de Mxico, CDMX, Mxico', '19.434431316050983,-99.14209822048713', 2, NULL, '2018-07-10 19:12:57', '2018-07-10 19:12:57'),(15, 'Parque Espaa', '59', '', '', '', 'Ciudad de Mxico Cuauhtmoc Ciudad de Mxico ', 'Parque Espaa 59, Condesa, 06140 Ciudad de Mxico, CDMX, Mxico', '19.41444569958222,-99.17162223828126', 2, NULL, '2018-07-11 13:31:49', '2018-07-11 13:31:49'),(16, 'Cerrada Primera Rojo Gmez', '390', '', '', '', 'Ciudad de Mxico Iztacalco Ciudad de Mxico ', 'Cda. Primera Rojo Gmez 390, Agrcola Oriental, 08500 Ciudad de Mxico, CDMX, Mxico', '19.389834958759348,-99.07377525341798', 2, NULL, '2018-07-11 13:31:49', '2018-07-11 13:31:49'),(17, 'Doctor Jos Mara Vertiz', '1390', '', '', '', 'Ciudad de Mxico Benito Jurez Ciudad de Mxico ', 'Dr Jos Mara Vertiz 1390, Portales Nte, 03300 Ciudad de Mxico, CDMX, Mxico', '19.37186029027638,-99.15565773022462', 2, NULL, '2018-07-11 13:38:25', '2018-07-11 13:38:25'),(18, 'Paseo de la Reforma', '569', '', '', '', 'Ciudad de Mxico Cuauhtmoc Ciudad de Mxico ', 'Paseo de la Reforma 569, Jurez, 06600 Ciudad de Mxico, CDMX, Mxico', '19.427512648927067,-99.16701802197218', 2, NULL, '2018-07-11 13:38:25', '2018-07-11 13:38:25'),(19, '1a. Cerrada Sneca', '116J', '', '', '', 'Ciudad de Mxico Miguel Hidalgo Ciudad de Mxico ', '1a. Cerrada Sneca 116J, Polanco, Polanco II Secc, 11550 Ciudad de Mxico, CDMX, Mxico', '19.437757702092647,-99.20183464062501', 2, NULL, '2018-07-11 13:56:41', '2018-07-11 13:56:41'),(20, 'Jos Mara Izazaga', '99A', '', '', '', 'Centro Cuauhtmoc Ciudad de Mxico ', 'Jos Mara Izazaga 99A, Centro, 06080 Centro, CDMX, Mxico', '19.426104934753752,-99.13591142417363', 2, NULL, '2018-07-11 13:56:41', '2018-07-11 13:56:41'),(21, 'Avenida Tamaulipas', '66', '', '', '', 'Ciudad de Mxico Cuauhtmoc Ciudad de Mxico ', 'Av. Tamaulipas 66, Hipdromo, 06100 Ciudad de Mxico, CDMX, Mxico', '19.41185527063916,-99.17333885205079', 2, NULL, '2018-07-11 14:07:18', '2018-07-11 14:07:18'),(22, 'Abarrotes y Vveres', 'H86', '', '', '', 'Ciudad de Mxico Iztapalapa Ciudad de Mxico ', 'Abarrotes y Vveres H86, rea Federal Central de Abastos, 09819 Ciudad de Mxico, CDMX, Mxico', '19.37526105536472,-99.0912847138672', 2, NULL, '2018-07-11 14:07:18', '2018-07-11 14:07:18'),(23, 'San Luis Potos', '5', '', '', '', 'Ciudad de Mxico Cuauhtmoc Ciudad de Mxico ', 'San Luis Potos 5, Roma Nte., 06700 Ciudad de Mxico, CDMX, Mxico', '19.415093300368785,-99.15479942333985', 2, NULL, '2018-07-11 14:12:20', '2018-07-11 14:12:20'),(24, 'Sierra Santa Rosa', '77', '', '', '', 'Ciudad de Mxico Miguel Hidalgo Naucalpan Ciudad de Mxico ', 'Sierra Santa Rosa 77, Reforma Soc, 11650 Ciudad de Mxico, CDMX, Mxico', '19.432577546195535,-99.21556755078126', 2, NULL, '2018-07-11 14:12:20', '2018-07-11 14:12:20'),(25, 'Crdoba', '168', '', '', '', 'Ciudad de Mxico Cuauhtmoc Ciudad de Mxico ', 'Crdoba 168, Roma Nte., 06700 Ciudad de Mxico, CDMX, Mxico', '19.41606469671144,-99.15788932812501', 2, NULL, '2018-07-11 14:18:24', '2018-07-11 14:18:24'),(26, 'Calzada Mxico-Tacuba', '480', '', '', '', 'Ciudad de Mxico Miguel Hidalgo Ciudad de Mxico ', 'Calz Mxico-Tacuba 480, Popotla, 11400 Ciudad de Mxico, CDMX, Mxico', '19.454915787837205,-99.17848869335938', 2, NULL, '2018-07-11 14:18:24', '2018-07-11 14:18:24'),(27, 'Lago Cuitzeo', '166', '', '', '', 'Ciudad de Mxico Miguel Hidalgo Ciudad de Mxico ', 'Lago Cuitzeo 166, Anhuac I Secc., 11320 Ciudad de Mxico, CDMX, Mxico', '19.443585179924654,-99.17385383618165', 2, NULL, '2018-07-11 15:21:44', '2018-07-11 15:21:44'),(28, 'Avenida Canal de Tezontle', '512', '', '', '', 'Ciudad de Mxico Iztapalapa Benito Jurez Ciudad de Mxico ', 'Av Canal de Tezontle 512, INFONAVIT Iztacalco, 09020 Ciudad de Mxico, CDMX, Mxico', '19.38335782937492,-99.08167167675782', 2, NULL, '2018-07-11 15:21:44', '2018-07-11 15:21:44'),(29, 'Mesones', '112b', '', '', '', 'Ciudad de Mxico Cuauhtmoc Ciudad de Mxico ', 'Mesones 112b, Centro, 06090 Ciudad de Mxico, CDMX, Mxico', '19.42869232083594,-99.13317008984376', 2, NULL, '2018-07-11 16:15:08', '2018-07-11 16:15:08'),(30, 'Bosques de Europa', '24', '', '', '', 'Nezahualcyotl Gustavo A. Madero Nezahualcyotl Estado de Mxico ', 'Bosques de Europa 24, Bosques de Aragon, 57170 Nezahualcyotl, Mx., Mxico', '19.467540390073218,-99.04699607861329', 2, NULL, '2018-07-11 16:15:08', '2018-07-11 16:15:08'),(31, 'San Isidro', '176', '', '', '', 'Ciudad de Mxico Miguel Hidalgo Ciudad de Mxico ', 'San Isidro 176, Miguel Hidalgo, 11650 Ciudad de Mxico, CDMX, Mxico', '19.43485261729395,-99.21193953213913', 2, NULL, '2018-07-11 17:48:20', '2018-07-11 17:48:20'),(32, 'Alejandro Dumas', '165', '', '', '', 'Ciudad de Mxico Miguel Hidalgo Ciudad de Mxico ', 'Alejandro Dumas 165, Polanco, Polanco IV Secc, 11550 Ciudad de Mxico, CDMX, Mxico', '19.433386956447286,-99.19548316967774', 2, NULL, '2018-07-11 17:48:20', '2018-07-11 17:48:20'),(33, 'Eje Central Lzaro Crdenas', '84', '', '', '', 'Centro Cuauhtmoc Ciudad de Mxico ', 'Eje Central Lzaro Crdenas 84, Centro, 06080 Centro, CDMX, Mxico', '19.42254052397129,-99.14278312695313', 2, NULL, '2018-07-11 18:57:44', '2018-07-11 18:57:44'),(34, 'Norte 8', '270', '', '', '', 'Valle de Chalco Solidaridad Valle de Chalco Solidaridad Estado de Mxico ', 'Nte 8 270, Concepcin, 56615 Valle de Chalco Solidaridad, Mx., Mxico', '19.290923885284656,-98.94482591696476', 2, NULL, '2018-07-11 18:57:44', '2018-07-11 18:57:44'),(35, 'lvaro Obregn', '13', '', '', '', 'Ecatepec de Morelos Ecatepec de Morelos Estado de Mxico ', 'lvaro Obregn 13, Mathzi 2, 55010 Ecatepec de Morelos, Mx., Mxico', '19.62983016479467,-99.06197434225044', 2, NULL, '2018-07-11 19:05:21', '2018-07-11 19:05:21'),(36, 'Avenida F. C. de Cuernavaca', '24', '', '', '', 'Torre Esmeralda 3, Lomas de Chapultepec III Seccin, Ciudad de Mxico, CDMX, Mxico Ciudad de Mxico Miguel Hidalgo Ciudad de Mxico ', 'Av. F. C. de Cuernavaca 24, Lomas - Virreyes, Lomas de Chapultepec III Secc, 11000 Ciudad de Mxico, CDMX, Mxico', '19.428396279003568,-99.2049074865082', 2, NULL, '2018-07-11 19:41:26', '2018-07-11 19:41:26'),(37, 'Del Progreso', '17', '', '', '', 'San Bartolo Acolman Estado de Mxico ', 'Del Progreso 17, San Bartolo, 55880 San Bartolo, Mx., Mxico', '19.65286001338025,-98.89758081020204', 2, NULL, '2018-07-11 19:41:26', '2018-07-11 19:41:26'),(38, 'Avenida F. C. de Cuernavaca', '24', '', '', '', 'Torre Esmeralda 3, Lomas de Chapultepec III Seccin, Ciudad de Mxico, CDMX, Mxico Ciudad de Mxico Miguel Hidalgo Ciudad de Mxico ', 'Av. F. C. de Cuernavaca 24, Lomas - Virreyes, Lomas de Chapultepec III Secc, 11000 Ciudad de Mxico, CDMX, Mxico', '19.428300158793846,-99.20484847790988', 2, NULL, '2018-07-11 19:56:08', '2018-07-11 19:56:08'),(39, 'Vasco de Quiroga', '148', '', '', '', 'Ciudad de Mxico Cuajimalpa de Morelos Huixquilucan de Degollado Ciudad de Mxico ', 'Vasco de Quiroga 148, Contadero, 05370 Ciudad de Mxico, CDMX, Mxico', '19.36000089042251,-99.28124916139427', 2, NULL, '2018-07-11 19:56:08', '2018-07-11 19:56:09'),(40, 'Avenida F. C. de Cuernavaca', '20', '', '', '', 'Torre Esmeralda 3, Lomas de Chapultepec III Seccin, Ciudad de Mxico, CDMX, Mxico Ciudad de Mxico Miguel Hidalgo Ciudad de Mxico ', 'Av. F. C. de Cuernavaca 20, Lomas - Virreyes, Lomas de Chapultepec III Secc, 11000 Ciudad de Mxico, CDMX, Mxico', '19.428654285601095,-99.20528299577029', 2, NULL, '2018-07-11 19:59:28', '2018-07-11 19:59:28'),(41, 'Calle 14', '47BIS', '', '', '', 'Progreso Nacional, Ciudad de Mxico, CDMX, Mxico Ciudad de Mxico Gustavo A. Madero Tlalnepantla de Baz Ciudad de Mxico ', 'Calle 14 47BIS, Ampliacin Progreso Nacional, 07600 Ciudad de Mxico, CDMX, Mxico', '19.516130651414755,-99.1600426168198', 2, NULL, '2018-07-11 19:59:28', '2018-07-11 19:59:28'),(42, 'Avenida F. C. de Cuernavaca', '20', '', '', '', 'Torre Esmeralda 3, Lomas de Chapultepec III Seccin, Ciudad de Mxico, CDMX, Mxico Ciudad de Mxico Miguel Hidalgo Ciudad de Mxico ', 'Av. F. C. de Cuernavaca 20, Lomas - Virreyes, Lomas de Chapultepec III Secc, 11000 Ciudad de Mxico, CDMX, Mxico', '19.42859357820326,-99.20526153809817', 2, NULL, '2018-07-11 20:04:23', '2018-07-11 20:04:23'),(43, 'Jose Moreno Salido', '4', '', '', '', 'El Tanque, La Magdalena, Ciudad de Mxico, CDMX, Mxico Ciudad de Mxico La Magdalena Contreras Ciudad de Mxico ', 'Jose Moreno Salido 4, Barranca Seca, 10580 Ciudad de Mxico, CDMX, Mxico', '19.305424474985784,-99.24206656190188', 2, NULL, '2018-07-11 20:04:23', '2018-07-11 20:04:23'),(44, 'Avenida F. C. de Cuernavaca', '24', '', '', '', 'Torre Esmeralda 3, Lomas de Chapultepec III Seccin, Ciudad de Mxico, CDMX, Mxico Ciudad de Mxico Miguel Hidalgo Ciudad de Mxico ', 'Av. F. C. de Cuernavaca 24, Lomas - Virreyes, Lomas de Chapultepec III Secc, 11000 Ciudad de Mxico, CDMX, Mxico', '19.428360866301347,-99.2049235797623', 2, NULL, '2018-07-11 20:07:09', '2018-07-11 20:07:09'),(45, 'San Rafael Atlixco', '18', '', '', '', 'Tlhuac, Ciudad de Mxico, Mxico Ciudad de Mxico Tlhuac Ciudad de Mxico ', 'San Rafael Atlixco 18, El Tringulo, 13460 Ciudad de Mxico, CDMX, Mxico', '19.28711959636958,-99.01458260370487', 2, NULL, '2018-07-11 20:07:09', '2018-07-11 20:07:09'),(46, 'Avenida F. C. de Cuernavaca', '24', '', '', '', 'Torre Esmeralda 3, Lomas de Chapultepec III Seccin, Ciudad de Mxico, CDMX, Mxico Ciudad de Mxico Miguel Hidalgo Ciudad de Mxico ', 'Av. F. C. de Cuernavaca 24, Lomas - Virreyes, Lomas de Chapultepec III Secc, 11000 Ciudad de Mxico, CDMX, Mxico', '19.42838616108944,-99.20489139325412', 2, NULL, '2018-07-11 20:10:53', '2018-07-11 20:10:53'),(47, 'Calle 22', '219', '', '', '', 'Juarez pantitlan Nezahualcyotl Nezahualcyotl Estado de Mxico ', 'Calle 22 219, Las Palmas, 57460 Nezahualcyotl, Mx., Mxico', '19.404505100319838,-99.05033269066558', 2, NULL, '2018-07-11 20:10:53', '2018-07-11 20:10:53'),(48, 'Sierra Santa Rosa', '38', '', '', '', 'Ciudad de Mxico Miguel Hidalgo Naucalpan Ciudad de Mxico ', 'Sierra Santa Rosa 38, Reforma Soc, 11650 Ciudad de Mxico, CDMX, Mxico', '19.433008600570297,-99.21415566629315', 2, NULL, '2018-07-17 12:59:31', '2018-07-17 12:59:31'),(49, 'Mesones', '112', '', '', '', 'Ciudad de Mxico Cuauhtmoc Ciudad de Mxico ', 'Mesones 112, Centro Histrico, Centro, Ciudad de Mxico, CDMX, Mxico', '19.428368547861062,-99.13351341259767', 2, NULL, '2018-07-17 12:59:31', '2018-07-17 12:59:31');
UNLOCK TABLES;
COMMIT;
BEGIN;
LOCK TABLES `centralcar`.`it_origenes` WRITE;
DELETE FROM `centralcar`.`it_origenes`;
INSERT INTO `centralcar`.`it_origenes` (`id_origen`,`id_direccion`,`descripcion`,`user_alta`,`user_mod`,`fecha_alta`,`fecha_mod`) VALUES (1, 1, 'Insercin automtica', 1, NULL, '2018-07-10 17:43:10', '2018-07-10 17:43:10'),(2, 3, 'Insercin automtica', 2, NULL, '2018-07-10 17:56:57', '2018-07-10 17:56:57'),(3, 5, 'Insercin automtica', 2, NULL, '2018-07-10 18:32:28', '2018-07-10 18:32:28'),(4, 7, 'Insercin automtica', 1, NULL, '2018-07-10 19:07:33', '2018-07-10 19:07:33'),(5, 9, 'Insercin automtica', 1, NULL, '2018-07-10 19:08:44', '2018-07-10 19:08:44'),(6, 11, 'Insercin automtica', 1, NULL, '2018-07-10 19:12:37', '2018-07-10 19:12:37'),(7, 13, 'Insercin automtica', 2, NULL, '2018-07-10 19:12:57', '2018-07-10 19:12:57'),(8, 15, 'Insercin automtica', 2, NULL, '2018-07-11 13:31:49', '2018-07-11 13:31:49'),(9, 17, 'Insercin automtica', 2, NULL, '2018-07-11 13:38:25', '2018-07-11 13:38:25'),(10, 19, 'Insercin automtica', 2, NULL, '2018-07-11 13:56:41', '2018-07-11 13:56:41'),(11, 21, 'Insercin automtica', 2, NULL, '2018-07-11 14:07:18', '2018-07-11 14:07:18'),(12, 23, 'Insercin automtica', 2, NULL, '2018-07-11 14:12:20', '2018-07-11 14:12:20'),(13, 25, 'Insercin automtica', 2, NULL, '2018-07-11 14:18:24', '2018-07-11 14:18:24'),(14, 27, 'Insercin automtica', 2, NULL, '2018-07-11 15:21:44', '2018-07-11 15:21:44'),(15, 29, 'Insercin automtica', 2, NULL, '2018-07-11 16:15:08', '2018-07-11 16:15:08'),(16, 31, 'Insercin automtica', 2, NULL, '2018-07-11 17:48:20', '2018-07-11 17:48:20'),(17, 33, 'Insercin automtica', 2, NULL, '2018-07-11 18:57:44', '2018-07-11 18:57:44'),(18, 35, 'Insercin automtica', 2, NULL, '2018-07-11 19:05:21', '2018-07-11 19:05:21'),(19, 36, 'Insercin automtica', 2, NULL, '2018-07-11 19:41:26', '2018-07-11 19:41:26'),(20, 38, 'Insercin automtica', 2, NULL, '2018-07-11 19:56:08', '2018-07-11 19:56:08'),(21, 40, 'Insercin automtica', 2, NULL, '2018-07-11 19:59:28', '2018-07-11 19:59:28'),(22, 42, 'Insercin automtica', 2, NULL, '2018-07-11 20:04:23', '2018-07-11 20:04:23'),(23, 44, 'Insercin automtica', 2, NULL, '2018-07-11 20:07:09', '2018-07-11 20:07:09'),(24, 46, 'Insercin automtica', 2, NULL, '2018-07-11 20:10:53', '2018-07-11 20:10:53'),(25, 48, 'Insercin automtica', 2, NULL, '2018-07-17 12:59:31', '2018-07-17 12:59:31');
UNLOCK TABLES;
COMMIT;
BEGIN;
LOCK TABLES `centralcar`.`it_viaje_destino` WRITE;
DELETE FROM `centralcar`.`it_viaje_destino`;
INSERT INTO `centralcar`.`it_viaje_destino` (`id_viaje_destino`,`id_viaje`,`id_cliente_destino`,`user_alta`,`user_mod`,`fecha_alta`,`fecha_mod`) VALUES (1, 1, 1, 1, NULL, '2018-07-10 17:43:10', '2018-07-10 17:43:10'),(2, 2, 2, 2, NULL, '2018-07-10 17:56:57', '2018-07-10 17:56:57'),(3, 3, 3, 2, NULL, '2018-07-10 18:32:28', '2018-07-10 18:32:28'),(4, 4, 4, 1, NULL, '2018-07-10 19:07:34', '2018-07-10 19:07:34'),(5, 5, 5, 1, NULL, '2018-07-10 19:08:44', '2018-07-10 19:08:44'),(6, 6, 4, 1, NULL, '2018-07-10 19:11:40', '2018-07-10 19:11:40'),(7, 7, 5, 1, NULL, '2018-07-10 19:12:03', '2018-07-10 19:12:03'),(8, 8, 6, 1, NULL, '2018-07-10 19:12:37', '2018-07-10 19:12:37'),(9, 9, 7, 2, NULL, '2018-07-10 19:12:57', '2018-07-10 19:12:57'),(10, 10, 1, 1, NULL, '2018-07-10 19:13:02', '2018-07-10 19:13:02'),(11, 11, 1, 1, NULL, '2018-07-10 19:13:22', '2018-07-10 19:13:22'),(12, 12, 4, 1, NULL, '2018-07-10 19:14:12', '2018-07-10 19:14:12'),(13, 13, 5, 1, NULL, '2018-07-10 19:17:27', '2018-07-10 19:17:27'),(14, 14, 1, 1, NULL, '2018-07-10 19:18:28', '2018-07-10 19:18:28'),(15, 15, 8, 2, NULL, '2018-07-11 13:31:49', '2018-07-11 13:31:49'),(16, 16, 9, 2, NULL, '2018-07-11 13:38:25', '2018-07-11 13:38:25'),(17, 17, 10, 2, NULL, '2018-07-11 13:56:41', '2018-07-11 13:56:41'),(18, 18, 11, 2, NULL, '2018-07-11 14:07:18', '2018-07-11 14:07:18'),(19, 19, 12, 2, NULL, '2018-07-11 14:12:20', '2018-07-11 14:12:20'),(20, 20, 13, 2, NULL, '2018-07-11 14:18:24', '2018-07-11 14:18:24'),(21, 21, 14, 2, NULL, '2018-07-11 15:21:44', '2018-07-11 15:21:44'),(22, 22, 15, 2, NULL, '2018-07-11 16:15:08', '2018-07-11 16:15:08'),(23, 23, 16, 2, NULL, '2018-07-11 17:48:20', '2018-07-11 17:48:20'),(24, 24, 17, 2, NULL, '2018-07-11 18:57:44', '2018-07-11 18:57:44'),(25, 25, 18, 2, NULL, '2018-07-11 19:05:21', '2018-07-11 19:05:21'),(26, 26, 19, 2, NULL, '2018-07-11 19:41:26', '2018-07-11 19:41:26'),(27, 27, 20, 2, NULL, '2018-07-11 19:56:09', '2018-07-11 19:56:09'),(28, 28, 21, 2, NULL, '2018-07-11 19:59:28', '2018-07-11 19:59:28'),(29, 29, 22, 2, NULL, '2018-07-11 20:04:23', '2018-07-11 20:04:23'),(30, 30, 23, 2, NULL, '2018-07-11 20:07:10', '2018-07-11 20:07:10'),(31, 31, 24, 2, NULL, '2018-07-11 20:10:53', '2018-07-11 20:10:53'),(32, 32, 25, 2, NULL, '2018-07-17 12:59:31', '2018-07-17 12:59:31'),(33, 33, 5, 1, NULL, '2018-07-22 17:12:00', '2018-07-22 17:12:00');
UNLOCK TABLES;
COMMIT;
BEGIN;
LOCK TABLES `centralcar`.`vi_costos_adicionales` WRITE;
DELETE FROM `centralcar`.`vi_costos_adicionales`;
INSERT INTO `centralcar`.`vi_costos_adicionales` (`id_costos_adicionales`,`id_viaje`,`cat_concepto`,`valor`,`costo`,`fecha`,`descripcion`,`user_alta`,`user_mod`,`fecha_alta`,`fecha_mod`) VALUES (1, 1, 248, NULL, 56.00, '2018-07-10 18:22:04', '7 km adicionales', 2, NULL, '2018-07-10 18:22:04', '2018-07-10 18:22:04'),(2, 1, 252, NULL, 32.50, '2018-07-10 18:22:04', '00:22:18', 2, NULL, '2018-07-10 18:22:04', '2018-07-10 18:22:04'),(3, 2, 248, NULL, 24.00, '2018-07-10 18:34:36', '3 km adicionales', 2, NULL, '2018-07-10 18:34:36', '2018-07-10 18:34:36'),(4, 2, 252, NULL, 65.00, '2018-07-10 18:34:36', '00:35:01', 2, NULL, '2018-07-10 18:34:36', '2018-07-10 18:34:36'),(5, 2, 253, NULL, 37.50, '2018-07-10 18:34:36', '15 minutos', 2, NULL, '2018-07-10 18:34:36', '2018-07-10 18:34:36'),(6, 3, 248, NULL, 144.00, '2018-07-10 19:04:50', '18 km adicionales', 1, NULL, '2018-07-10 19:04:50', '2018-07-10 19:04:50'),(7, 3, 252, NULL, 50.00, '2018-07-10 19:04:50', '00:30:00', 1, NULL, '2018-07-10 19:04:50', '2018-07-10 19:04:50'),(8, 4, 248, NULL, 160.00, '2018-07-10 19:11:09', '20 km adicionales', 1, NULL, '2018-07-10 19:11:09', '2018-07-10 19:11:09'),(9, 8, 193, NULL, 30.00, '2018-07-10 19:16:29', '', 2, NULL, '2018-07-10 19:16:29', '2018-07-10 19:16:29'),(10, 6, 248, NULL, 192.00, '2018-07-10 19:26:48', '24 km adicionales', 2, NULL, '2018-07-10 19:26:48', '2018-07-10 19:26:48'),(11, 5, 248, NULL, 256.00, '2018-07-10 20:22:50', '32 km adicionales', 2, NULL, '2018-07-10 20:22:50', '2018-07-10 20:22:50'),(12, 5, 252, NULL, 115.00, '2018-07-10 20:22:50', '00:55:26', 2, NULL, '2018-07-10 20:22:50', '2018-07-10 20:22:50'),(13, 12, 248, NULL, 200.00, '2018-07-10 20:23:00', '25 km adicionales', 2, NULL, '2018-07-10 20:23:00', '2018-07-10 20:23:00'),(14, 12, 252, NULL, 117.50, '2018-07-10 20:23:00', '00:56:52', 2, NULL, '2018-07-10 20:23:00', '2018-07-10 20:23:00'),(15, 8, 248, NULL, 168.00, '2018-07-10 20:23:09', '21 km adicionales', 2, NULL, '2018-07-10 20:23:09', '2018-07-10 20:23:09'),(16, 8, 252, NULL, 117.50, '2018-07-10 20:23:09', '00:56:01', 2, NULL, '2018-07-10 20:23:09', '2018-07-10 20:23:09'),(17, 7, 248, NULL, 64.00, '2018-07-10 20:40:23', '8 km adicionales', 2, NULL, '2018-07-10 20:40:23', '2018-07-10 20:40:23'),(18, 7, 252, NULL, 160.00, '2018-07-10 20:40:23', '01:13:07', 2, NULL, '2018-07-10 20:40:23', '2018-07-10 20:40:23'),(19, 9, 248, NULL, 48.00, '2018-07-10 20:54:41', '6 km adicionales', 2, NULL, '2018-07-10 20:54:41', '2018-07-10 20:54:41'),(20, 9, 252, NULL, 197.50, '2018-07-10 20:54:41', '01:28:11', 2, NULL, '2018-07-10 20:54:41', '2018-07-10 20:54:41'),(21, 14, 248, NULL, 72.00, '2018-07-10 21:01:52', '9 km adicionales', 2, NULL, '2018-07-10 21:01:52', '2018-07-10 21:01:52'),(22, 13, 248, NULL, 40.00, '2018-07-10 21:32:59', '5 km adicionales', 2, NULL, '2018-07-10 21:32:59', '2018-07-10 21:32:59'),(23, 13, 252, NULL, 292.50, '2018-07-10 21:32:59', '02:06:58', 2, NULL, '2018-07-10 21:32:59', '2018-07-10 21:32:59'),(24, 16, 248, NULL, 56.00, '2018-07-11 13:52:11', '7 km adicionales', 2, NULL, '2018-07-11 13:52:11', '2018-07-11 13:52:11'),(25, 17, 248, NULL, 88.00, '2018-07-11 14:55:26', '11 km adicionales', 2, NULL, '2018-07-11 14:55:26', '2018-07-11 14:55:26'),(26, 17, 252, NULL, 5.00, '2018-07-11 14:55:26', '00:11:45', 2, NULL, '2018-07-11 14:55:26', '2018-07-11 14:55:26'),(27, 18, 248, NULL, 112.00, '2018-07-11 15:12:22', '14 km adicionales', 2, NULL, '2018-07-11 15:12:22', '2018-07-11 15:12:22'),(28, 20, 248, NULL, 32.00, '2018-07-11 16:04:10', '4 km adicionales', 2, NULL, '2018-07-11 16:04:10', '2018-07-11 16:04:10'),(29, 22, 248, NULL, 120.00, '2018-07-11 16:50:56', '15 km adicionales', 2, NULL, '2018-07-11 16:50:56', '2018-07-11 16:50:56'),(30, 21, 248, NULL, 160.00, '2018-07-11 17:12:05', '20 km adicionales', 2, NULL, '2018-07-11 17:12:05', '2018-07-11 17:12:05'),(31, 23, 252, NULL, 40.00, '2018-07-11 18:13:51', '00:25:12', 2, NULL, '2018-07-11 18:13:51', '2018-07-11 18:13:51'),(32, 24, 248, NULL, 216.00, '2018-07-11 19:54:28', '27 km adicionales', 2, NULL, '2018-07-11 19:54:28', '2018-07-11 19:54:28'),(33, 27, 248, NULL, 88.00, '2018-07-11 20:26:43', '11 km adicionales', 2, NULL, '2018-07-11 20:26:43', '2018-07-11 20:26:43'),(34, 28, 248, NULL, 144.00, '2018-07-11 20:26:49', '18 km adicionales', 2, NULL, '2018-07-11 20:26:49', '2018-07-11 20:26:49'),(35, 28, 252, NULL, 15.00, '2018-07-11 20:26:49', '00:15:46', 2, NULL, '2018-07-11 20:26:49', '2018-07-11 20:26:49'),(36, 29, 248, NULL, 136.00, '2018-07-11 20:26:55', '17 km adicionales', 2, NULL, '2018-07-11 20:26:55', '2018-07-11 20:26:55'),(37, 31, 248, NULL, 192.00, '2018-07-11 20:27:01', '24 km adicionales', 2, NULL, '2018-07-11 20:27:01', '2018-07-11 20:27:01'),(38, 30, 248, NULL, 320.00, '2018-07-11 20:27:31', '40 km adicionales', 2, NULL, '2018-07-11 20:27:31', '2018-07-11 20:27:31'),(39, 26, 248, NULL, 552.00, '2018-07-11 20:27:38', '69 km adicionales', 2, NULL, '2018-07-11 20:27:38', '2018-07-11 20:27:38'),(40, 26, 252, NULL, 10.00, '2018-07-11 20:27:38', '00:13:17', 2, NULL, '2018-07-11 20:27:38', '2018-07-11 20:27:38'),(41, 32, 248, NULL, 128.00, '2018-07-22 17:08:43', '16 km adicionales', 1, NULL, '2018-07-22 17:08:43', '2018-07-22 17:08:43'),(42, 32, 253, NULL, 100.00, '2018-07-22 17:08:43', '40 minutos', 1, NULL, '2018-07-22 17:08:43', '2018-07-22 17:08:43'),(43, 32, 253, NULL, 2.50, '2018-07-22 17:08:43', '1 minutos', 1, NULL, '2018-07-22 17:08:43', '2018-07-22 17:08:43');
UNLOCK TABLES;
COMMIT;
BEGIN;
LOCK TABLES `centralcar`.`vi_viaje` WRITE;
DELETE FROM `centralcar`.`vi_viaje`;
INSERT INTO `centralcar`.`vi_viaje` (`id_viaje`,`id_cordon`,`id_cliente_origen`,`id_detalle_factura`,`id_episodio`,`id_tarifa_cliente`,`id_operador_unidad`,`cat_status_viaje`,`cat_cancelaciones`,`cat_tiposervicio`,`cat_tipo_salida`,`cat_tipotemporicidad`,`user_alta`,`user_mod`,`fecha_alta`,`fecha_mod`) VALUES (1, 10, 1, NULL, 1, 990, 31, 172, NULL, 165, 180, 184, 1, NULL, '2018-07-10 17:43:10', '2018-07-10 18:22:03'),(2, 12, 2, NULL, 2, 990, 12, 172, NULL, 165, 180, 184, 2, NULL, '2018-07-10 17:56:57', '2018-07-10 18:34:34'),(3, NULL, 3, NULL, 1, 990, 31, 266, NULL, 165, 181, 184, 2, NULL, '2018-07-10 18:32:28', '2018-07-10 19:04:50'),(4, NULL, 4, NULL, 1, 990, 31, 172, NULL, 165, 181, 184, 1, NULL, '2018-07-10 19:07:34', '2018-07-10 19:11:07'),(5, 14, 5, NULL, 5, 992, 2, 172, NULL, 163, 180, 184, 1, NULL, '2018-07-10 19:08:44', '2018-07-10 20:22:48'),(6, NULL, 1, NULL, 1, 990, 31, 172, NULL, 164, 181, 184, 1, NULL, '2018-07-10 19:11:40', '2018-07-10 19:26:46'),(7, 15, 4, NULL, 3, 990, 7, 172, NULL, 165, 180, 184, 1, NULL, '2018-07-10 19:12:03', '2018-07-10 20:40:22'),(8, 16, 6, NULL, 6, 990, 3, 172, NULL, 165, 180, 184, 1, NULL, '2018-07-10 19:12:37', '2018-07-10 20:23:07'),(9, 17, 7, NULL, 4, 990, 1, 172, NULL, 163, 180, 184, 2, NULL, '2018-07-10 19:12:57', '2018-07-10 20:54:38'),(10, NULL, 4, NULL, NULL, 990, 11, 195, NULL, 166, 180, 162, 1, NULL, '2018-07-10 19:13:02', '2018-07-10 19:13:02'),(11, NULL, 4, NULL, NULL, 990, 34, 195, NULL, 166, 180, 162, 1, NULL, '2018-07-10 19:13:22', '2018-07-10 19:13:22'),(12, 18, 5, NULL, 2, 990, 12, 172, NULL, 165, 180, 184, 1, NULL, '2018-07-10 19:14:12', '2018-07-10 20:22:58'),(13, 20, 6, NULL, 7, 990, 17, 265, NULL, 165, 180, 184, 1, NULL, '2018-07-10 19:17:27', '2018-07-10 21:32:59'),(14, NULL, 4, NULL, 8, 990, 10, 172, NULL, 165, 180, 184, 1, NULL, '2018-07-10 19:18:28', '2018-07-10 21:01:50'),(15, 21, 8, NULL, 7, 990, 17, 173, 175, 165, 180, 184, 2, NULL, '2018-07-11 13:31:49', '2018-07-11 13:36:12'),(16, 22, 9, NULL, 6, 990, 3, 172, NULL, 165, 180, 184, 2, NULL, '2018-07-11 13:38:25', '2018-07-11 13:52:09'),(17, 24, 10, NULL, 3, 990, 7, 264, NULL, 165, 182, 184, 2, NULL, '2018-07-11 13:56:41', '2018-07-11 14:55:26'),(18, NULL, 11, NULL, 1, 990, 31, 172, NULL, 165, 181, 184, 2, NULL, '2018-07-11 14:07:18', '2018-07-11 15:12:21'),(19, NULL, 12, NULL, NULL, 990, 2, 173, 174, 165, 180, 162, 2, NULL, '2018-07-11 14:12:20', '2018-07-11 14:31:24'),(20, NULL, 13, NULL, 9, 990, 2, 172, NULL, 165, 180, 184, 2, NULL, '2018-07-11 14:18:24', '2018-07-11 16:04:08'),(21, 25, 14, NULL, 8, 29, 10, 172, NULL, 165, 180, 184, 2, NULL, '2018-07-11 15:21:44', '2018-07-11 17:12:04'),(22, 27, 15, NULL, 6, 122, 3, 172, NULL, 165, 182, 184, 2, NULL, '2018-07-11 16:15:08', '2018-07-11 16:50:54'),(23, 26, 16, NULL, 2, 122, 12, 172, NULL, 165, 180, 184, 2, NULL, '2018-07-11 17:48:20', '2018-07-11 18:13:50'),(24, 28, 17, NULL, 2, 122, 12, 172, NULL, 165, 180, 184, 2, NULL, '2018-07-11 18:57:44', '2018-07-11 19:54:28'),(25, NULL, 18, NULL, NULL, 804, 8, 195, NULL, 165, 180, 162, 2, NULL, '2018-07-11 19:05:21', '2018-07-11 19:05:21'),(26, 29, 19, NULL, 4, 1023, 1, 172, NULL, 165, 180, 184, 2, NULL, '2018-07-11 19:41:26', '2018-07-11 20:27:36'),(27, 30, 20, NULL, 6, 1052, 3, 265, NULL, 165, 180, 184, 2, NULL, '2018-07-11 19:56:09', '2018-07-11 20:26:43'),(28, 31, 21, NULL, 1, 1021, 31, 172, NULL, 165, 180, 184, 2, NULL, '2018-07-11 19:59:28', '2018-07-11 20:26:48'),(29, 32, 22, NULL, 9, 1052, 2, 265, NULL, 165, 180, 184, 2, NULL, '2018-07-11 20:04:23', '2018-07-11 20:26:55'),(30, 33, 23, NULL, 8, 1052, 10, 172, NULL, 165, 180, 184, 2, NULL, '2018-07-11 20:07:10', '2018-07-11 20:27:29'),(31, 35, 24, NULL, 2, 1052, 12, 172, NULL, 165, 180, 184, 2, NULL, '2018-07-11 20:10:53', '2018-07-11 20:27:00'),(32, NULL, 25, NULL, 9, 1052, 2, 172, NULL, 165, 181, 184, 2, NULL, '2018-07-17 12:59:31', '2018-07-22 17:08:41'),(33, 36, 11, NULL, 4, 990, 1, 179, NULL, 165, 180, 184, 1, NULL, '2018-07-22 17:12:00', '2018-07-22 17:12:02');
UNLOCK TABLES;
COMMIT;
BEGIN;
LOCK TABLES `centralcar`.`vi_viaje_alternativas` WRITE;
DELETE FROM `centralcar`.`vi_viaje_alternativas`;
INSERT INTO `centralcar`.`vi_viaje_alternativas` (`id_viaje_alternativa`,`id_viaje_statics`,`ruta_file`,`km`,`minutos`,`sumario`,`user_alta`,`user_mod`,`fecha_alta`,`fecha_mod`) VALUES (1, 1, '2018/07/10/1/ZSqoDM.png', 9.19, '00:23:58', 'Av Ejrcito Nacional', 2, NULL, '2018-07-10 18:22:03', '2018-07-10 18:22:03'),(2, 1, '2018/07/10/1/jZk9Yw.png', 8.14, '00:26:33', 'Paseo de la Reforma', 2, NULL, '2018-07-10 18:22:04', '2018-07-10 18:22:04'),(3, 1, '2018/07/10/1/Oy1UVT.png', 10.80, '00:29:13', 'Blvd. Adolfo Lpez Mateos/Anillo Perif. and Av Ejrcito Nacional', 2, NULL, '2018-07-10 18:22:04', '2018-07-10 18:22:04'),(4, 2, '2018/07/10/2/6lz2sb.png', 6.64, '00:18:45', 'Cto. Interior Mtro. Jos Vasconcelos', 2, NULL, '2018-07-10 18:34:35', '2018-07-10 18:34:35'),(5, 2, '2018/07/10/2/L2setm.png', 5.16, '00:21:22', 'Av de los Insurgentes Sur/Insurgentes Sur', 2, NULL, '2018-07-10 18:34:35', '2018-07-10 18:34:35'),(6, 2, '2018/07/10/2/m2DvUy.png', 5.14, '00:23:44', 'Av Nuevo Len and Av de los Insurgentes Sur/Insurgentes Sur', 2, NULL, '2018-07-10 18:34:36', '2018-07-10 18:34:36'),(7, 3, '2018/07/10/3/5eKvuP.png', 21.20, '00:27:51', 'Segundo Piso del Anillo Perifrico', 1, NULL, '2018-07-10 19:04:49', '2018-07-10 19:04:49'),(8, 3, '2018/07/10/3/59MdsA.png', 15.62, '00:30:11', 'Eje 5 Pte', 1, NULL, '2018-07-10 19:04:49', '2018-07-10 19:04:49'),(9, 3, '2018/07/10/3/oIWVTz.png', 13.54, '00:31:19', 'Av Constituyentes', 1, NULL, '2018-07-10 19:04:50', '2018-07-10 19:04:50'),(10, 4, '2018/07/10/4/2Isfhk.png', 20.99, '00:35:04', 'Av. Ro Churubusco', 1, NULL, '2018-07-10 19:11:08', '2018-07-10 19:11:08'),(11, 4, '2018/07/10/4/IjnE27.png', 20.06, '00:35:24', 'Calz. de Tlalpan', 1, NULL, '2018-07-10 19:11:09', '2018-07-10 19:11:09'),(12, 4, '2018/07/10/4/yoU6DJ.png', 23.95, '00:51:02', 'Eje Central Lzaro Crdenas', 1, NULL, '2018-07-10 19:11:09', '2018-07-10 19:11:09'),(13, 5, '2018/07/10/6/DBkqC0.png', 25.62, '00:41:26', 'Viad. Miguel Alemn', 2, NULL, '2018-07-10 19:26:47', '2018-07-10 19:26:47'),(14, 5, '2018/07/10/6/SFwLTo.png', 25.44, '00:44:10', 'Cto. Interior', 2, NULL, '2018-07-10 19:26:47', '2018-07-10 19:26:47'),(15, 5, '2018/07/10/6/KGqug8.png', 27.05, '00:48:54', 'Av Ejrcito Nacional', 2, NULL, '2018-07-10 19:26:48', '2018-07-10 19:26:48'),(16, 6, '2018/07/10/5/kP46XU.png', 35.39, '00:52:59', 'Anillo Perif.', 2, NULL, '2018-07-10 20:22:49', '2018-07-10 20:22:49'),(17, 6, '2018/07/10/5/wmZ4Vu.png', 27.62, '01:01:33', 'Eje 3 Sur', 2, NULL, '2018-07-10 20:22:49', '2018-07-10 20:22:49'),(18, 6, '2018/07/10/5/8UJzK4.png', 27.21, '01:02:37', 'Ermita Iztapalapa/Eje 8 Sur and Av. Ro Churubusco', 2, NULL, '2018-07-10 20:22:50', '2018-07-10 20:22:50'),(19, 7, '2018/07/10/12/CBFR2i.png', 24.53, '00:59:08', 'Anillo Perif.', 2, NULL, '2018-07-10 20:22:59', '2018-07-10 20:22:59'),(20, 7, '2018/07/10/12/L6tZrI.png', 28.06, '00:59:20', 'Autopista Mxico - Puebla/Calz. Ignacio Zaragoza/Mxico 150D', 2, NULL, '2018-07-10 20:22:59', '2018-07-10 20:22:59'),(21, 7, '2018/07/10/12/coFhXS.png', 24.29, '01:01:22', 'Anillo Perif. and Eje 1 Nte.', 2, NULL, '2018-07-10 20:23:00', '2018-07-10 20:23:00'),(22, 8, '2018/07/10/8/AXamp2.png', 20.53, '00:40:55', 'Av. Ro Churubusco and Eje 6 Sur', 2, NULL, '2018-07-10 20:23:08', '2018-07-10 20:23:08'),(23, 8, '2018/07/10/8/iH7NcP.png', 24.00, '00:39:35', 'Av. Ro Churubusco', 2, NULL, '2018-07-10 20:23:08', '2018-07-10 20:23:08'),(24, 8, '2018/07/10/8/YyMxsi.png', 24.28, '00:41:37', 'Viad. Ro de la Piedad', 2, NULL, '2018-07-10 20:23:09', '2018-07-10 20:23:09'),(25, 9, '2018/07/10/7/tqfmNj.png', 9.46, '00:26:04', 'Eje 5 Sur', 2, NULL, '2018-07-10 20:40:23', '2018-07-10 20:40:23'),(26, 9, '2018/07/10/7/7ZU8yI.png', 8.89, '00:26:30', 'Av. Division del Nte. and Eje 5 Sur', 2, NULL, '2018-07-10 20:40:23', '2018-07-10 20:40:23'),(27, 9, '2018/07/10/7/DsrNtF.png', 11.09, '00:24:13', 'Av. Ro Churubusco', 2, NULL, '2018-07-10 20:40:23', '2018-07-10 20:40:23'),(28, 10, '2018/07/10/9/Q2aXkC.png', 8.94, '00:26:34', 'Viad. Miguel Alemn and Eje Central Lzaro Crdenas', 2, NULL, '2018-07-10 20:54:39', '2018-07-10 20:54:39'),(29, 10, '2018/07/10/9/yiUOAg.png', 7.44, '00:28:28', 'Av de los Insurgentes Sur/Insurgentes Sur', 2, NULL, '2018-07-10 20:54:40', '2018-07-10 20:54:40'),(30, 10, '2018/07/10/9/BoCIKw.png', 9.07, '00:26:27', 'Eje 4A Pte', 2, NULL, '2018-07-10 20:54:41', '2018-07-10 20:54:41'),(31, 11, '2018/07/10/14/s21fiM.png', 10.36, '00:29:07', 'Eje Central Lzaro Crdenas', 2, NULL, '2018-07-10 21:01:50', '2018-07-10 21:01:50'),(32, 11, '2018/07/10/14/pHSvnk.png', 12.53, '00:28:40', 'Calz. de Tlalpan', 2, NULL, '2018-07-10 21:01:51', '2018-07-10 21:01:51'),(33, 11, '2018/07/10/14/C8qrA5.png', 9.84, '00:31:05', 'Eje Central Lzaro Crdenas and Dr Jos Mara Vertiz', 2, NULL, '2018-07-10 21:01:52', '2018-07-10 21:01:52'),(34, 12, '2018/07/10/13/aOSTes.png', 8.61, '00:22:46', 'Eje 5 Pte', 2, NULL, '2018-07-10 21:32:58', '2018-07-10 21:32:58'),(35, 12, '2018/07/10/13/zMWtqN.png', 8.74, '00:22:00', 'Anillo Perif.', 2, NULL, '2018-07-10 21:32:58', '2018-07-10 21:32:58'),(36, 12, '2018/07/10/13/nsqwZm.png', 7.30, '00:23:09', 'Av de los Insurgentes Sur/Insurgentes Sur', 2, NULL, '2018-07-10 21:32:59', '2018-07-10 21:32:59'),(37, 13, '2018/07/11/16/MxJgy5.png', 8.00, '00:29:23', 'Av. Division del Nte. and Eje 2 Pte', 2, NULL, '2018-07-11 13:52:10', '2018-07-11 13:52:10'),(38, 13, '2018/07/11/16/pDj8bX.png', 10.38, '00:31:28', 'Eje Central Lzaro Crdenas', 2, NULL, '2018-07-11 13:52:10', '2018-07-11 13:52:10'),(39, 13, '2018/07/11/16/s20J5h.png', 10.39, '00:30:58', 'Av. Division del Nte.', 2, NULL, '2018-07-11 13:52:11', '2018-07-11 13:52:11'),(40, 14, '2018/07/11/17/yeRQOD.png', 14.53, '00:24:58', 'Viad. Miguel Alemn', 2, NULL, '2018-07-11 14:55:25', '2018-07-11 14:55:25'),(41, 14, '2018/07/11/17/cCHkoD.png', 9.24, '00:27:45', 'Av Ejrcito Nacional and Eje 1 Sur', 2, NULL, '2018-07-11 14:55:26', '2018-07-11 14:55:26'),(42, 14, '2018/07/11/17/9v6gxy.png', 14.84, '00:27:01', 'Autopista Urbana Nte. and Viad. Miguel Alemn', 2, NULL, '2018-07-11 14:55:26', '2018-07-11 14:55:26'),(43, 15, '2018/07/11/18/xZpX8W.png', 15.15, '00:31:03', 'Viad. Ro de la Piedad', 2, NULL, '2018-07-11 15:12:22', '2018-07-11 15:12:22'),(44, 15, '2018/07/11/18/1VcUO2.png', 17.42, '00:32:47', 'Av. Ro Churubusco', 2, NULL, '2018-07-11 15:12:22', '2018-07-11 15:12:22'),(45, 15, '2018/07/11/18/XRv1iK.png', 14.17, '00:34:41', 'Eje 6 Sur', 2, NULL, '2018-07-11 15:12:22', '2018-07-11 15:12:22'),(46, 16, '2018/07/11/20/8xuIQW.png', 6.56, '00:24:12', 'Av. Marina Nacional', 2, NULL, '2018-07-11 16:04:09', '2018-07-11 16:04:09'),(47, 16, '2018/07/11/20/EziMoA.png', 7.05, '00:27:04', 'Calz. Gral. Mariano Escobedo/Eje 4 Pte', 2, NULL, '2018-07-11 16:04:10', '2018-07-11 16:04:10'),(48, 16, '2018/07/11/20/Rqa3Bi.png', 7.41, '00:28:24', 'Av Chapultepec/Eje 1 Sur and Calz. Gral. Mariano Escobedo/Eje 4 Pte', 2, NULL, '2018-07-11 16:04:10', '2018-07-11 16:04:10'),(49, 17, '2018/07/11/22/XEwzfQ.png', 14.45, '00:28:54', 'Av Oceana', 2, NULL, '2018-07-11 16:50:55', '2018-07-11 16:50:55'),(50, 17, '2018/07/11/22/LM0ZrR.png', 18.57, '00:31:56', 'Viad. Ro de la Piedad', 2, NULL, '2018-07-11 16:50:56', '2018-07-11 16:50:56'),(51, 17, '2018/07/11/22/es5VEp.png', 18.43, '00:37:06', 'Cto. Interior', 2, NULL, '2018-07-11 16:50:56', '2018-07-11 16:50:56'),(52, 18, '2018/07/11/21/5WO8oJ.png', 21.97, '00:40:06', 'Cto. Interior', 2, NULL, '2018-07-11 17:12:04', '2018-07-11 17:12:04'),(53, 18, '2018/07/11/21/mNb9kW.png', 20.98, '00:41:17', 'Viad. Miguel Alemn', 2, NULL, '2018-07-11 17:12:05', '2018-07-11 17:12:05'),(54, 18, '2018/07/11/21/YjpNA5.png', 23.59, '00:46:33', 'Av. Ro Churubusco', 2, NULL, '2018-07-11 17:12:05', '2018-07-11 17:12:05'),(55, 19, '2018/07/11/23/IObi9M.png', 2.44, '00:10:08', 'Av. Pdte. Masaryk', 2, NULL, '2018-07-11 18:13:50', '2018-07-11 18:13:50'),(56, 19, '2018/07/11/23/tiUTsK.png', 3.10, '00:10:51', 'Av Horacio', 2, NULL, '2018-07-11 18:13:51', '2018-07-11 18:13:51'),(57, 19, '2018/07/11/23/C6fDoZ.png', 3.11, '00:11:18', 'Perif. Blvd. Manuel vila Camacho', 2, NULL, '2018-07-11 18:13:51', '2018-07-11 18:13:51'),(58, 20, '2018/07/11/24/PbXFTD.png', 30.43, '00:42:16', 'Autopista Mxico - Puebla/Mxico 150D', 2, NULL, '2018-07-11 19:54:28', '2018-07-11 19:54:28'),(59, 21, '2018/07/11/27/37rWEs.png', 13.90, '00:25:01', 'Paseo de la Reforma and Autopista Mxico-Marquesa/Mxico 134D/Mxico 15D', 2, NULL, '2018-07-11 20:26:42', '2018-07-11 20:26:42'),(60, 21, '2018/07/11/27/eaJfsV.png', 14.07, '00:26:36', 'Autopista Mxico-Marquesa/Mxico 134D/Mxico 15D', 2, NULL, '2018-07-11 20:26:42', '2018-07-11 20:26:42'),(61, 21, '2018/07/11/27/Ab8IVB.png', 14.60, '00:26:19', 'Paseo de la Reforma and Carr. Mxico-Toluca', 2, NULL, '2018-07-11 20:26:43', '2018-07-11 20:26:43'),(62, 22, '2018/07/11/28/OBDHtU.png', 20.63, '00:32:45', 'Autopista Naucalpan-Ecatepec', 2, NULL, '2018-07-11 20:26:48', '2018-07-11 20:26:48'),(63, 22, '2018/07/11/28/XLhWT1.png', 21.41, '00:36:10', 'Perif. Blvd. Manuel vila Camacho', 2, NULL, '2018-07-11 20:26:49', '2018-07-11 20:26:49'),(64, 22, '2018/07/11/28/VWGev7.png', 19.82, '00:36:19', 'Eje Central Lzaro Crdenas/Lzaro Crdenas', 2, NULL, '2018-07-11 20:26:49', '2018-07-11 20:26:49'),(65, 23, '2018/07/11/29/ibRzPD.png', 18.72, '00:29:16', 'Anillo Perif. Blvd. Adolfo Lpez Mateos', 2, NULL, '2018-07-11 20:26:54', '2018-07-11 20:26:54'),(66, 23, '2018/07/11/29/14fqWX.png', 19.62, '00:31:32', 'Autopista Urbana Nte. and Anillo Perif.', 2, NULL, '2018-07-11 20:26:54', '2018-07-11 20:26:54'),(67, 23, '2018/07/11/29/TGDWZg.png', 20.06, '00:32:05', 'Anillo Perif.', 2, NULL, '2018-07-11 20:26:55', '2018-07-11 20:26:55'),(68, 24, '2018/07/11/31/JMvmHD.png', 21.13, '00:35:56', 'Viad. Miguel Alemn and Viad. Ro de la Piedad', 2, NULL, '2018-07-11 20:27:01', '2018-07-11 20:27:01'),(69, 24, '2018/07/11/31/94uzy2.png', 27.15, '00:44:37', 'Cto. Interior', 2, NULL, '2018-07-11 20:27:01', '2018-07-11 20:27:01'),(70, 25, '2018/07/11/30/boyBvu.png', 42.39, '00:58:56', 'Autopista Mxico - Puebla/Mxico 150D', 2, NULL, '2018-07-11 20:27:30', '2018-07-11 20:27:30'),(71, 25, '2018/07/11/30/Ob4tH9.png', 43.68, '01:01:32', 'Anillo Perif.', 2, NULL, '2018-07-11 20:27:31', '2018-07-11 20:27:31'),(72, 25, '2018/07/11/30/fIRJwh.png', 41.68, '01:08:29', 'Calz. de Tlalpan and Anillo Perif.', 2, NULL, '2018-07-11 20:27:31', '2018-07-11 20:27:31'),(73, 26, '2018/07/11/26/HcSb9w.png', 50.42, '01:02:01', 'Mxico 132D', 2, NULL, '2018-07-11 20:27:37', '2018-07-11 20:27:37'),(74, 26, '2018/07/11/26/jqeoEP.png', 55.79, '01:08:06', 'Autopista Naucalpan-Ecatepec and Mxico 132D', 2, NULL, '2018-07-11 20:27:37', '2018-07-11 20:27:37'),(75, 26, '2018/07/11/26/IV7W5F.png', 72.66, '01:15:25', 'Perif. Blvd. Manuel vila Camacho', 2, NULL, '2018-07-11 20:27:38', '2018-07-11 20:27:38'),(76, 27, '2018/07/22/32/aIBXuc.png', 15.14, '00:26:52', 'Viad. Miguel Alemn', 1, NULL, '2018-07-22 17:08:42', '2018-07-22 17:08:42'),(77, 27, '2018/07/22/32/2DENmY.png', 19.10, '00:34:14', 'Autopista Urbana Nte. and Viad. Miguel Alemn', 1, NULL, '2018-07-22 17:08:43', '2018-07-22 17:08:43'),(78, 27, '2018/07/22/32/yKte7o.png', 11.04, '00:34:15', 'Paseo de la Reforma and Eje 1 Sur', 1, NULL, '2018-07-22 17:08:43', '2018-07-22 17:08:43');
UNLOCK TABLES;
COMMIT;
BEGIN;
LOCK TABLES `centralcar`.`vi_viaje_clientes` WRITE;
DELETE FROM `centralcar`.`vi_viaje_clientes`;
INSERT INTO `centralcar`.`vi_viaje_clientes` (`id_viaje_clientes`,`id_viaje`,`id_cliente`,`user_alta`,`user_mod`,`fecha_alta`,`fecha_mod`) VALUES (1, 1, 261, 1, NULL, '2018-07-10 17:43:10', '2018-07-10 17:43:10'),(2, 2, 262, 2, NULL, '2018-07-10 17:56:57', '2018-07-10 17:56:57'),(3, 3, 263, 2, NULL, '2018-07-10 18:32:28', '2018-07-10 18:32:28'),(4, 4, 261, 1, NULL, '2018-07-10 19:07:34', '2018-07-10 19:07:34'),(5, 5, 261, 1, NULL, '2018-07-10 19:08:44', '2018-07-10 19:08:44'),(6, 6, 261, 1, NULL, '2018-07-10 19:11:40', '2018-07-10 19:11:40'),(7, 7, 261, 1, NULL, '2018-07-10 19:12:03', '2018-07-10 19:12:03'),(8, 8, 261, 1, NULL, '2018-07-10 19:12:37', '2018-07-10 19:12:37'),(9, 9, 264, 2, NULL, '2018-07-10 19:12:57', '2018-07-10 19:12:57'),(10, 10, 261, 1, NULL, '2018-07-10 19:13:02', '2018-07-10 19:13:02'),(11, 11, 261, 1, NULL, '2018-07-10 19:13:22', '2018-07-10 19:13:22'),(12, 12, 261, 1, NULL, '2018-07-10 19:14:12', '2018-07-10 19:14:12'),(13, 13, 261, 1, NULL, '2018-07-10 19:17:27', '2018-07-10 19:17:27'),(14, 14, 261, 1, NULL, '2018-07-10 19:18:28', '2018-07-10 19:18:28'),(15, 15, 262, 2, NULL, '2018-07-11 13:31:49', '2018-07-11 13:31:49'),(16, 16, 262, 2, NULL, '2018-07-11 13:38:25', '2018-07-11 13:38:25'),(17, 17, 263, 2, NULL, '2018-07-11 13:56:41', '2018-07-11 13:56:41'),(18, 18, 261, 2, NULL, '2018-07-11 14:07:18', '2018-07-11 14:07:18'),(19, 19, 262, 2, NULL, '2018-07-11 14:12:20', '2018-07-11 14:12:20'),(20, 20, 262, 2, NULL, '2018-07-11 14:18:24', '2018-07-11 14:18:24'),(21, 21, 265, 2, NULL, '2018-07-11 15:21:44', '2018-07-11 15:21:44'),(22, 22, 259, 2, NULL, '2018-07-11 16:15:08', '2018-07-11 16:15:08'),(23, 23, 260, 2, NULL, '2018-07-11 17:48:20', '2018-07-11 17:48:20'),(24, 24, 266, 2, NULL, '2018-07-11 18:57:44', '2018-07-11 18:57:44'),(25, 25, 267, 2, NULL, '2018-07-11 19:05:21', '2018-07-11 19:05:21'),(26, 26, 268, 2, NULL, '2018-07-11 19:41:26', '2018-07-11 19:41:26'),(27, 27, 275, 2, NULL, '2018-07-11 19:56:09', '2018-07-11 19:56:09'),(28, 27, 274, 2, NULL, '2018-07-11 19:56:09', '2018-07-11 19:56:09'),(29, 28, 270, 2, NULL, '2018-07-11 19:59:28', '2018-07-11 19:59:28'),(30, 29, 272, 2, NULL, '2018-07-11 20:04:23', '2018-07-11 20:04:23'),(31, 29, 278, 2, NULL, '2018-07-11 20:04:23', '2018-07-11 20:04:24'),(32, 30, 277, 2, NULL, '2018-07-11 20:07:10', '2018-07-11 20:07:10'),(33, 31, 279, 2, NULL, '2018-07-11 20:10:53', '2018-07-11 20:10:53'),(34, 32, 278, 2, NULL, '2018-07-17 12:59:31', '2018-07-17 12:59:31'),(35, 33, 261, 1, NULL, '2018-07-22 17:12:00', '2018-07-22 17:12:00');
UNLOCK TABLES;
COMMIT;
BEGIN;
LOCK TABLES `centralcar`.`vi_viaje_detalle` WRITE;
DELETE FROM `centralcar`.`vi_viaje_detalle`;
INSERT INTO `centralcar`.`vi_viaje_detalle` (`id_viaje_detalle`,`id_viaje`,`fecha_solicitud`,`fecha_asignacion`,`fecha_requerimiento`,`cat_revision`,`apartado`,`observaciones`,`msgPaqArray`,`user_alta`,`user_mod`,`fecha_alta`,`fecha_mod`) VALUES (1, 1, '2018-07-10 17:43:10', '2018-07-10 17:49:07', '2018-07-10 17:40:00', 269, 0, '', '', 1, NULL, '2018-07-10 17:43:10', '2018-07-10 17:49:07'),(2, 2, '2018-07-10 17:56:57', '2018-07-10 17:56:58', '2018-07-10 17:41:00', 269, 0, '', '', 2, NULL, '2018-07-10 17:56:57', '2018-07-10 17:56:58'),(3, 3, '2018-07-10 18:32:28', '2018-07-10 18:32:28', '2018-07-10 18:25:00', 262, 0, '', '', 2, NULL, '2018-07-10 18:32:28', '2018-07-10 18:32:28'),(4, 4, '2018-07-10 19:07:34', '2018-07-10 19:07:34', '2018-07-10 19:06:00', 269, 0, '', '', 1, NULL, '2018-07-10 19:07:34', '2018-07-10 19:07:34'),(5, 5, '2018-07-10 19:08:44', '2018-07-10 19:08:46', '2018-07-10 19:07:00', 269, 0, '', 'Flores|Factura', 1, NULL, '2018-07-10 19:08:44', '2018-07-10 19:08:46'),(6, 6, '2018-07-10 19:11:40', '2018-07-10 19:11:40', '2018-07-10 19:08:00', 269, 0, '', 'Bulto|Bolsa', 1, NULL, '2018-07-10 19:11:40', '2018-07-10 19:11:40'),(7, 7, '2018-07-10 19:12:03', '2018-07-10 19:12:04', '2018-07-10 19:11:00', 269, 0, '', '', 1, NULL, '2018-07-10 19:12:03', '2018-07-10 19:12:04'),(8, 8, '2018-07-10 19:12:37', '2018-07-10 19:12:38', '2018-07-10 19:12:00', 269, 0, '', '', 1, NULL, '2018-07-10 19:12:37', '2018-07-10 19:12:38'),(9, 9, '2018-07-10 19:12:57', '2018-07-10 19:12:58', '2018-07-10 19:07:00', 269, 0, '', 'Flores', 2, NULL, '2018-07-10 19:12:57', '2018-07-10 19:12:58'),(10, 10, '2018-07-10 19:13:02', '2018-07-10 19:13:02', '2018-07-10 19:12:00', 269, 1, '', '', 1, NULL, '2018-07-10 19:13:02', '2018-07-10 19:13:02'),(11, 11, '2018-07-10 19:13:22', '2018-07-10 19:13:22', '2018-07-10 19:13:00', 269, 1, '', '', 1, NULL, '2018-07-10 19:13:22', '2018-07-10 19:13:22'),(12, 12, '2018-07-10 19:14:12', '2018-07-10 19:14:14', '2018-07-10 19:13:00', 269, 0, '', '', 1, NULL, '2018-07-10 19:14:12', '2018-07-10 19:14:14'),(13, 13, '2018-07-10 19:17:27', '2018-07-10 19:18:57', '2018-07-10 19:16:00', 261, 0, '', '', 1, NULL, '2018-07-10 19:17:27', '2018-07-10 19:18:57'),(14, 14, '2018-07-10 19:18:28', '2018-07-10 19:18:28', '2018-07-10 20:18:00', 269, 1, '', '', 1, NULL, '2018-07-10 19:18:28', '2018-07-10 19:18:28'),(15, 15, '2018-07-11 13:31:49', '2018-07-11 13:31:50', '2018-07-11 13:30:00', 269, 0, '', '', 2, NULL, '2018-07-11 13:31:49', '2018-07-11 13:31:50'),(16, 16, '2018-07-11 13:38:25', '2018-07-11 13:38:26', '2018-07-11 13:31:00', 269, 0, '', '', 2, NULL, '2018-07-11 13:38:25', '2018-07-11 13:38:26'),(17, 17, '2018-07-11 13:56:41', '2018-07-11 14:12:40', '2018-07-11 13:38:00', 260, 0, '', '', 2, NULL, '2018-07-11 13:56:41', '2018-07-11 14:12:40'),(18, 18, '2018-07-11 14:07:18', '2018-07-11 14:07:18', '2018-07-11 13:56:00', 269, 0, '', '', 2, NULL, '2018-07-11 14:07:18', '2018-07-11 14:07:18'),(19, 19, '2018-07-11 14:12:20', '2018-07-11 14:12:20', '2018-07-11 15:30:00', 269, 1, '', '', 2, NULL, '2018-07-11 14:12:20', '2018-07-11 14:12:20'),(20, 20, '2018-07-11 14:18:24', '2018-07-11 14:18:24', '2018-07-11 15:17:00', 269, 1, '', '', 2, NULL, '2018-07-11 14:18:24', '2018-07-11 14:18:24'),(21, 21, '2018-07-11 15:21:44', '2018-07-11 15:21:46', '2018-07-11 15:20:00', 269, 0, '', '', 2, NULL, '2018-07-11 15:21:44', '2018-07-11 15:21:46'),(22, 22, '2018-07-11 16:15:08', '2018-07-11 16:15:08', '2018-07-11 16:07:00', 269, 0, '', '', 2, NULL, '2018-07-11 16:15:08', '2018-07-11 16:15:08'),(23, 23, '2018-07-11 17:48:20', '2018-07-11 17:48:21', '2018-07-11 17:47:00', 269, 0, '', '', 2, NULL, '2018-07-11 17:48:20', '2018-07-11 17:48:21'),(24, 24, '2018-07-11 18:57:44', '2018-07-11 19:00:32', '2018-07-11 18:19:00', 269, 0, '', '', 2, NULL, '2018-07-11 18:57:44', '2018-07-11 19:00:32'),(25, 25, '2018-07-11 19:05:21', '2018-07-11 19:05:21', '2018-07-12 13:00:00', 269, 1, '', '', 2, NULL, '2018-07-11 19:05:21', '2018-07-11 19:05:21'),(26, 26, '2018-07-11 19:41:26', '2018-07-11 19:41:27', '2018-07-11 21:00:00', 269, 0, '', '', 2, NULL, '2018-07-11 19:41:26', '2018-07-11 19:41:27'),(27, 27, '2018-07-11 19:56:09', '2018-07-11 19:56:11', '2018-07-11 19:41:00', 261, 0, '', '', 2, NULL, '2018-07-11 19:56:09', '2018-07-11 19:56:11'),(28, 28, '2018-07-11 19:59:28', '2018-07-11 19:59:30', '2018-07-11 19:56:00', 269, 0, '', '', 2, NULL, '2018-07-11 19:59:28', '2018-07-11 19:59:30'),(29, 29, '2018-07-11 20:04:23', '2018-07-11 20:04:24', '2018-07-11 20:01:00', 261, 0, '', '', 2, NULL, '2018-07-11 20:04:23', '2018-07-11 20:04:24'),(30, 30, '2018-07-11 20:07:10', '2018-07-11 20:07:11', '2018-07-11 20:04:00', 269, 0, '', '', 2, NULL, '2018-07-11 20:07:10', '2018-07-11 20:07:11'),(31, 31, '2018-07-11 20:10:53', '2018-07-11 20:10:54', '2018-07-11 20:07:00', 269, 0, '', '', 2, NULL, '2018-07-11 20:10:53', '2018-07-11 20:10:54'),(32, 32, '2018-07-17 12:59:31', '2018-07-22 16:06:51', '2018-07-17 12:57:00', 269, 0, '', '', 2, NULL, '2018-07-17 12:59:31', '2018-07-22 16:06:51'),(33, 33, '2018-07-22 17:12:00', '2018-07-22 17:12:02', '2018-07-22 16:32:00', 269, 0, '', '', 1, NULL, '2018-07-22 17:12:00', '2018-07-22 17:12:02');
UNLOCK TABLES;
COMMIT;
BEGIN;
LOCK TABLES `centralcar`.`vi_viaje_formapago` WRITE;
DELETE FROM `centralcar`.`vi_viaje_formapago`;
INSERT INTO `centralcar`.`vi_viaje_formapago` (`id_viaje_formapago`,`id_viaje`,`cat_formapago`,`user_alta`,`user_mod`,`fecha_alta`,`fecha_mod`) VALUES (1, 1, 34, 1, NULL, '2018-07-10 17:43:10', '2018-07-10 17:43:10'),(2, 2, 33, 2, NULL, '2018-07-10 17:56:57', '2018-07-10 17:56:57'),(3, 3, 33, 2, NULL, '2018-07-10 18:32:28', '2018-07-10 18:32:28'),(4, 4, 34, 1, NULL, '2018-07-10 19:07:34', '2018-07-10 19:07:34'),(5, 5, 34, 1, NULL, '2018-07-10 19:08:44', '2018-07-10 19:08:44'),(6, 6, 34, 1, NULL, '2018-07-10 19:11:40', '2018-07-10 19:11:40'),(7, 7, 34, 1, NULL, '2018-07-10 19:12:03', '2018-07-10 19:12:03'),(8, 8, 34, 1, NULL, '2018-07-10 19:12:37', '2018-07-10 19:12:37'),(9, 9, 34, 2, NULL, '2018-07-10 19:12:57', '2018-07-10 19:12:57'),(10, 10, 33, 1, NULL, '2018-07-10 19:13:02', '2018-07-10 19:13:02'),(11, 11, 34, 1, NULL, '2018-07-10 19:13:22', '2018-07-10 19:13:22'),(12, 12, 34, 1, NULL, '2018-07-10 19:14:12', '2018-07-10 19:14:12'),(13, 13, 34, 1, NULL, '2018-07-10 19:17:27', '2018-07-10 19:17:27'),(14, 14, 34, 1, NULL, '2018-07-10 19:18:28', '2018-07-10 19:18:28'),(15, 15, 33, 2, NULL, '2018-07-11 13:31:49', '2018-07-11 13:31:49'),(16, 16, 33, 2, NULL, '2018-07-11 13:38:25', '2018-07-11 13:38:25'),(17, 17, 34, 2, NULL, '2018-07-11 13:56:41', '2018-07-11 13:56:41'),(18, 18, 33, 2, NULL, '2018-07-11 14:07:18', '2018-07-11 14:07:18'),(19, 19, 33, 2, NULL, '2018-07-11 14:12:20', '2018-07-11 14:12:20'),(20, 20, 34, 2, NULL, '2018-07-11 14:18:24', '2018-07-11 14:18:24'),(21, 21, 34, 2, NULL, '2018-07-11 15:21:44', '2018-07-11 15:21:44'),(22, 22, 34, 2, NULL, '2018-07-11 16:15:08', '2018-07-11 16:15:08'),(23, 23, 34, 2, NULL, '2018-07-11 17:48:20', '2018-07-11 17:48:20'),(24, 24, 34, 2, NULL, '2018-07-11 18:57:44', '2018-07-11 18:57:44'),(25, 25, 34, 2, NULL, '2018-07-11 19:05:21', '2018-07-11 19:05:21'),(26, 26, 34, 2, NULL, '2018-07-11 19:41:26', '2018-07-11 19:41:26'),(27, 27, 34, 2, NULL, '2018-07-11 19:56:09', '2018-07-11 19:56:09'),(28, 28, 34, 2, NULL, '2018-07-11 19:59:28', '2018-07-11 19:59:28'),(29, 29, 34, 2, NULL, '2018-07-11 20:04:23', '2018-07-11 20:04:23'),(30, 30, 34, 2, NULL, '2018-07-11 20:07:10', '2018-07-11 20:07:10'),(31, 31, 34, 2, NULL, '2018-07-11 20:10:53', '2018-07-11 20:10:53'),(32, 32, 34, 2, NULL, '2018-07-17 12:59:31', '2018-07-17 12:59:31'),(33, 33, 34, 1, NULL, '2018-07-22 17:12:00', '2018-07-22 17:12:00');
UNLOCK TABLES;
COMMIT;
BEGIN;
LOCK TABLES `centralcar`.`vi_viaje_incidencia` WRITE;
DELETE FROM `centralcar`.`vi_viaje_incidencia`;
INSERT INTO `centralcar`.`vi_viaje_incidencia` (`id_viaje_incidencia`,`id_viaje`,`cat_incidencias`,`user_alta`,`user_mod`,`fecha_alta`,`fecha_mod`) VALUES (1, 7, 224, 2, NULL, '2018-07-10 19:16:52', '2018-07-10 19:16:52'),(2, 13, 224, 2, NULL, '2018-07-10 20:40:57', '2018-07-10 20:40:57');
UNLOCK TABLES;
COMMIT;
BEGIN;
LOCK TABLES `centralcar`.`vi_viaje_statics` WRITE;
DELETE FROM `centralcar`.`vi_viaje_statics`;
INSERT INTO `centralcar`.`vi_viaje_statics` (`id_viaje_statics`,`id_viaje`,`id_tarifa_cliente`,`cat_status_statics`,`mapa`,`time_arribo`,`time_espera`,`time_viaje`,`time_or_des_max`,`time_or_des_min`,`time_or_des_pro`,`km_max_maps`,`km_min_maps`,`km_pro_maps`,`geo_origen`,`geo_destino`,`costo_viaje`,`costos_adicionales`,`costo_total`,`user_alta`,`user_mod`,`fecha_alta`,`fecha_mod`) VALUES (1, 1, 990, 222, '2018/07/10/1/Oy1UVT.png', '00:38:51', '00:22:18', '00:22:18', '00:29:13', '00:23:58', '00:26:35', 10.80, 8.14, 9.38, '19.43049095317353,-99.2177062700095', '19.435791574839495,-99.15643131494005', 45.00, 88.50, 133.50, 2, NULL, '2018-07-10 18:22:03', '2018-07-10 18:22:04'),(2, 2, 990, 222, '2018/07/10/2/L2setm.png', '00:37:36', '00:35:01', '00:35:01', '00:23:44', '00:18:45', '00:21:17', 6.64, 5.14, 5.64, '19.399739305592238,-99.1752656392868', '19.435816070825858,-99.15639397072516', 45.00, 126.50, 171.50, 2, NULL, '2018-07-10 18:34:34', '2018-07-10 18:34:36'),(3, 3, 990, 222, '2018/07/10/3/59MdsA.png', '00:32:19', '00:30:00', '00:30:00', '00:31:19', '00:27:51', '00:29:47', 21.20, 13.54, 16.79, '19.395202500750703,-99.17460915165941', '19.364755675669787,-99.25998477069902', 45.00, 194.00, 239.00, 1, NULL, '2018-07-10 19:04:47', '2018-07-10 19:04:50'),(4, 4, 990, 222, '2018/07/10/4/yoU6DJ.png', '00:03:21', '00:00:04', '00:00:08', '00:51:02', '00:35:04', '00:40:30', 23.95, 20.06, 21.67, '19.36651608746148,-99.14484306347657', '19.478869324210084,-99.07343193066407', 45.00, 160.00, 205.00, 1, NULL, '2018-07-10 19:11:07', '2018-07-10 19:11:09'),(5, 6, 990, 222, '2018/07/10/6/KGqug8.png', '00:14:08', '00:00:58', '00:00:00', '00:48:54', '00:41:26', '00:44:50', 27.05, 25.44, 26.03, '19.43049095317353,-99.2177062700095', '19.478869324210084,-99.07343193066407', 45.00, 192.00, 237.00, 2, NULL, '2018-07-10 19:26:46', '2018-07-10 19:26:48'),(6, 5, 992, 222, '2018/07/10/5/wmZ4Vu.png', '01:14:02', '00:55:26', '00:55:26', '01:02:37', '00:52:59', '00:59:03', 35.39, 27.21, 30.07, '19.319220359813787,-99.03978630078126', '19.382386237745138,-99.20767112744142', 45.00, 371.00, 416.00, 2, NULL, '2018-07-10 20:22:48', '2018-07-10 20:22:50'),(7, 12, 990, 222, '2018/07/10/12/L6tZrI.png', '01:08:44', '00:56:52', '00:56:52', '01:01:22', '00:59:08', '00:59:57', 28.06, 24.29, 25.63, '19.319220359813787,-99.03978630078126', '19.478869324210084,-99.07343193066407', 45.00, 317.50, 362.50, 2, NULL, '2018-07-10 20:22:58', '2018-07-10 20:23:00'),(8, 8, 990, 222, '2018/07/10/8/YyMxsi.png', '01:10:29', '00:56:01', '00:56:01', '00:41:37', '00:39:35', '00:40:42', 24.28, 20.53, 22.93, '19.35096831949686,-99.1850118256836', '19.374289415439375,-99.04665275585938', 45.00, 315.50, 360.50, 2, NULL, '2018-07-10 20:23:07', '2018-07-10 20:23:09'),(9, 7, 990, 222, '2018/07/10/7/DsrNtF.png', '01:28:18', '01:13:07', '01:13:07', '00:26:30', '00:24:13', '00:25:36', 11.09, 8.89, 9.81, '19.36651608746148,-99.14484306347657', '19.382386237745138,-99.20767112744142', 45.00, 224.00, 269.00, 2, NULL, '2018-07-10 20:40:22', '2018-07-10 20:40:23'),(10, 9, 990, 222, '2018/07/10/9/BoCIKw.png', '01:41:40', '01:28:11', '01:28:11', '00:28:28', '00:26:27', '00:27:10', 9.07, 7.44, 8.48, '19.39281184182015,-99.17357900735158', '19.434431316050983,-99.14209822048713', 45.00, 245.50, 290.50, 2, NULL, '2018-07-10 20:54:38', '2018-07-10 20:54:41'),(11, 14, 990, 222, '2018/07/10/14/pHSvnk.png', '00:57:35', '00:00:08', '00:39:10', '00:31:05', '00:28:40', '00:29:37', 12.53, 9.84, 10.91, '19.36651608746148,-99.14484306347657', '19.435791574839495,-99.15643131494005', 45.00, 72.00, 117.00, 2, NULL, '2018-07-10 21:01:50', '2018-07-10 21:01:52'),(12, 13, 990, 222, '2018/07/10/13/zMWtqN.png', '02:14:00', '02:06:58', '02:06:57', '00:23:09', '00:22:00', '00:22:38', 8.74, 7.30, 8.22, '19.35096831949686,-99.1850118256836', '19.382386237745138,-99.20767112744142', 45.00, 332.50, 377.50, 2, NULL, '2018-07-10 21:32:57', '2018-07-10 21:32:59'),(13, 16, 990, 222, '2018/07/11/16/s20J5h.png', '00:00:12', '00:02:22', '00:11:09', '00:31:28', '00:29:23', '00:30:36', 10.39, 8.00, 9.59, '19.37186029027638,-99.15565773022462', '19.427512648927067,-99.16701802197218', 45.00, 56.00, 101.00, 2, NULL, '2018-07-11 13:52:09', '2018-07-11 13:52:11'),(14, 17, 990, 222, '2018/07/11/17/9v6gxy.png', '00:16:15', '00:11:45', '00:30:43', '00:27:45', '00:24:58', '00:26:35', 14.84, 9.24, 12.87, '19.437757702092647,-99.20183464062501', '19.426104934753752,-99.13591142417363', 45.00, 93.00, 138.00, 2, NULL, '2018-07-11 14:55:24', '2018-07-11 14:55:26'),(15, 18, 990, 222, '2018/07/11/18/1VcUO2.png', '00:01:29', '00:04:16', '00:59:18', '00:34:41', '00:31:03', '00:32:50', 17.42, 14.17, 15.58, '19.41185527063916,-99.17333885205079', '19.37526105536472,-99.0912847138672', 45.00, 112.00, 157.00, 2, NULL, '2018-07-11 15:12:21', '2018-07-11 15:12:22'),(16, 20, 990, 222, '2018/07/11/20/Rqa3Bi.png', '00:49:53', '00:07:08', '00:45:12', '00:28:24', '00:24:12', '00:26:33', 7.41, 6.56, 7.01, '19.41606469671144,-99.15788932812501', '19.454915787837205,-99.17848869335938', 45.00, 32.00, 77.00, 2, NULL, '2018-07-11 16:04:08', '2018-07-11 16:04:10'),(17, 22, 122, 222, '2018/07/11/22/LM0ZrR.png', '00:35:46', '00:00:00', '00:00:00', '00:37:06', '00:28:54', '00:32:39', 18.57, 14.45, 17.15, '19.42869232083594,-99.13317008984376', '19.467540390073218,-99.04699607861329', 45.00, 120.00, 165.00, 2, NULL, '2018-07-11 16:50:54', '2018-07-11 16:50:56'),(18, 21, 29, 222, '2018/07/11/21/YjpNA5.png', '00:00:14', '00:00:10', '01:49:54', '00:46:33', '00:40:06', '00:42:39', 23.59, 20.98, 22.18, '19.443585179924654,-99.17385383618165', '19.38335782937492,-99.08167167675782', 45.00, 160.00, 205.00, 2, NULL, '2018-07-11 17:12:04', '2018-07-11 17:12:05'),(19, 23, 122, 222, '2018/07/11/23/C6fDoZ.png', '00:25:29', '00:25:12', '00:25:12', '00:11:18', '00:10:08', '00:10:46', 3.11, 2.44, 2.88, '19.43485261729395,-99.21193953213913', '19.433386956447286,-99.19548316967774', 45.00, 40.00, 85.00, 2, NULL, '2018-07-11 18:13:50', '2018-07-11 18:13:51'),(20, 24, 122, 222, '2018/07/11/24/PbXFTD.png', '00:03:02', '00:00:07', '00:53:33', '00:42:16', '00:42:16', '00:42:16', 30.43, 30.43, 30.43, '19.42254052397129,-99.14278312695313', '19.290923885284656,-98.94482591696476', 45.00, 216.00, 261.00, 2, NULL, '2018-07-11 19:54:28', '2018-07-11 19:54:28'),(21, 27, 1052, 222, '2018/07/11/27/Ab8IVB.png', '00:12:35', '00:05:18', '00:12:37', '00:26:36', '00:25:01', '00:25:59', 14.60, 13.90, 14.19, '19.428300158793846,-99.20484847790988', '19.36000089042251,-99.28124916139427', 45.00, 88.00, 133.00, 2, NULL, '2018-07-11 20:26:41', '2018-07-11 20:26:43'),(22, 28, 1021, 222, '2018/07/11/28/XLhWT1.png', '00:09:22', '00:15:46', '00:02:09', '00:36:19', '00:32:45', '00:35:05', 21.41, 19.82, 20.62, '19.428654285601095,-99.20528299577029', '19.516130651414755,-99.1600426168198', 45.00, 159.00, 204.00, 2, NULL, '2018-07-11 20:26:48', '2018-07-11 20:26:49'),(23, 29, 1052, 222, '2018/07/11/29/TGDWZg.png', '00:04:37', '00:05:44', '00:12:08', '00:32:05', '00:29:16', '00:30:58', 20.06, 18.72, 19.47, '19.42859357820326,-99.20526153809817', '19.305424474985784,-99.24206656190188', 45.00, 136.00, 181.00, 2, NULL, '2018-07-11 20:26:53', '2018-07-11 20:26:55'),(24, 31, 1052, 222, '2018/07/11/31/94uzy2.png', '00:02:39', '00:07:33', '00:05:54', '00:44:37', '00:35:56', '00:40:17', 27.15, 21.13, 24.14, '19.42838616108944,-99.20489139325412', '19.404505100319838,-99.05033269066558', 45.00, 192.00, 237.00, 2, NULL, '2018-07-11 20:27:00', '2018-07-11 20:27:01'),(25, 30, 1052, 222, '2018/07/11/30/Ob4tH9.png', '00:01:54', '00:05:07', '00:13:17', '01:08:29', '00:58:56', '01:02:59', 43.68, 41.68, 42.59, '19.428360866301347,-99.2049235797623', '19.28711959636958,-99.01458260370487', 45.00, 320.00, 365.00, 2, NULL, '2018-07-11 20:27:29', '2018-07-11 20:27:31'),(26, 26, 1023, 222, '2018/07/11/26/IV7W5F.png', '00:32:24', '00:13:17', '00:00:28', '01:15:25', '01:02:01', '01:08:31', 72.66, 50.42, 59.62, '19.428396279003568,-99.2049074865082', '19.65286001338025,-98.89758081020204', 45.00, 562.00, 607.00, 2, NULL, '2018-07-11 20:27:36', '2018-07-11 20:27:38'),(27, 32, 1052, 222, '2018/07/22/32/2DENmY.png', '04:09:10', '00:00:00', '00:00:00', '00:34:15', '00:26:52', '00:31:47', 19.10, 11.04, 15.09, '19.433008600570297,-99.21415566629315', '19.428368547861062,-99.13351341259767', 45.00, 230.50, 275.50, 1, NULL, '2018-07-22 17:08:41', '2018-07-22 17:08:43');
UNLOCK TABLES;
COMMIT;
